student_id,password,full_name,email,phone,role
21127100,123456,Lâm Hoàng Cường,sv21127100@student.edu.vn,0979787531,STUDENT
21127101,123456,Huỳnh Anh Nhật,sv21127101@student.edu.vn,0930618902,STUDENT
21127102,123456,Hồ Anh Trinh,sv21127102@student.edu.vn,0995983082,STUDENT
21127103,123456,Vũ Thu Inh,sv21127103@student.edu.vn,0995194009,STUDENT
21127104,123456,Nguyễn Thị Giang,sv21127104@student.edu.vn,0970631635,STUDENT
21127105,123456,Hồ Ngọc Yến,sv21127105@student.edu.vn,0915197587,STUDENT
21127106,123456,Phạm Thiện Duy,sv21127106@student.edu.vn,0916097124,STUDENT
21127107,123456,Bùi Tuấn Thắng,sv21127107@student.edu.vn,0931908381,STUDENT
21127108,123456,Hồ Hải Tài,sv21127108@student.edu.vn,0993697254,STUDENT
21127109,123456,Mai Ngọc Em,sv21127109@student.edu.vn,0977934257,STUDENT
21127110,123456,Hoàng Tuấn Trung,sv21127110@student.edu.vn,0988787748,STUDENT
21127111,123456,Huỳnh Quốc Lộc,sv21127111@student.edu.vn,0997412267,STUDENT
21127112,123456,Đặng Trung Lộc,sv21127112@student.edu.vn,0981253431,STUDENT
21127113,123456,Cao Hải Phong,sv21127113@student.edu.vn,0945540400,STUDENT
21127114,123456,Phan Kim Vinh,sv21127114@student.edu.vn,0923859163,STUDENT
21127115,123456,Đặng Phương Cường,sv21127115@student.edu.vn,0944601902,STUDENT
21127116,123456,Võ Văn Nga,sv21127116@student.edu.vn,0921844756,STUDENT
21127117,123456,Phạm Minh Cường,sv21127117@student.edu.vn,0939281106,STUDENT
21127118,123456,Phạm Quang Kiệt,sv21127118@student.edu.vn,0951936322,STUDENT
21127119,123456,Bùi Anh Vân,sv21127119@student.edu.vn,0942180114,STUDENT
21127120,123456,Đoàn Thu Lan,sv21127120@student.edu.vn,0971389669,STUDENT
21127121,123456,Mai Duy Uyên,sv21127121@student.edu.vn,0975971158,STUDENT
21127122,123456,Võ Hoàng Phong,sv21127122@student.edu.vn,0958378498,STUDENT
21127123,123456,Hà Nhật Hiếu,sv21127123@student.edu.vn,0920775454,STUDENT
21127124,123456,Lý Ngọc Lan,sv21127124@student.edu.vn,0986392037,STUDENT
21127125,123456,Tạ Phương Yến,sv21127125@student.edu.vn,0968216720,STUDENT
21127126,123456,Bùi Quốc Kiệt,sv21127126@student.edu.vn,0963905154,STUDENT
21127127,123456,Cao Gia Bình,sv21127127@student.edu.vn,0968375378,STUDENT
21127128,123456,Nguyễn Hữu Nhật,sv21127128@student.edu.vn,0966180865,STUDENT
21127129,123456,Trần Minh Minh,sv21127129@student.edu.vn,0948614295,STUDENT
21127130,123456,Ngô Minh Quân,sv21127130@student.edu.vn,0985136965,STUDENT
21127131,123456,Cao Văn Trinh,sv21127131@student.edu.vn,0947744799,STUDENT
21127132,123456,Hồ Hoàng Quân,sv21127132@student.edu.vn,0922019668,STUDENT
21127133,123456,Hà Phương Uyên,sv21127133@student.edu.vn,0998654383,STUDENT
21127134,123456,Dương Minh Phúc,sv21127134@student.edu.vn,0985337176,STUDENT
21127135,123456,Đinh Trung Yến,sv21127135@student.edu.vn,0964176246,STUDENT
21127136,123456,Đặng Gia Quân,sv21127136@student.edu.vn,0924098510,STUDENT
21127137,123456,Võ Xuân Cường,sv21127137@student.edu.vn,0918060224,STUDENT
21127138,123456,Phan Thiện Tài,sv21127138@student.edu.vn,0911307887,STUDENT
21127139,123456,Bùi Nhật Toàn,sv21127139@student.edu.vn,0952813064,STUDENT
21127140,123456,Đinh Hoàng Đạt,sv21127140@student.edu.vn,0925493801,STUDENT
21127141,123456,Vũ Thu Huy,sv21127141@student.edu.vn,0988783691,STUDENT
21127142,123456,Trịnh Quốc Toàn,sv21127142@student.edu.vn,0980300231,STUDENT
21127143,123456,Trần Kim Lan,sv21127143@student.edu.vn,0954950907,STUDENT
21127144,123456,Ngô Thanh Uyên,sv21127144@student.edu.vn,0936380170,STUDENT
21127145,123456,Ngô Ngọc Bình,sv21127145@student.edu.vn,0995615805,STUDENT
21127146,123456,Vũ Nhật Khánh,sv21127146@student.edu.vn,0941847272,STUDENT
21127147,123456,Bùi Quang Lộc,sv21127147@student.edu.vn,0922913659,STUDENT
21127148,123456,Đặng Gia Phát,sv21127148@student.edu.vn,0954793587,STUDENT
21127149,123456,Đinh Xuân Minh,sv21127149@student.edu.vn,0921315196,STUDENT
21127150,123456,Đỗ Thanh Hà,sv21127150@student.edu.vn,0988397533,STUDENT
21127151,123456,Vũ Nhật Thành,sv21127151@student.edu.vn,0914844670,STUDENT
21127152,123456,Đặng Bảo Trang,sv21127152@student.edu.vn,0962042630,STUDENT
21127153,123456,Trịnh Hoàng Lộc,sv21127153@student.edu.vn,0923903459,STUDENT
21127154,123456,Ngô Quang Nga,sv21127154@student.edu.vn,0979517166,STUDENT
21127155,123456,Nguyễn Thu Khoa,sv21127155@student.edu.vn,0980035226,STUDENT
21127156,123456,Trịnh Tuấn Trang,sv21127156@student.edu.vn,0943056475,STUDENT
21127157,123456,Nguyễn Hồng Linh,sv21127157@student.edu.vn,0911057085,STUDENT
21127158,123456,Đặng Hải Duy,sv21127158@student.edu.vn,0997886977,STUDENT
21127159,123456,Trần Quốc Quân,sv21127159@student.edu.vn,0979878985,STUDENT
21127160,123456,Đỗ Nhật Toàn,sv21127160@student.edu.vn,0946589324,STUDENT
21127161,123456,Đặng Xuân Yến,sv21127161@student.edu.vn,0949177484,STUDENT
21127162,123456,Cao Hải Kiệt,sv21127162@student.edu.vn,0969361602,STUDENT
21127163,123456,Tạ Xuân Quân,sv21127163@student.edu.vn,0961253078,STUDENT
21127164,123456,Đinh Trung Rạng,sv21127164@student.edu.vn,0963252907,STUDENT
21127165,123456,Lê Ngọc Phong,sv21127165@student.edu.vn,0927490259,STUDENT
21127166,123456,Lâm Thu Bình,sv21127166@student.edu.vn,0942487587,STUDENT
21127167,123456,Hoàng Hải Giang,sv21127167@student.edu.vn,0941759725,STUDENT
21127168,123456,Ngô Ngọc Thảo,sv21127168@student.edu.vn,0915432855,STUDENT
21127169,123456,Cao Phương Trung,sv21127169@student.edu.vn,0992634917,STUDENT
21127170,123456,Phan Kim Thắng,sv21127170@student.edu.vn,0963498396,STUDENT
21127171,123456,Vũ Gia Tài,sv21127171@student.edu.vn,0911743074,STUDENT
21127172,123456,Võ Đức An,sv21127172@student.edu.vn,0924359250,STUDENT
21127173,123456,Đinh Hồng Minh,sv21127173@student.edu.vn,0987942456,STUDENT
21127174,123456,Mai Trung Linh,sv21127174@student.edu.vn,0956425973,STUDENT
21127175,123456,Phan Phương Bình,sv21127175@student.edu.vn,0929010942,STUDENT
21127176,123456,Đỗ Văn Long,sv21127176@student.edu.vn,0926155093,STUDENT
21127177,123456,Dương Thiện Kiệt,sv21127177@student.edu.vn,0948700948,STUDENT
21127178,123456,Đoàn Văn Tài,sv21127178@student.edu.vn,0983347226,STUDENT
21127179,123456,Trịnh Tuấn Hiếu,sv21127179@student.edu.vn,0936113330,STUDENT
21127180,123456,Hà Duy Thắng,sv21127180@student.edu.vn,0978933227,STUDENT
21127181,123456,Bùi Thanh Inh,sv21127181@student.edu.vn,0920449219,STUDENT
21127182,123456,Vũ Phương Uyên,sv21127182@student.edu.vn,0998025337,STUDENT
21127183,123456,Cao Anh Lan,sv21127183@student.edu.vn,0994008517,STUDENT
21127184,123456,Trịnh Thanh Trang,sv21127184@student.edu.vn,0966531096,STUDENT
21127185,123456,Đinh Phương Rạng,sv21127185@student.edu.vn,0968945390,STUDENT
21127186,123456,Lý Tuấn Lan,sv21127186@student.edu.vn,0969428320,STUDENT
21127187,123456,Trịnh Bảo Sơn,sv21127187@student.edu.vn,0933230160,STUDENT
21127188,123456,Lâm Duy Khoa,sv21127188@student.edu.vn,0959618630,STUDENT
21127189,123456,Tạ Nhật Trí,sv21127189@student.edu.vn,0937907521,STUDENT
21127190,123456,Tạ Văn Xuân,sv21127190@student.edu.vn,0947588675,STUDENT
21127191,123456,Hoàng Đức Quân,sv21127191@student.edu.vn,0983525601,STUDENT
21127192,123456,Đoàn Tuấn Trinh,sv21127192@student.edu.vn,0927423603,STUDENT
21127193,123456,Cao Trung Bình,sv21127193@student.edu.vn,0926256770,STUDENT
21127194,123456,Đặng Duy Lan,sv21127194@student.edu.vn,0969572969,STUDENT
21127195,123456,Dương Xuân Thành,sv21127195@student.edu.vn,0987593755,STUDENT
21127196,123456,Lâm Thanh Nga,sv21127196@student.edu.vn,0928226111,STUDENT
21127197,123456,Trần Thiện Trinh,sv21127197@student.edu.vn,0918132983,STUDENT
21127198,123456,Huỳnh Hải Quân,sv21127198@student.edu.vn,0946590558,STUDENT
21127199,123456,Cao Hoàng Rạng,sv21127199@student.edu.vn,0967787669,STUDENT
21127200,123456,Lâm Kim Tài,sv21127200@student.edu.vn,0937610523,STUDENT
21127201,123456,Huỳnh Hải Quân,sv21127201@student.edu.vn,0922201524,STUDENT
21127202,123456,Nguyễn Nhật Cường,sv21127202@student.edu.vn,0920647558,STUDENT
21127203,123456,Phạm Phương Uyên,sv21127203@student.edu.vn,0925138719,STUDENT
21127204,123456,Hồ Tuấn Tài,sv21127204@student.edu.vn,0920486282,STUDENT
21127205,123456,Phan Ngọc Rạng,sv21127205@student.edu.vn,0961389080,STUDENT
21127206,123456,Hà Anh Thảo,sv21127206@student.edu.vn,0965439172,STUDENT
21127207,123456,Trịnh Văn Trinh,sv21127207@student.edu.vn,0957714800,STUDENT
21127208,123456,Mai Xuân Thảo,sv21127208@student.edu.vn,0966945986,STUDENT
21127209,123456,Lê Quang Trung,sv21127209@student.edu.vn,0911626650,STUDENT
21127210,123456,Đoàn Thị Thắng,sv21127210@student.edu.vn,0926879746,STUDENT
21127211,123456,Vũ Thị Lộc,sv21127211@student.edu.vn,0945482837,STUDENT
21127212,123456,Hà Duy Yến,sv21127212@student.edu.vn,0936202292,STUDENT
21127213,123456,Trần Nhật Nam,sv21127213@student.edu.vn,0923712766,STUDENT
21127214,123456,Dương Tuấn Long,sv21127214@student.edu.vn,0960113203,STUDENT
21127215,123456,Phan Thị Tùng,sv21127215@student.edu.vn,0934686565,STUDENT
21127216,123456,Đoàn Ngọc Em,sv21127216@student.edu.vn,0964067136,STUDENT
21127217,123456,Phan Trung Nhật,sv21127217@student.edu.vn,0958807194,STUDENT
21127218,123456,Dương Hồng Tùng,sv21127218@student.edu.vn,0967035550,STUDENT
21127219,123456,Dương Hoàng Nam,sv21127219@student.edu.vn,0978405855,STUDENT
21127220,123456,Ngô Quốc Phát,sv21127220@student.edu.vn,0911553823,STUDENT
21127221,123456,Nguyễn Thiện Hương,sv21127221@student.edu.vn,0930206220,STUDENT
21127222,123456,Hồ Phương Cường,sv21127222@student.edu.vn,0994583582,STUDENT
21127223,123456,Mai Thanh Lộc,sv21127223@student.edu.vn,0973032684,STUDENT
21127224,123456,Vũ Gia Hà,sv21127224@student.edu.vn,0918897059,STUDENT
21127225,123456,Đinh Thu Phong,sv21127225@student.edu.vn,0943000606,STUDENT
21127226,123456,Tạ Tuấn Trung,sv21127226@student.edu.vn,0928565109,STUDENT
21127227,123456,Bùi Thanh Khoa,sv21127227@student.edu.vn,0937844153,STUDENT
21127228,123456,Mai Thu An,sv21127228@student.edu.vn,0970113600,STUDENT
21127229,123456,Mai Thiện Uyên,sv21127229@student.edu.vn,0913596009,STUDENT
21127230,123456,Trịnh Minh Trinh,sv21127230@student.edu.vn,0971030412,STUDENT
21127231,123456,Phạm Hải Phong,sv21127231@student.edu.vn,0953942407,STUDENT
21127232,123456,Võ Thu Tâm,sv21127232@student.edu.vn,0921860390,STUDENT
21127233,123456,Cao Xuân Phúc,sv21127233@student.edu.vn,0919105654,STUDENT
21127234,123456,Tạ Gia Huy,sv21127234@student.edu.vn,0938522173,STUDENT
21127235,123456,Lê Tuấn Hiếu,sv21127235@student.edu.vn,0991268009,STUDENT
21127236,123456,Ngô Thu Thảo,sv21127236@student.edu.vn,0959107768,STUDENT
21127237,123456,Đinh Duy Kiệt,sv21127237@student.edu.vn,0935530608,STUDENT
21127238,123456,Tạ Minh Hùng,sv21127238@student.edu.vn,0920655773,STUDENT
21127239,123456,Trần Ngọc Trí,sv21127239@student.edu.vn,0924497526,STUDENT
21127240,123456,Dương Hữu Nga,sv21127240@student.edu.vn,0967784410,STUDENT
21127241,123456,Lâm Đức Bình,sv21127241@student.edu.vn,0957152829,STUDENT
21127242,123456,Vũ Thu Minh,sv21127242@student.edu.vn,0968156226,STUDENT
21127243,123456,Ngô Thu Xuân,sv21127243@student.edu.vn,0921879472,STUDENT
21127244,123456,Lâm Kim Tùng,sv21127244@student.edu.vn,0936859929,STUDENT
21127245,123456,Vũ Hữu Yến,sv21127245@student.edu.vn,0983406031,STUDENT
21127246,123456,Hồ Nhật Vinh,sv21127246@student.edu.vn,0940112200,STUDENT
21127247,123456,Đỗ Thu An,sv21127247@student.edu.vn,0988829140,STUDENT
21127248,123456,Hoàng Quốc Tùng,sv21127248@student.edu.vn,0975107404,STUDENT
21127249,123456,Huỳnh Tuấn Uyên,sv21127249@student.edu.vn,0936256515,STUDENT
21127250,123456,Lý Hữu Linh,sv21127250@student.edu.vn,0981611963,STUDENT
21127251,123456,Lý Hữu Hiếu,sv21127251@student.edu.vn,0980775644,STUDENT
21127252,123456,Võ Thiện Trang,sv21127252@student.edu.vn,0988104287,STUDENT
21127253,123456,Tạ Phương Giang,sv21127253@student.edu.vn,0930936724,STUDENT
21127254,123456,Huỳnh Đức Duy,sv21127254@student.edu.vn,0933730439,STUDENT
21127255,123456,Đoàn Văn Kiệt,sv21127255@student.edu.vn,0995171290,STUDENT
21127256,123456,Cao Trung An,sv21127256@student.edu.vn,0967197075,STUDENT
21127257,123456,Mai Gia Trí,sv21127257@student.edu.vn,0978284780,STUDENT
21127258,123456,Đỗ Hữu Đạt,sv21127258@student.edu.vn,0975935624,STUDENT
21127259,123456,Dương Thiện Bình,sv21127259@student.edu.vn,0991446439,STUDENT
21127260,123456,Huỳnh Kim Phong,sv21127260@student.edu.vn,0994256348,STUDENT
21127261,123456,Tạ Quang Trí,sv21127261@student.edu.vn,0979171778,STUDENT
21127262,123456,Đỗ Hồng Trinh,sv21127262@student.edu.vn,0963968164,STUDENT
21127263,123456,Đinh Duy Đạt,sv21127263@student.edu.vn,0990653915,STUDENT
21127264,123456,Ngô Thị Nam,sv21127264@student.edu.vn,0931357348,STUDENT
21127265,123456,Đoàn Xuân Phong,sv21127265@student.edu.vn,0985124683,STUDENT
21127266,123456,Bùi Minh Giang,sv21127266@student.edu.vn,0945131526,STUDENT
21127267,123456,Đinh Phương Xuân,sv21127267@student.edu.vn,0965123537,STUDENT
21127268,123456,Phan Thanh Khánh,sv21127268@student.edu.vn,0982237076,STUDENT
21127269,123456,Mai Anh Vân,sv21127269@student.edu.vn,0935098043,STUDENT
21127270,123456,Phan Hữu Trinh,sv21127270@student.edu.vn,0990771664,STUDENT
21127271,123456,Lâm Nhật Phát,sv21127271@student.edu.vn,0953191022,STUDENT
21127272,123456,Hồ Phương Hương,sv21127272@student.edu.vn,0910844350,STUDENT
21127273,123456,Đinh Thị Long,sv21127273@student.edu.vn,0933712737,STUDENT
21127274,123456,Hà Gia Yến,sv21127274@student.edu.vn,0981413887,STUDENT
21127275,123456,Nguyễn Bảo Bình,sv21127275@student.edu.vn,0945712848,STUDENT
21127276,123456,Đỗ Quốc Uyên,sv21127276@student.edu.vn,0952181415,STUDENT
21127277,123456,Đinh Thanh Tài,sv21127277@student.edu.vn,0953935978,STUDENT
21127278,123456,Mai Hải Vân,sv21127278@student.edu.vn,0989882787,STUDENT
21127279,123456,Lâm Trung Nhật,sv21127279@student.edu.vn,0957469726,STUDENT
21127280,123456,Vũ Phương Trang,sv21127280@student.edu.vn,0949801503,STUDENT
21127281,123456,Đoàn Tuấn Sơn,sv21127281@student.edu.vn,0978169743,STUDENT
21127282,123456,Mai Quang Oanh,sv21127282@student.edu.vn,0929151801,STUDENT
21127283,123456,Vũ Quang Khánh,sv21127283@student.edu.vn,0995267266,STUDENT
21127284,123456,Mai Xuân Khánh,sv21127284@student.edu.vn,0940768557,STUDENT
21127285,123456,Ngô Minh Hà,sv21127285@student.edu.vn,0939860524,STUDENT
21127286,123456,Vũ Đức Vinh,sv21127286@student.edu.vn,0943952280,STUDENT
21127287,123456,Dương Trung Đạt,sv21127287@student.edu.vn,0998038636,STUDENT
21127288,123456,Trịnh Thiện Bảo,sv21127288@student.edu.vn,0939330863,STUDENT
21127289,123456,Cao Thu Cường,sv21127289@student.edu.vn,0935851541,STUDENT
21127290,123456,Đoàn Hải Phát,sv21127290@student.edu.vn,0968694536,STUDENT
21127291,123456,Lâm Quốc Kiệt,sv21127291@student.edu.vn,0959671263,STUDENT
21127292,123456,Tạ Đức Tâm,sv21127292@student.edu.vn,0965357160,STUDENT
21127293,123456,Phạm Văn Thắng,sv21127293@student.edu.vn,0947888248,STUDENT
21127294,123456,Võ Hoàng Cường,sv21127294@student.edu.vn,0993345851,STUDENT
21127295,123456,Đỗ Hữu Xuân,sv21127295@student.edu.vn,0968055764,STUDENT
21127296,123456,Huỳnh Thị Thành,sv21127296@student.edu.vn,0933115048,STUDENT
21127297,123456,Đặng Hồng Huy,sv21127297@student.edu.vn,0981110629,STUDENT
21127298,123456,Nguyễn Bảo Rạng,sv21127298@student.edu.vn,0965635912,STUDENT
21127299,123456,Tạ Bảo Uyên,sv21127299@student.edu.vn,0969355016,STUDENT
21127300,123456,Hồ Minh Rạng,sv21127300@student.edu.vn,0985549471,STUDENT
21127301,123456,Huỳnh Đức Linh,sv21127301@student.edu.vn,0970848910,STUDENT
21127302,123456,Đoàn Văn Hương,sv21127302@student.edu.vn,0916830170,STUDENT
21127303,123456,Đỗ Hồng Uyên,sv21127303@student.edu.vn,0991871317,STUDENT
21127304,123456,Cao Bảo Đạt,sv21127304@student.edu.vn,0951408603,STUDENT
21127305,123456,Bùi Kim Inh,sv21127305@student.edu.vn,0963901230,STUDENT
21127306,123456,Phan Văn Phát,sv21127306@student.edu.vn,0919396395,STUDENT
21127307,123456,Trịnh Thiện An,sv21127307@student.edu.vn,0957875538,STUDENT
21127308,123456,Mai Tuấn Hiếu,sv21127308@student.edu.vn,0970778002,STUDENT
21127309,123456,Dương Hoàng Trang,sv21127309@student.edu.vn,0953789658,STUDENT
21127310,123456,Tạ Bảo Hiếu,sv21127310@student.edu.vn,0934958110,STUDENT
21127311,123456,Hoàng Bảo Cường,sv21127311@student.edu.vn,0927075424,STUDENT
21127312,123456,Dương Thanh Duy,sv21127312@student.edu.vn,0924607762,STUDENT
21127313,123456,Huỳnh Thu Oanh,sv21127313@student.edu.vn,0968453765,STUDENT
21127314,123456,Phan Phương Bảo,sv21127314@student.edu.vn,0993812361,STUDENT
21127315,123456,Vũ Nhật Nga,sv21127315@student.edu.vn,0959734384,STUDENT
21127316,123456,Huỳnh Quốc An,sv21127316@student.edu.vn,0980912922,STUDENT
21127317,123456,Hà Anh Hùng,sv21127317@student.edu.vn,0928076748,STUDENT
21127318,123456,Võ Quang Oanh,sv21127318@student.edu.vn,0937917021,STUDENT
21127319,123456,Đoàn Hồng Khánh,sv21127319@student.edu.vn,0960076486,STUDENT
21127320,123456,Trần Hoàng Minh,sv21127320@student.edu.vn,0996586238,STUDENT
21127321,123456,Phạm Thị Quân,sv21127321@student.edu.vn,0949634465,STUDENT
21127322,123456,Nguyễn Thiện Duy,sv21127322@student.edu.vn,0931697377,STUDENT
21127323,123456,Hoàng Hải Thành,sv21127323@student.edu.vn,0954069217,STUDENT
21127324,123456,Tạ Quang Oanh,sv21127324@student.edu.vn,0925281129,STUDENT
21127325,123456,Đoàn Thị Uyên,sv21127325@student.edu.vn,0953502201,STUDENT
21127326,123456,Hoàng Bảo Khánh,sv21127326@student.edu.vn,0954177426,STUDENT
21127327,123456,Võ Kim Trinh,sv21127327@student.edu.vn,0987930572,STUDENT
21127328,123456,Huỳnh Văn Giang,sv21127328@student.edu.vn,0974485206,STUDENT
21127329,123456,Hà Ngọc Nga,sv21127329@student.edu.vn,0926954535,STUDENT
21127330,123456,Hà Thị Sơn,sv21127330@student.edu.vn,0932638391,STUDENT
21127331,123456,Dương Thị Hương,sv21127331@student.edu.vn,0921519138,STUDENT
21127332,123456,Nguyễn Duy Uyên,sv21127332@student.edu.vn,0994283726,STUDENT
21127333,123456,Phan Bảo Inh,sv21127333@student.edu.vn,0991657895,STUDENT
21127334,123456,Hà Quốc Huy,sv21127334@student.edu.vn,0991677267,STUDENT
21127335,123456,Hà Phương Xuân,sv21127335@student.edu.vn,0991157838,STUDENT
21127336,123456,Hồ Thanh Thảo,sv21127336@student.edu.vn,0976758139,STUDENT
21127337,123456,Cao Anh Giang,sv21127337@student.edu.vn,0919113220,STUDENT
21127338,123456,Nguyễn Tuấn Yến,sv21127338@student.edu.vn,0971474836,STUDENT
21127339,123456,Huỳnh Anh Phát,sv21127339@student.edu.vn,0925845821,STUDENT
21127340,123456,Trần Thu Quân,sv21127340@student.edu.vn,0980592057,STUDENT
21127341,123456,Trần Gia Em,sv21127341@student.edu.vn,0944181211,STUDENT
21127342,123456,Hà Quang Tài,sv21127342@student.edu.vn,0995417070,STUDENT
21127343,123456,Lý Tuấn Tùng,sv21127343@student.edu.vn,0952416009,STUDENT
21127344,123456,Dương Nhật Oanh,sv21127344@student.edu.vn,0975766609,STUDENT
21127345,123456,Hồ Anh Yến,sv21127345@student.edu.vn,0993782840,STUDENT
21127346,123456,Hồ Thu Nam,sv21127346@student.edu.vn,0954410480,STUDENT
21127347,123456,Trịnh Ngọc Trí,sv21127347@student.edu.vn,0996875353,STUDENT
21127348,123456,Bùi Trung Xuân,sv21127348@student.edu.vn,0991222025,STUDENT
21127349,123456,Huỳnh Anh Phúc,sv21127349@student.edu.vn,0927147291,STUDENT
21127350,123456,Vũ Quốc Lan,sv21127350@student.edu.vn,0996091333,STUDENT
21127351,123456,Đoàn Hồng Sơn,sv21127351@student.edu.vn,0948111082,STUDENT
21127352,123456,Trần Hồng Minh,sv21127352@student.edu.vn,0936111585,STUDENT
21127353,123456,Dương Quốc Bảo,sv21127353@student.edu.vn,0998837831,STUDENT
21127354,123456,Hoàng Ngọc Inh,sv21127354@student.edu.vn,0920861980,STUDENT
21127355,123456,Đỗ Minh Trinh,sv21127355@student.edu.vn,0956912768,STUDENT
21127356,123456,Trần Phương Linh,sv21127356@student.edu.vn,0944323005,STUDENT
21127357,123456,Nguyễn Phương Quân,sv21127357@student.edu.vn,0946580103,STUDENT
21127358,123456,Huỳnh Kim Toàn,sv21127358@student.edu.vn,0923524201,STUDENT
21127359,123456,Cao Anh Em,sv21127359@student.edu.vn,0979937488,STUDENT
21127360,123456,Huỳnh Hồng Toàn,sv21127360@student.edu.vn,0931558653,STUDENT
21127361,123456,Hà Bảo Minh,sv21127361@student.edu.vn,0934219631,STUDENT
21127362,123456,Hồ Văn Cường,sv21127362@student.edu.vn,0987440942,STUDENT
21127363,123456,Cao Xuân Vân,sv21127363@student.edu.vn,0919451330,STUDENT
21127364,123456,Hà Quốc Toàn,sv21127364@student.edu.vn,0930104540,STUDENT
21127365,123456,Trần Văn Hiếu,sv21127365@student.edu.vn,0997308758,STUDENT
21127366,123456,Cao Hồng Vân,sv21127366@student.edu.vn,0948119101,STUDENT
21127367,123456,Bùi Nhật Xuân,sv21127367@student.edu.vn,0997373344,STUDENT
21127368,123456,Đặng Gia Phong,sv21127368@student.edu.vn,0921583381,STUDENT
21127369,123456,Tạ Văn Tùng,sv21127369@student.edu.vn,0934651831,STUDENT
21127370,123456,Phạm Nhật Nhật,sv21127370@student.edu.vn,0932363068,STUDENT
21127371,123456,Ngô Minh Nga,sv21127371@student.edu.vn,0946781799,STUDENT
21127372,123456,Hồ Hữu Hà,sv21127372@student.edu.vn,0914127551,STUDENT
21127373,123456,Mai Thị Nga,sv21127373@student.edu.vn,0910876240,STUDENT
21127374,123456,Võ Bảo Em,sv21127374@student.edu.vn,0994686617,STUDENT
21127375,123456,Nguyễn Bảo Long,sv21127375@student.edu.vn,0968400759,STUDENT
21127376,123456,Tạ Tuấn Vân,sv21127376@student.edu.vn,0955197225,STUDENT
21127377,123456,Dương Phương Quân,sv21127377@student.edu.vn,0940209934,STUDENT
21127378,123456,Nguyễn Phương Phát,sv21127378@student.edu.vn,0961831275,STUDENT
21127379,123456,Mai Tuấn Rạng,sv21127379@student.edu.vn,0917474904,STUDENT
21127380,123456,Dương Thanh Linh,sv21127380@student.edu.vn,0913885933,STUDENT
21127381,123456,Lý Duy Hùng,sv21127381@student.edu.vn,0955869283,STUDENT
21127382,123456,Lâm Hải Inh,sv21127382@student.edu.vn,0930524312,STUDENT
21127383,123456,Hồ Thiện Trung,sv21127383@student.edu.vn,0960663862,STUDENT
21127384,123456,Vũ Kim Long,sv21127384@student.edu.vn,0922277460,STUDENT
21127385,123456,Đỗ Hải Phong,sv21127385@student.edu.vn,0985122641,STUDENT
21127386,123456,Cao Hữu Inh,sv21127386@student.edu.vn,0930635525,STUDENT
21127387,123456,Hồ Kim Uyên,sv21127387@student.edu.vn,0996281536,STUDENT
21127388,123456,Võ Tuấn Vân,sv21127388@student.edu.vn,0978578304,STUDENT
21127389,123456,Mai Xuân Nam,sv21127389@student.edu.vn,0998619285,STUDENT
21127390,123456,Huỳnh Thiện Tùng,sv21127390@student.edu.vn,0914367416,STUDENT
21127391,123456,Bùi Phương Long,sv21127391@student.edu.vn,0996965030,STUDENT
21127392,123456,Võ Duy Tài,sv21127392@student.edu.vn,0934917973,STUDENT
21127393,123456,Đinh Văn Linh,sv21127393@student.edu.vn,0981238898,STUDENT
21127394,123456,Ngô Duy Quân,sv21127394@student.edu.vn,0913485951,STUDENT
21127395,123456,Lý Thu Rạng,sv21127395@student.edu.vn,0974079780,STUDENT
21127396,123456,Nguyễn Thị Vinh,sv21127396@student.edu.vn,0911186296,STUDENT
21127397,123456,Hà Minh Toàn,sv21127397@student.edu.vn,0961946552,STUDENT
21127398,123456,Phan Minh Tùng,sv21127398@student.edu.vn,0913554425,STUDENT
21127399,123456,Hồ Thanh Long,sv21127399@student.edu.vn,0971649724,STUDENT
21127400,123456,Lý Hữu Thảo,sv21127400@student.edu.vn,0925866278,STUDENT
21127401,123456,Đặng Hoàng Vân,sv21127401@student.edu.vn,0967211194,STUDENT
21127402,123456,Ngô Minh Rạng,sv21127402@student.edu.vn,0977719994,STUDENT
21127403,123456,Tạ Thị Quân,sv21127403@student.edu.vn,0936401649,STUDENT
21127404,123456,Đặng Hoàng Nhật,sv21127404@student.edu.vn,0946513178,STUDENT
21127405,123456,Hồ Hoàng Khoa,sv21127405@student.edu.vn,0993444390,STUDENT
21127406,123456,Lý Thu Hùng,sv21127406@student.edu.vn,0955777435,STUDENT
21127407,123456,Đặng Nhật Khánh,sv21127407@student.edu.vn,0910699698,STUDENT
21127408,123456,Đỗ Quang Xuân,sv21127408@student.edu.vn,0960310484,STUDENT
21127409,123456,Nguyễn Quốc Huy,sv21127409@student.edu.vn,0982571308,STUDENT
21127410,123456,Đoàn Văn Huy,sv21127410@student.edu.vn,0935229894,STUDENT
21127411,123456,Lâm Thu Vinh,sv21127411@student.edu.vn,0951727053,STUDENT
21127412,123456,Vũ Tuấn Huy,sv21127412@student.edu.vn,0953030350,STUDENT
21127413,123456,Ngô Bảo Rạng,sv21127413@student.edu.vn,0983449624,STUDENT
21127414,123456,Đoàn Hữu Toàn,sv21127414@student.edu.vn,0937874330,STUDENT
21127415,123456,Lâm Trung Phúc,sv21127415@student.edu.vn,0924336257,STUDENT
21127416,123456,Nguyễn Hồng Linh,sv21127416@student.edu.vn,0956586131,STUDENT
21127417,123456,Vũ Đức Nam,sv21127417@student.edu.vn,0930404058,STUDENT
21127418,123456,Hoàng Thu Long,sv21127418@student.edu.vn,0937213372,STUDENT
21127419,123456,Ngô Bảo An,sv21127419@student.edu.vn,0946058616,STUDENT
21127420,123456,Trịnh Gia Oanh,sv21127420@student.edu.vn,0923158787,STUDENT
21127421,123456,Đinh Ngọc Sơn,sv21127421@student.edu.vn,0962530238,STUDENT
21127422,123456,Lê Thanh Em,sv21127422@student.edu.vn,0940554628,STUDENT
21127423,123456,Tạ Hải Vân,sv21127423@student.edu.vn,0981135964,STUDENT
21127424,123456,Đỗ Thanh Sơn,sv21127424@student.edu.vn,0981218911,STUDENT
21127425,123456,Phạm Thiện Oanh,sv21127425@student.edu.vn,0957019095,STUDENT
21127426,123456,Cao Quang Thảo,sv21127426@student.edu.vn,0999717308,STUDENT
21127427,123456,Tạ Hữu Inh,sv21127427@student.edu.vn,0978403040,STUDENT
21127428,123456,Nguyễn Nhật Phúc,sv21127428@student.edu.vn,0927630619,STUDENT
21127429,123456,Nguyễn Gia Sơn,sv21127429@student.edu.vn,0918402581,STUDENT
21127430,123456,Đặng Nhật Vinh,sv21127430@student.edu.vn,0960196599,STUDENT
21127431,123456,Cao Bảo Phong,sv21127431@student.edu.vn,0919649902,STUDENT
21127432,123456,Huỳnh Bảo Nam,sv21127432@student.edu.vn,0922724010,STUDENT
21127433,123456,Huỳnh Hồng Toàn,sv21127433@student.edu.vn,0974986091,STUDENT
21127434,123456,Hồ Tuấn Uyên,sv21127434@student.edu.vn,0920356268,STUDENT
21127435,123456,Mai Kim Hương,sv21127435@student.edu.vn,0945265530,STUDENT
21127436,123456,Phan Xuân Nga,sv21127436@student.edu.vn,0994419591,STUDENT
21127437,123456,Phạm Quốc Lộc,sv21127437@student.edu.vn,0982928957,STUDENT
21127438,123456,Bùi Ngọc Yến,sv21127438@student.edu.vn,0977828190,STUDENT
21127439,123456,Lý Xuân Em,sv21127439@student.edu.vn,0980111996,STUDENT
21127440,123456,Đặng Thu Phát,sv21127440@student.edu.vn,0958610890,STUDENT
21127441,123456,Cao Tuấn Bình,sv21127441@student.edu.vn,0925949866,STUDENT
21127442,123456,Cao Minh Lan,sv21127442@student.edu.vn,0992326582,STUDENT
21127443,123456,Trần Hải Kiệt,sv21127443@student.edu.vn,0948356308,STUDENT
21127444,123456,Nguyễn Văn Lan,sv21127444@student.edu.vn,0943265799,STUDENT
21127445,123456,Nguyễn Quốc Đạt,sv21127445@student.edu.vn,0932712819,STUDENT
21127446,123456,Lê Quang Linh,sv21127446@student.edu.vn,0926625456,STUDENT
21127447,123456,Phan Quang Bảo,sv21127447@student.edu.vn,0977256972,STUDENT
21127448,123456,Tạ Thanh Phát,sv21127448@student.edu.vn,0970401161,STUDENT
21127449,123456,Lê Ngọc Nam,sv21127449@student.edu.vn,0976492545,STUDENT
21127450,123456,Đinh Bảo Cường,sv21127450@student.edu.vn,0974623349,STUDENT
21127451,123456,Đoàn Tuấn Phúc,sv21127451@student.edu.vn,0981719790,STUDENT
21127452,123456,Ngô Thu Hà,sv21127452@student.edu.vn,0955233985,STUDENT
21127453,123456,Tạ Tuấn Toàn,sv21127453@student.edu.vn,0993030664,STUDENT
21127454,123456,Hà Đức Trung,sv21127454@student.edu.vn,0916640436,STUDENT
21127455,123456,Đinh Duy Nga,sv21127455@student.edu.vn,0919848260,STUDENT
21127456,123456,Phạm Thị Trí,sv21127456@student.edu.vn,0997221514,STUDENT
21127457,123456,Đoàn Văn Cường,sv21127457@student.edu.vn,0920991759,STUDENT
21127458,123456,Mai Hữu Trung,sv21127458@student.edu.vn,0966047151,STUDENT
21127459,123456,Lý Tuấn Phát,sv21127459@student.edu.vn,0923189820,STUDENT
21127460,123456,Vũ Bảo Rạng,sv21127460@student.edu.vn,0999416449,STUDENT
21127461,123456,Lê Thu Quân,sv21127461@student.edu.vn,0978181775,STUDENT
21127462,123456,Lê Anh Trí,sv21127462@student.edu.vn,0992665319,STUDENT
21127463,123456,Đặng Bảo Phát,sv21127463@student.edu.vn,0926851594,STUDENT
21127464,123456,Dương Đức Minh,sv21127464@student.edu.vn,0910108925,STUDENT
21127465,123456,Phạm Bảo Trinh,sv21127465@student.edu.vn,0935323490,STUDENT
21127466,123456,Hồ Nhật Uyên,sv21127466@student.edu.vn,0991037421,STUDENT
21127467,123456,Nguyễn Văn Hùng,sv21127467@student.edu.vn,0928945011,STUDENT
21127468,123456,Lâm Tuấn An,sv21127468@student.edu.vn,0958639346,STUDENT
21127469,123456,Hà Anh Lan,sv21127469@student.edu.vn,0950384774,STUDENT
21127470,123456,Võ Tuấn Vân,sv21127470@student.edu.vn,0961371694,STUDENT
21127471,123456,Võ Thiện Duy,sv21127471@student.edu.vn,0968680278,STUDENT
21127472,123456,Cao Minh Trinh,sv21127472@student.edu.vn,0940698530,STUDENT
21127473,123456,Đặng Anh Hùng,sv21127473@student.edu.vn,0996279755,STUDENT
21127474,123456,Hà Hồng Thắng,sv21127474@student.edu.vn,0992860057,STUDENT
21127475,123456,Đỗ Thiện Thành,sv21127475@student.edu.vn,0987121913,STUDENT
21127476,123456,Bùi Anh Nga,sv21127476@student.edu.vn,0992374792,STUDENT
21127477,123456,Đỗ Thanh Khoa,sv21127477@student.edu.vn,0932812827,STUDENT
21127478,123456,Lâm Thu Linh,sv21127478@student.edu.vn,0951686609,STUDENT
21127479,123456,Hoàng Quang Tâm,sv21127479@student.edu.vn,0926669315,STUDENT
21127480,123456,Lâm Bảo Đạt,sv21127480@student.edu.vn,0947458253,STUDENT
21127481,123456,Võ Trung Sơn,sv21127481@student.edu.vn,0931783415,STUDENT
21127482,123456,Huỳnh Xuân Tùng,sv21127482@student.edu.vn,0944188033,STUDENT
21127483,123456,Đoàn Hồng Em,sv21127483@student.edu.vn,0918139949,STUDENT
21127484,123456,Lê Hoàng Hiếu,sv21127484@student.edu.vn,0983615929,STUDENT
21127485,123456,Đỗ Thanh Phát,sv21127485@student.edu.vn,0926962616,STUDENT
21127486,123456,Ngô Nhật Linh,sv21127486@student.edu.vn,0921468916,STUDENT
21127487,123456,Phan Phương Cường,sv21127487@student.edu.vn,0997706641,STUDENT
21127488,123456,Trần Văn Đạt,sv21127488@student.edu.vn,0932536985,STUDENT
21127489,123456,Phạm Quốc Khánh,sv21127489@student.edu.vn,0927748595,STUDENT
21127490,123456,Lý Anh An,sv21127490@student.edu.vn,0936900458,STUDENT
21127491,123456,Đoàn Bảo Vinh,sv21127491@student.edu.vn,0951447769,STUDENT
21127492,123456,Tạ Đức Minh,sv21127492@student.edu.vn,0934641843,STUDENT
21127493,123456,Vũ Thị Duy,sv21127493@student.edu.vn,0965527294,STUDENT
21127494,123456,Nguyễn Gia Trang,sv21127494@student.edu.vn,0992832958,STUDENT
21127495,123456,Đinh Quang Duy,sv21127495@student.edu.vn,0929784669,STUDENT
21127496,123456,Vũ Duy Long,sv21127496@student.edu.vn,0930063244,STUDENT
21127497,123456,Đoàn Hoàng Trinh,sv21127497@student.edu.vn,0941534425,STUDENT
21127498,123456,Ngô Bảo Em,sv21127498@student.edu.vn,0938733419,STUDENT
21127499,123456,Mai Kim Thành,sv21127499@student.edu.vn,0962076386,STUDENT
21127500,123456,Hà Thiện Toàn,sv21127500@student.edu.vn,0976301190,STUDENT
21127501,123456,Lê Hồng Oanh,sv21127501@student.edu.vn,0930771657,STUDENT
21127502,123456,Mai Quốc An,sv21127502@student.edu.vn,0929829453,STUDENT
21127503,123456,Lý Văn Nga,sv21127503@student.edu.vn,0944942681,STUDENT
21127504,123456,Tạ Anh Giang,sv21127504@student.edu.vn,0984800943,STUDENT
21127505,123456,Ngô Thu Trung,sv21127505@student.edu.vn,0918619883,STUDENT
21127506,123456,Trần Tuấn Thắng,sv21127506@student.edu.vn,0964319439,STUDENT
21127507,123456,Hồ Thiện Hà,sv21127507@student.edu.vn,0963044153,STUDENT
21127508,123456,Đoàn Hồng Thành,sv21127508@student.edu.vn,0918520672,STUDENT
21127509,123456,Đặng Xuân Linh,sv21127509@student.edu.vn,0989078707,STUDENT
21127510,123456,Lâm Kim Duy,sv21127510@student.edu.vn,0992249570,STUDENT
21127511,123456,Lâm Kim An,sv21127511@student.edu.vn,0956804593,STUDENT
21127512,123456,Phan Hải Linh,sv21127512@student.edu.vn,0935365780,STUDENT
21127513,123456,Mai Thu Tùng,sv21127513@student.edu.vn,0985464447,STUDENT
21127514,123456,Đoàn Ngọc Kiệt,sv21127514@student.edu.vn,0986729174,STUDENT
21127515,123456,Cao Hữu Thành,sv21127515@student.edu.vn,0915975675,STUDENT
21127516,123456,Hồ Văn Vân,sv21127516@student.edu.vn,0952779984,STUDENT
21127517,123456,Đoàn Gia Long,sv21127517@student.edu.vn,0950701607,STUDENT
21127518,123456,Tạ Duy Rạng,sv21127518@student.edu.vn,0930428379,STUDENT
21127519,123456,Bùi Quang Huy,sv21127519@student.edu.vn,0981960655,STUDENT
21127520,123456,Lâm Thiện Lan,sv21127520@student.edu.vn,0987003551,STUDENT
21127521,123456,Lâm Đức An,sv21127521@student.edu.vn,0944659235,STUDENT
21127522,123456,Đinh Anh Trung,sv21127522@student.edu.vn,0982106355,STUDENT
21127523,123456,Tạ Kim Toàn,sv21127523@student.edu.vn,0974673304,STUDENT
21127524,123456,Đoàn Quang Hiếu,sv21127524@student.edu.vn,0980608721,STUDENT
21127525,123456,Hà Ngọc Uyên,sv21127525@student.edu.vn,0959346715,STUDENT
21127526,123456,Phan Minh Minh,sv21127526@student.edu.vn,0942304235,STUDENT
21127527,123456,Ngô Xuân Trung,sv21127527@student.edu.vn,0927459805,STUDENT
21127528,123456,Huỳnh Duy Yến,sv21127528@student.edu.vn,0940690454,STUDENT
21127529,123456,Đặng Hải An,sv21127529@student.edu.vn,0952504189,STUDENT
21127530,123456,Lê Anh Tài,sv21127530@student.edu.vn,0964583197,STUDENT
21127531,123456,Nguyễn Duy Quân,sv21127531@student.edu.vn,0951940090,STUDENT
21127532,123456,Trịnh Tuấn Toàn,sv21127532@student.edu.vn,0963199174,STUDENT
21127533,123456,Hoàng Kim Minh,sv21127533@student.edu.vn,0942490727,STUDENT
21127534,123456,Vũ Nhật Nam,sv21127534@student.edu.vn,0969000745,STUDENT
21127535,123456,Phạm Anh Minh,sv21127535@student.edu.vn,0931016936,STUDENT
21127536,123456,Võ Quang Nga,sv21127536@student.edu.vn,0970506566,STUDENT
21127537,123456,Ngô Kim Uyên,sv21127537@student.edu.vn,0976650792,STUDENT
21127538,123456,Ngô Quang Vinh,sv21127538@student.edu.vn,0911961447,STUDENT
21127539,123456,Hà Thanh Phúc,sv21127539@student.edu.vn,0915901311,STUDENT
21127540,123456,Lý Tuấn Kiệt,sv21127540@student.edu.vn,0929455705,STUDENT
21127541,123456,Trần Gia Sơn,sv21127541@student.edu.vn,0924673291,STUDENT
21127542,123456,Huỳnh Quang Bình,sv21127542@student.edu.vn,0960931116,STUDENT
21127543,123456,Hà Duy Thành,sv21127543@student.edu.vn,0945710603,STUDENT
21127544,123456,Dương Anh An,sv21127544@student.edu.vn,0967641179,STUDENT
21127545,123456,Lý Quốc Inh,sv21127545@student.edu.vn,0978440670,STUDENT
21127546,123456,Tạ Kim Nhật,sv21127546@student.edu.vn,0986479055,STUDENT
21127547,123456,Ngô Quốc Xuân,sv21127547@student.edu.vn,0998585380,STUDENT
21127548,123456,Đoàn Trung Xuân,sv21127548@student.edu.vn,0935945257,STUDENT
21127549,123456,Bùi Nhật Lộc,sv21127549@student.edu.vn,0940772250,STUDENT
21127550,123456,Ngô Thu Khoa,sv21127550@student.edu.vn,0968448185,STUDENT
21127551,123456,Trần Minh Vân,sv21127551@student.edu.vn,0927692460,STUDENT
21127552,123456,Hà Phương Trang,sv21127552@student.edu.vn,0991731999,STUDENT
21127553,123456,Ngô Đức Huy,sv21127553@student.edu.vn,0914859512,STUDENT
21127554,123456,Lâm Ngọc Phúc,sv21127554@student.edu.vn,0955224658,STUDENT
21127555,123456,Phạm Ngọc Sơn,sv21127555@student.edu.vn,0960406226,STUDENT
21127556,123456,Phạm Minh Long,sv21127556@student.edu.vn,0928742490,STUDENT
21127557,123456,Trần Hữu Yến,sv21127557@student.edu.vn,0985068119,STUDENT
21127558,123456,Hà Thu Trinh,sv21127558@student.edu.vn,0984844023,STUDENT
21127559,123456,Phan Gia Kiệt,sv21127559@student.edu.vn,0922099337,STUDENT
21127560,123456,Đoàn Quang Hà,sv21127560@student.edu.vn,0910771737,STUDENT
21127561,123456,Cao Đức Thắng,sv21127561@student.edu.vn,0960905028,STUDENT
21127562,123456,Huỳnh Gia Bảo,sv21127562@student.edu.vn,0951903209,STUDENT
21127563,123456,Tạ Tuấn Phúc,sv21127563@student.edu.vn,0981090375,STUDENT
21127564,123456,Đỗ Thu Trí,sv21127564@student.edu.vn,0995784393,STUDENT
21127565,123456,Nguyễn Anh Trinh,sv21127565@student.edu.vn,0994563815,STUDENT
21127566,123456,Mai Gia Hương,sv21127566@student.edu.vn,0929707589,STUDENT
21127567,123456,Phan Anh Lan,sv21127567@student.edu.vn,0954911578,STUDENT
21127568,123456,Nguyễn Duy Minh,sv21127568@student.edu.vn,0938027897,STUDENT
21127569,123456,Cao Xuân Tùng,sv21127569@student.edu.vn,0919430150,STUDENT
21127570,123456,Mai Hoàng Đạt,sv21127570@student.edu.vn,0986038622,STUDENT
21127571,123456,Đỗ Kim Hà,sv21127571@student.edu.vn,0930120502,STUDENT
21127572,123456,Lê Quốc Nam,sv21127572@student.edu.vn,0989981823,STUDENT
21127573,123456,Phạm Phương Trung,sv21127573@student.edu.vn,0946511090,STUDENT
21127574,123456,Hà Văn Giang,sv21127574@student.edu.vn,0967029833,STUDENT
21127575,123456,Hồ Bảo Tài,sv21127575@student.edu.vn,0960048868,STUDENT
21127576,123456,Võ Trung Kiệt,sv21127576@student.edu.vn,0971964052,STUDENT
21127577,123456,Trần Hoàng Linh,sv21127577@student.edu.vn,0973832838,STUDENT
21127578,123456,Hồ Trung Linh,sv21127578@student.edu.vn,0939899365,STUDENT
21127579,123456,Cao Thu Tùng,sv21127579@student.edu.vn,0986127018,STUDENT
21127580,123456,Nguyễn Phương Giang,sv21127580@student.edu.vn,0979230688,STUDENT
21127581,123456,Trịnh Phương Inh,sv21127581@student.edu.vn,0928759294,STUDENT
21127582,123456,Dương Thiện Lan,sv21127582@student.edu.vn,0932488019,STUDENT
21127583,123456,Mai Thanh Long,sv21127583@student.edu.vn,0962748485,STUDENT
21127584,123456,Phan Tuấn Lan,sv21127584@student.edu.vn,0934605164,STUDENT
21127585,123456,Phan Nhật Xuân,sv21127585@student.edu.vn,0918232964,STUDENT
21127586,123456,Võ Xuân Duy,sv21127586@student.edu.vn,0942279237,STUDENT
21127587,123456,Tạ Trung Long,sv21127587@student.edu.vn,0995142144,STUDENT
21127588,123456,Ngô Bảo Oanh,sv21127588@student.edu.vn,0948945254,STUDENT
21127589,123456,Phan Thanh Vân,sv21127589@student.edu.vn,0918028359,STUDENT
21127590,123456,Huỳnh Gia Rạng,sv21127590@student.edu.vn,0927037148,STUDENT
21127591,123456,Phạm Thị Trung,sv21127591@student.edu.vn,0984305454,STUDENT
21127592,123456,Dương Quốc Tùng,sv21127592@student.edu.vn,0974765832,STUDENT
21127593,123456,Đoàn Quang Xuân,sv21127593@student.edu.vn,0987475679,STUDENT
21127594,123456,Đoàn Hồng Trinh,sv21127594@student.edu.vn,0947444077,STUDENT
21127595,123456,Vũ Duy Nga,sv21127595@student.edu.vn,0928832074,STUDENT
21127596,123456,Trần Thu Phong,sv21127596@student.edu.vn,0917646787,STUDENT
21127597,123456,Đinh Kim Khánh,sv21127597@student.edu.vn,0958244861,STUDENT
21127598,123456,Võ Hồng Trang,sv21127598@student.edu.vn,0996856345,STUDENT
21127599,123456,Huỳnh Bảo Lan,sv21127599@student.edu.vn,0975411902,STUDENT
21127600,123456,Lê Thanh Đạt,sv21127600@student.edu.vn,0991612397,STUDENT
21127601,123456,Dương Hải Vinh,sv21127601@student.edu.vn,0925757889,STUDENT
21127602,123456,Phan Xuân Oanh,sv21127602@student.edu.vn,0934758970,STUDENT
21127603,123456,Đoàn Ngọc Toàn,sv21127603@student.edu.vn,0959477559,STUDENT
21127604,123456,Bùi Tuấn Hà,sv21127604@student.edu.vn,0981829851,STUDENT
21127605,123456,Trịnh Hồng Hà,sv21127605@student.edu.vn,0993772565,STUDENT
21127606,123456,Ngô Quốc Tùng,sv21127606@student.edu.vn,0981851413,STUDENT
21127607,123456,Trịnh Kim Toàn,sv21127607@student.edu.vn,0962834390,STUDENT
21127608,123456,Đỗ Trung Khánh,sv21127608@student.edu.vn,0931953663,STUDENT
21127609,123456,Đoàn Hải Hiếu,sv21127609@student.edu.vn,0997719763,STUDENT
21127610,123456,Hồ Thu Linh,sv21127610@student.edu.vn,0932841882,STUDENT
21127611,123456,Lâm Hải Xuân,sv21127611@student.edu.vn,0950326489,STUDENT
21127612,123456,Hà Thanh Hùng,sv21127612@student.edu.vn,0976113570,STUDENT
21127613,123456,Bùi Minh Nga,sv21127613@student.edu.vn,0999810948,STUDENT
21127614,123456,Hồ Quốc Hiếu,sv21127614@student.edu.vn,0931848159,STUDENT
21127615,123456,Phạm Quốc Toàn,sv21127615@student.edu.vn,0961800183,STUDENT
21127616,123456,Tạ Duy Thành,sv21127616@student.edu.vn,0940920726,STUDENT
21127617,123456,Đỗ Minh Xuân,sv21127617@student.edu.vn,0946074008,STUDENT
21127618,123456,Võ Hữu Phát,sv21127618@student.edu.vn,0992838902,STUDENT
21127619,123456,Huỳnh Trung Yến,sv21127619@student.edu.vn,0989011937,STUDENT
21127620,123456,Nguyễn Thị Tâm,sv21127620@student.edu.vn,0983326050,STUDENT
21127621,123456,Võ Văn Minh,sv21127621@student.edu.vn,0968185623,STUDENT
21127622,123456,Phan Đức Khánh,sv21127622@student.edu.vn,0955714958,STUDENT
21127623,123456,Lâm Hữu Giang,sv21127623@student.edu.vn,0943230712,STUDENT
21127624,123456,Đoàn Kim Yến,sv21127624@student.edu.vn,0996890566,STUDENT
21127625,123456,Nguyễn Hải Hương,sv21127625@student.edu.vn,0922529463,STUDENT
21127626,123456,Lý Thị Thảo,sv21127626@student.edu.vn,0921028567,STUDENT
21127627,123456,Mai Anh Tâm,sv21127627@student.edu.vn,0934345362,STUDENT
21127628,123456,Đặng Phương Minh,sv21127628@student.edu.vn,0912159666,STUDENT
21127629,123456,Dương Tuấn Linh,sv21127629@student.edu.vn,0978618483,STUDENT
21127630,123456,Trịnh Quang Kiệt,sv21127630@student.edu.vn,0956182253,STUDENT
21127631,123456,Vũ Hữu Khoa,sv21127631@student.edu.vn,0956842678,STUDENT
21127632,123456,Trần Trung Em,sv21127632@student.edu.vn,0977836870,STUDENT
21127633,123456,Phạm Trung Linh,sv21127633@student.edu.vn,0946428308,STUDENT
21127634,123456,Hồ Xuân Hiếu,sv21127634@student.edu.vn,0915669199,STUDENT
21127635,123456,Lý Xuân Cường,sv21127635@student.edu.vn,0975909211,STUDENT
21127636,123456,Đoàn Hải Trí,sv21127636@student.edu.vn,0918514893,STUDENT
21127637,123456,Tạ Hải Linh,sv21127637@student.edu.vn,0993854563,STUDENT
21127638,123456,Mai Tuấn Thảo,sv21127638@student.edu.vn,0993232504,STUDENT
21127639,123456,Phạm Thiện Thành,sv21127639@student.edu.vn,0922223047,STUDENT
21127640,123456,Huỳnh Hồng Thành,sv21127640@student.edu.vn,0930611202,STUDENT
21127641,123456,Ngô Đức Tùng,sv21127641@student.edu.vn,0943046449,STUDENT
21127642,123456,Vũ Gia Em,sv21127642@student.edu.vn,0922605900,STUDENT
21127643,123456,Phan Đức Tài,sv21127643@student.edu.vn,0954605783,STUDENT
21127644,123456,Võ Kim Nam,sv21127644@student.edu.vn,0967229845,STUDENT
21127645,123456,Ngô Duy Kiệt,sv21127645@student.edu.vn,0939100303,STUDENT
21127646,123456,Bùi Thu Lan,sv21127646@student.edu.vn,0971914761,STUDENT
21127647,123456,Đỗ Trung Thảo,sv21127647@student.edu.vn,0941177363,STUDENT
21127648,123456,Ngô Hữu Phúc,sv21127648@student.edu.vn,0917502820,STUDENT
21127649,123456,Đặng Thanh Cường,sv21127649@student.edu.vn,0951668543,STUDENT
21127650,123456,Hồ Đức Minh,sv21127650@student.edu.vn,0938959295,STUDENT
21127651,123456,Vũ Trung Nga,sv21127651@student.edu.vn,0934011883,STUDENT
21127652,123456,Võ Xuân Lan,sv21127652@student.edu.vn,0949545430,STUDENT
21127653,123456,Bùi Bảo Minh,sv21127653@student.edu.vn,0952064984,STUDENT
21127654,123456,Phan Thu Nga,sv21127654@student.edu.vn,0983710652,STUDENT
21127655,123456,Lê Quốc Oanh,sv21127655@student.edu.vn,0934213388,STUDENT
21127656,123456,Bùi Gia Toàn,sv21127656@student.edu.vn,0923831065,STUDENT
21127657,123456,Dương Hồng Nhật,sv21127657@student.edu.vn,0926401964,STUDENT
21127658,123456,Đoàn Tuấn Đạt,sv21127658@student.edu.vn,0948237249,STUDENT
21127659,123456,Phạm Thiện Rạng,sv21127659@student.edu.vn,0910615438,STUDENT
21127660,123456,Đặng Quang Oanh,sv21127660@student.edu.vn,0942644929,STUDENT
21127661,123456,Phạm Trung Linh,sv21127661@student.edu.vn,0958608959,STUDENT
21127662,123456,Huỳnh Gia Long,sv21127662@student.edu.vn,0967308552,STUDENT
21127663,123456,Hồ Đức Thành,sv21127663@student.edu.vn,0968823203,STUDENT
21127664,123456,Mai Hoàng Lộc,sv21127664@student.edu.vn,0970854750,STUDENT
21127665,123456,Ngô Gia Oanh,sv21127665@student.edu.vn,0965888995,STUDENT
21127666,123456,Lê Tuấn Phong,sv21127666@student.edu.vn,0916993597,STUDENT
21127667,123456,Vũ Duy Trinh,sv21127667@student.edu.vn,0971022877,STUDENT
21127668,123456,Đoàn Hoàng Quân,sv21127668@student.edu.vn,0936297164,STUDENT
21127669,123456,Ngô Quốc Giang,sv21127669@student.edu.vn,0915640019,STUDENT
21127670,123456,Bùi Minh Yến,sv21127670@student.edu.vn,0953742027,STUDENT
21127671,123456,Võ Duy Nam,sv21127671@student.edu.vn,0972095397,STUDENT
21127672,123456,Đinh Xuân Tài,sv21127672@student.edu.vn,0974285726,STUDENT
21127673,123456,Đoàn Hải Hùng,sv21127673@student.edu.vn,0934506478,STUDENT
21127674,123456,Đặng Anh Vinh,sv21127674@student.edu.vn,0966467403,STUDENT
21127675,123456,Trịnh Văn Long,sv21127675@student.edu.vn,0978624675,STUDENT
21127676,123456,Trịnh Kim Trinh,sv21127676@student.edu.vn,0987203477,STUDENT
21127677,123456,Bùi Văn Linh,sv21127677@student.edu.vn,0969121352,STUDENT
21127678,123456,Hoàng Thu Minh,sv21127678@student.edu.vn,0911966266,STUDENT
21127679,123456,Đoàn Nhật Hà,sv21127679@student.edu.vn,0919321538,STUDENT
21127680,123456,Lâm Hải Sơn,sv21127680@student.edu.vn,0959324846,STUDENT
21127681,123456,Lý Quốc Inh,sv21127681@student.edu.vn,0987689889,STUDENT
21127682,123456,Huỳnh Hữu Khánh,sv21127682@student.edu.vn,0923232579,STUDENT
21127683,123456,Trần Hoàng Yến,sv21127683@student.edu.vn,0963003268,STUDENT
21127684,123456,Đặng Hữu Hùng,sv21127684@student.edu.vn,0917417821,STUDENT
21127685,123456,Trần Hoàng Hà,sv21127685@student.edu.vn,0989419754,STUDENT
21127686,123456,Lâm Hoàng Hà,sv21127686@student.edu.vn,0988157731,STUDENT
21127687,123456,Lâm Hải Bình,sv21127687@student.edu.vn,0922232084,STUDENT
21127688,123456,Đinh Xuân Trinh,sv21127688@student.edu.vn,0970579321,STUDENT
21127689,123456,Ngô Thị Thảo,sv21127689@student.edu.vn,0932350938,STUDENT
21127690,123456,Đoàn Kim Toàn,sv21127690@student.edu.vn,0925442264,STUDENT
21127691,123456,Ngô Xuân Khoa,sv21127691@student.edu.vn,0930996756,STUDENT
21127692,123456,Cao Hải Thắng,sv21127692@student.edu.vn,0958299110,STUDENT
21127693,123456,Đặng Thiện Cường,sv21127693@student.edu.vn,0955603624,STUDENT
21127694,123456,Phạm Hải Tâm,sv21127694@student.edu.vn,0961721982,STUDENT
21127695,123456,Huỳnh Nhật Xuân,sv21127695@student.edu.vn,0941039995,STUDENT
21127696,123456,Vũ Tuấn Lộc,sv21127696@student.edu.vn,0981895034,STUDENT
21127697,123456,Trần Hồng Thắng,sv21127697@student.edu.vn,0936116887,STUDENT
21127698,123456,Trịnh Minh Trí,sv21127698@student.edu.vn,0933856449,STUDENT
21127699,123456,Hồ Bảo Hiếu,sv21127699@student.edu.vn,0944596205,STUDENT
21127700,123456,Tạ Tuấn Hà,sv21127700@student.edu.vn,0977498921,STUDENT
21127701,123456,Đỗ Văn Minh,sv21127701@student.edu.vn,0928551288,STUDENT
21127702,123456,Huỳnh Tuấn Cường,sv21127702@student.edu.vn,0945849335,STUDENT
21127703,123456,Hà Phương Duy,sv21127703@student.edu.vn,0968886602,STUDENT
21127704,123456,Trần Ngọc Thành,sv21127704@student.edu.vn,0983175048,STUDENT
21127705,123456,Phạm Gia Giang,sv21127705@student.edu.vn,0969597599,STUDENT
21127706,123456,Lâm Hoàng Duy,sv21127706@student.edu.vn,0993614636,STUDENT
21127707,123456,Ngô Anh An,sv21127707@student.edu.vn,0966558077,STUDENT
21127708,123456,Cao Gia Bảo,sv21127708@student.edu.vn,0979213630,STUDENT
21127709,123456,Phan Minh Inh,sv21127709@student.edu.vn,0978662071,STUDENT
21127710,123456,Phan Nhật Kiệt,sv21127710@student.edu.vn,0959918073,STUDENT
21127711,123456,Đặng Kim Thắng,sv21127711@student.edu.vn,0915437346,STUDENT
21127712,123456,Đỗ Ngọc Cường,sv21127712@student.edu.vn,0938163440,STUDENT
21127713,123456,Trịnh Văn Lan,sv21127713@student.edu.vn,0950696245,STUDENT
21127714,123456,Trịnh Xuân Hương,sv21127714@student.edu.vn,0969816183,STUDENT
21127715,123456,Cao Đức Sơn,sv21127715@student.edu.vn,0944449332,STUDENT
21127716,123456,Đoàn Thiện Linh,sv21127716@student.edu.vn,0979887926,STUDENT
21127717,123456,Phạm Hồng Yến,sv21127717@student.edu.vn,0974080970,STUDENT
21127718,123456,Dương Minh Oanh,sv21127718@student.edu.vn,0935729584,STUDENT
21127719,123456,Tạ Hữu Tùng,sv21127719@student.edu.vn,0949123093,STUDENT
21127720,123456,Dương Ngọc Thành,sv21127720@student.edu.vn,0994397881,STUDENT
21127721,123456,Trịnh Tuấn Khoa,sv21127721@student.edu.vn,0935478737,STUDENT
21127722,123456,Đoàn Ngọc Bảo,sv21127722@student.edu.vn,0931425285,STUDENT
21127723,123456,Trần Quang Toàn,sv21127723@student.edu.vn,0979166696,STUDENT
21127724,123456,Huỳnh Quốc Lộc,sv21127724@student.edu.vn,0980403447,STUDENT
21127725,123456,Đoàn Ngọc Uyên,sv21127725@student.edu.vn,0910725149,STUDENT
21127726,123456,Trần Văn Yến,sv21127726@student.edu.vn,0962404226,STUDENT
21127727,123456,Bùi Hồng Hùng,sv21127727@student.edu.vn,0951637566,STUDENT
21127728,123456,Võ Tuấn Cường,sv21127728@student.edu.vn,0974483304,STUDENT
21127729,123456,Huỳnh Văn Minh,sv21127729@student.edu.vn,0995437591,STUDENT
21127730,123456,Mai Bảo Nam,sv21127730@student.edu.vn,0967901256,STUDENT
21127731,123456,Nguyễn Bảo Long,sv21127731@student.edu.vn,0933096615,STUDENT
21127732,123456,Đinh Quang Minh,sv21127732@student.edu.vn,0994397228,STUDENT
21127733,123456,Lý Xuân Kiệt,sv21127733@student.edu.vn,0955650283,STUDENT
21127734,123456,Lê Văn Kiệt,sv21127734@student.edu.vn,0950979471,STUDENT
21127735,123456,Bùi Thu Oanh,sv21127735@student.edu.vn,0933908024,STUDENT
21127736,123456,Đinh Thu Tùng,sv21127736@student.edu.vn,0953225516,STUDENT
21127737,123456,Lâm Ngọc Yến,sv21127737@student.edu.vn,0950931820,STUDENT
21127738,123456,Lý Phương Hương,sv21127738@student.edu.vn,0996029096,STUDENT
21127739,123456,Lê Kim Vân,sv21127739@student.edu.vn,0923980611,STUDENT
21127740,123456,Mai Gia Nga,sv21127740@student.edu.vn,0933519818,STUDENT
21127741,123456,Hà Quang Kiệt,sv21127741@student.edu.vn,0998260438,STUDENT
21127742,123456,Tạ Trung Thành,sv21127742@student.edu.vn,0964803308,STUDENT
21127743,123456,Nguyễn Quốc Lộc,sv21127743@student.edu.vn,0967836405,STUDENT
21127744,123456,Đặng Hồng Nam,sv21127744@student.edu.vn,0996785087,STUDENT
21127745,123456,Trần Tuấn Toàn,sv21127745@student.edu.vn,0952547951,STUDENT
21127746,123456,Vũ Nhật Huy,sv21127746@student.edu.vn,0962200927,STUDENT
21127747,123456,Đỗ Thị Giang,sv21127747@student.edu.vn,0913214643,STUDENT
21127748,123456,Hà Nhật Bình,sv21127748@student.edu.vn,0985824382,STUDENT
21127749,123456,Lê Hoàng Lan,sv21127749@student.edu.vn,0930220889,STUDENT
21127750,123456,Hoàng Xuân Toàn,sv21127750@student.edu.vn,0962050756,STUDENT
21127751,123456,Nguyễn Thu Rạng,sv21127751@student.edu.vn,0966922747,STUDENT
21127752,123456,Võ Hoàng Phát,sv21127752@student.edu.vn,0995105799,STUDENT
21127753,123456,Lý Hoàng Trinh,sv21127753@student.edu.vn,0976006342,STUDENT
21127754,123456,Hoàng Phương Trang,sv21127754@student.edu.vn,0994691803,STUDENT
21127755,123456,Vũ Minh Phát,sv21127755@student.edu.vn,0941617607,STUDENT
21127756,123456,Mai Thanh Uyên,sv21127756@student.edu.vn,0938012942,STUDENT
21127757,123456,Đỗ Nhật Lộc,sv21127757@student.edu.vn,0989748878,STUDENT
21127758,123456,Cao Ngọc Uyên,sv21127758@student.edu.vn,0975718640,STUDENT
21127759,123456,Huỳnh Gia Khánh,sv21127759@student.edu.vn,0932129747,STUDENT
21127760,123456,Hoàng Bảo Bảo,sv21127760@student.edu.vn,0959568840,STUDENT
21127761,123456,Võ Hồng Khánh,sv21127761@student.edu.vn,0977325924,STUDENT
21127762,123456,Đinh Hữu Giang,sv21127762@student.edu.vn,0985545995,STUDENT
21127763,123456,Cao Anh Phát,sv21127763@student.edu.vn,0943414723,STUDENT
21127764,123456,Hà Quốc Xuân,sv21127764@student.edu.vn,0944909872,STUDENT
21127765,123456,Ngô Thanh Vân,sv21127765@student.edu.vn,0933594404,STUDENT
21127766,123456,Bùi Gia Hiếu,sv21127766@student.edu.vn,0963378195,STUDENT
21127767,123456,Vũ Bảo Trung,sv21127767@student.edu.vn,0952069979,STUDENT
21127768,123456,Huỳnh Hồng Long,sv21127768@student.edu.vn,0913539731,STUDENT
21127769,123456,Đinh Minh Lộc,sv21127769@student.edu.vn,0951163721,STUDENT
21127770,123456,Hồ Ngọc Trang,sv21127770@student.edu.vn,0978368809,STUDENT
21127771,123456,Đinh Duy Quân,sv21127771@student.edu.vn,0969424049,STUDENT
21127772,123456,Vũ Hồng Trí,sv21127772@student.edu.vn,0989958176,STUDENT
21127773,123456,Lê Quốc Phát,sv21127773@student.edu.vn,0971813093,STUDENT
21127774,123456,Ngô Duy Em,sv21127774@student.edu.vn,0926506897,STUDENT
21127775,123456,Đinh Hồng Quân,sv21127775@student.edu.vn,0964161158,STUDENT
21127776,123456,Mai Thanh Uyên,sv21127776@student.edu.vn,0975743359,STUDENT
21127777,123456,Đặng Hải Long,sv21127777@student.edu.vn,0915302160,STUDENT
21127778,123456,Phạm Xuân Khánh,sv21127778@student.edu.vn,0986335872,STUDENT
21127779,123456,Đặng Hữu Xuân,sv21127779@student.edu.vn,0975681904,STUDENT
21127780,123456,Phan Thị Cường,sv21127780@student.edu.vn,0988174260,STUDENT
21127781,123456,Phạm Hoàng Thắng,sv21127781@student.edu.vn,0922170531,STUDENT
21127782,123456,Phan Anh Vân,sv21127782@student.edu.vn,0982082696,STUDENT
21127783,123456,Mai Duy Em,sv21127783@student.edu.vn,0948903309,STUDENT
21127784,123456,Cao Hải Uyên,sv21127784@student.edu.vn,0910283068,STUDENT
21127785,123456,Trần Thu Trang,sv21127785@student.edu.vn,0977504285,STUDENT
21127786,123456,Hoàng Bảo Toàn,sv21127786@student.edu.vn,0979376543,STUDENT
21127787,123456,Lý Anh Tài,sv21127787@student.edu.vn,0914837317,STUDENT
21127788,123456,Đinh Thiện Uyên,sv21127788@student.edu.vn,0916474106,STUDENT
21127789,123456,Đỗ Nhật Tài,sv21127789@student.edu.vn,0933936246,STUDENT
21127790,123456,Dương Hữu Phát,sv21127790@student.edu.vn,0977404767,STUDENT
21127791,123456,Huỳnh Thị Inh,sv21127791@student.edu.vn,0987537207,STUDENT
21127792,123456,Trần Văn Quân,sv21127792@student.edu.vn,0931519409,STUDENT
21127793,123456,Cao Ngọc Kiệt,sv21127793@student.edu.vn,0948517327,STUDENT
21127794,123456,Hoàng Trung Tài,sv21127794@student.edu.vn,0943643586,STUDENT
21127795,123456,Tạ Phương Thành,sv21127795@student.edu.vn,0973097348,STUDENT
21127796,123456,Võ Trung Nhật,sv21127796@student.edu.vn,0992622299,STUDENT
21127797,123456,Đoàn Hữu Phúc,sv21127797@student.edu.vn,0941134333,STUDENT
21127798,123456,Vũ Hoàng Toàn,sv21127798@student.edu.vn,0933078388,STUDENT
21127799,123456,Võ Thiện Phát,sv21127799@student.edu.vn,0989917535,STUDENT
21127800,123456,Cao Trung Trí,sv21127800@student.edu.vn,0964813466,STUDENT
21127801,123456,Vũ Quang Vinh,sv21127801@student.edu.vn,0965745404,STUDENT
21127802,123456,Đoàn Hồng Trung,sv21127802@student.edu.vn,0916610387,STUDENT
21127803,123456,Huỳnh Duy Vinh,sv21127803@student.edu.vn,0951008695,STUDENT
21127804,123456,Mai Xuân Vân,sv21127804@student.edu.vn,0956818013,STUDENT
21127805,123456,Dương Ngọc Linh,sv21127805@student.edu.vn,0946838270,STUDENT
21127806,123456,Phan Hồng Giang,sv21127806@student.edu.vn,0953745419,STUDENT
21127807,123456,Phan Thanh Tùng,sv21127807@student.edu.vn,0983648803,STUDENT
21127808,123456,Phạm Bảo Bảo,sv21127808@student.edu.vn,0983974485,STUDENT
21127809,123456,Hoàng Trung Trung,sv21127809@student.edu.vn,0952347239,STUDENT
21127810,123456,Trịnh Gia Em,sv21127810@student.edu.vn,0950154053,STUDENT
21127811,123456,Cao Bảo Bảo,sv21127811@student.edu.vn,0999556245,STUDENT
21127812,123456,Võ Anh Khoa,sv21127812@student.edu.vn,0952295785,STUDENT
21127813,123456,Đỗ Trung Khánh,sv21127813@student.edu.vn,0912981015,STUDENT
21127814,123456,Hoàng Anh Hương,sv21127814@student.edu.vn,0926955305,STUDENT
21127815,123456,Dương Kim Bảo,sv21127815@student.edu.vn,0988891093,STUDENT
21127816,123456,Huỳnh Duy Trang,sv21127816@student.edu.vn,0960356669,STUDENT
21127817,123456,Hồ Xuân Vân,sv21127817@student.edu.vn,0997360025,STUDENT
21127818,123456,Phạm Thanh Vân,sv21127818@student.edu.vn,0953534702,STUDENT
21127819,123456,Dương Ngọc Hương,sv21127819@student.edu.vn,0954941088,STUDENT
21127820,123456,Phan Ngọc Trí,sv21127820@student.edu.vn,0993955867,STUDENT
21127821,123456,Đinh Thị Long,sv21127821@student.edu.vn,0962911317,STUDENT
21127822,123456,Lý Thu Thắng,sv21127822@student.edu.vn,0994275152,STUDENT
21127823,123456,Trần Nhật Nam,sv21127823@student.edu.vn,0956789198,STUDENT
21127824,123456,Hà Minh Trinh,sv21127824@student.edu.vn,0958782038,STUDENT
21127825,123456,Vũ Hữu Nga,sv21127825@student.edu.vn,0973915227,STUDENT
21127826,123456,Trịnh Bảo Tùng,sv21127826@student.edu.vn,0986857554,STUDENT
21127827,123456,Võ Thị Hương,sv21127827@student.edu.vn,0971526914,STUDENT
21127828,123456,Phan Kim Nhật,sv21127828@student.edu.vn,0975343082,STUDENT
21127829,123456,Lâm Minh Tài,sv21127829@student.edu.vn,0923448213,STUDENT
21127830,123456,Võ Quang Vinh,sv21127830@student.edu.vn,0957543091,STUDENT
21127831,123456,Trịnh Kim Uyên,sv21127831@student.edu.vn,0956696438,STUDENT
21127832,123456,Hà Bảo Tài,sv21127832@student.edu.vn,0955044134,STUDENT
21127833,123456,Đinh Quang Phong,sv21127833@student.edu.vn,0972023176,STUDENT
21127834,123456,Phan Hoàng Vinh,sv21127834@student.edu.vn,0926331167,STUDENT
21127835,123456,Hoàng Quốc Phúc,sv21127835@student.edu.vn,0966106424,STUDENT
21127836,123456,Dương Thu Linh,sv21127836@student.edu.vn,0920447974,STUDENT
21127837,123456,Võ Minh An,sv21127837@student.edu.vn,0960821267,STUDENT
21127838,123456,Nguyễn Duy Lộc,sv21127838@student.edu.vn,0939324762,STUDENT
21127839,123456,Mai Hữu Phong,sv21127839@student.edu.vn,0985928900,STUDENT
21127840,123456,Vũ Thu Bình,sv21127840@student.edu.vn,0982979416,STUDENT
21127841,123456,Hoàng Anh Thảo,sv21127841@student.edu.vn,0939092406,STUDENT
21127842,123456,Phạm Thị Quân,sv21127842@student.edu.vn,0963146484,STUDENT
21127843,123456,Vũ Anh Tùng,sv21127843@student.edu.vn,0919645058,STUDENT
21127844,123456,Đặng Đức Quân,sv21127844@student.edu.vn,0939346053,STUDENT
21127845,123456,Cao Thị Thành,sv21127845@student.edu.vn,0960121081,STUDENT
21127846,123456,Dương Hữu Uyên,sv21127846@student.edu.vn,0910848642,STUDENT
21127847,123456,Phạm Văn Nga,sv21127847@student.edu.vn,0919233847,STUDENT
21127848,123456,Huỳnh Xuân Toàn,sv21127848@student.edu.vn,0990830125,STUDENT
21127849,123456,Dương Phương Tài,sv21127849@student.edu.vn,0991124392,STUDENT
21127850,123456,Dương Thu Nhật,sv21127850@student.edu.vn,0982869431,STUDENT
21127851,123456,Hoàng Thu Duy,sv21127851@student.edu.vn,0930756848,STUDENT
21127852,123456,Lê Thanh Inh,sv21127852@student.edu.vn,0986434490,STUDENT
21127853,123456,Đoàn Phương Bình,sv21127853@student.edu.vn,0940378916,STUDENT
21127854,123456,Tạ Duy Inh,sv21127854@student.edu.vn,0969096337,STUDENT
21127855,123456,Đinh Anh Trinh,sv21127855@student.edu.vn,0946482867,STUDENT
21127856,123456,Hồ Quang Nga,sv21127856@student.edu.vn,0952821989,STUDENT
21127857,123456,Võ Quang Tài,sv21127857@student.edu.vn,0935791698,STUDENT
21127858,123456,Hồ Anh Vinh,sv21127858@student.edu.vn,0962720199,STUDENT
21127859,123456,Huỳnh Thị Oanh,sv21127859@student.edu.vn,0985728274,STUDENT
21127860,123456,Bùi Văn Trí,sv21127860@student.edu.vn,0937582829,STUDENT
21127861,123456,Hà Gia Hà,sv21127861@student.edu.vn,0999129741,STUDENT
21127862,123456,Trần Minh Thảo,sv21127862@student.edu.vn,0914506967,STUDENT
21127863,123456,Đặng Tuấn Hương,sv21127863@student.edu.vn,0915036388,STUDENT
21127864,123456,Lý Quốc Huy,sv21127864@student.edu.vn,0996496068,STUDENT
21127865,123456,Vũ Văn Minh,sv21127865@student.edu.vn,0925289680,STUDENT
21127866,123456,Phạm Gia Tùng,sv21127866@student.edu.vn,0997268639,STUDENT
21127867,123456,Ngô Hữu Trinh,sv21127867@student.edu.vn,0984020490,STUDENT
21127868,123456,Lâm Ngọc Kiệt,sv21127868@student.edu.vn,0915467517,STUDENT
21127869,123456,Nguyễn Thanh Uyên,sv21127869@student.edu.vn,0924685646,STUDENT
21127870,123456,Trịnh Quang Thảo,sv21127870@student.edu.vn,0929879515,STUDENT
21127871,123456,Đặng Hoàng Em,sv21127871@student.edu.vn,0964147926,STUDENT
21127872,123456,Ngô Đức Minh,sv21127872@student.edu.vn,0991845864,STUDENT
21127873,123456,Hà Tuấn Phát,sv21127873@student.edu.vn,0950273351,STUDENT
21127874,123456,Lê Trung Khoa,sv21127874@student.edu.vn,0962896899,STUDENT
21127875,123456,Dương Minh Khánh,sv21127875@student.edu.vn,0923113092,STUDENT
21127876,123456,Võ Hữu Nam,sv21127876@student.edu.vn,0951467309,STUDENT
21127877,123456,Cao Hoàng Tùng,sv21127877@student.edu.vn,0971188045,STUDENT
21127878,123456,Vũ Thị Thắng,sv21127878@student.edu.vn,0947529928,STUDENT
21127879,123456,Đặng Hữu Hiếu,sv21127879@student.edu.vn,0937248220,STUDENT
21127880,123456,Trịnh Văn Khoa,sv21127880@student.edu.vn,0972265936,STUDENT
21127881,123456,Hoàng Quốc Thảo,sv21127881@student.edu.vn,0961842774,STUDENT
21127882,123456,Hà Tuấn Tài,sv21127882@student.edu.vn,0962916934,STUDENT
21127883,123456,Nguyễn Duy Phong,sv21127883@student.edu.vn,0997215941,STUDENT
21127884,123456,Trịnh Kim Hà,sv21127884@student.edu.vn,0926854035,STUDENT
21127885,123456,Đoàn Hồng Long,sv21127885@student.edu.vn,0980041178,STUDENT
21127886,123456,Phan Kim Bảo,sv21127886@student.edu.vn,0923316681,STUDENT
21127887,123456,Đinh Duy Nhật,sv21127887@student.edu.vn,0934494306,STUDENT
21127888,123456,Dương Kim Trang,sv21127888@student.edu.vn,0944883523,STUDENT
21127889,123456,Vũ Thị Hùng,sv21127889@student.edu.vn,0992016474,STUDENT
21127890,123456,Dương Thiện Tài,sv21127890@student.edu.vn,0989165737,STUDENT
21127891,123456,Dương Thu Giang,sv21127891@student.edu.vn,0975708171,STUDENT
21127892,123456,Võ Hải Kiệt,sv21127892@student.edu.vn,0916182599,STUDENT
21127893,123456,Hoàng Gia Tâm,sv21127893@student.edu.vn,0966402400,STUDENT
21127894,123456,Trịnh Thanh Trung,sv21127894@student.edu.vn,0940481811,STUDENT
21127895,123456,Hồ Ngọc Duy,sv21127895@student.edu.vn,0924408448,STUDENT
21127896,123456,Trần Trung Xuân,sv21127896@student.edu.vn,0927975293,STUDENT
21127897,123456,Trịnh Hoàng Sơn,sv21127897@student.edu.vn,0981764757,STUDENT
21127898,123456,Đỗ Minh Kiệt,sv21127898@student.edu.vn,0942217047,STUDENT
21127899,123456,Trần Xuân Kiệt,sv21127899@student.edu.vn,0982515771,STUDENT
21127900,123456,Đặng Thanh Cường,sv21127900@student.edu.vn,0990722372,STUDENT
21127901,123456,Bùi Nhật Quân,sv21127901@student.edu.vn,0997733304,STUDENT
21127902,123456,Dương Thu Thắng,sv21127902@student.edu.vn,0970153306,STUDENT
21127903,123456,Trần Kim Hiếu,sv21127903@student.edu.vn,0993261432,STUDENT
21127904,123456,Huỳnh Trung Rạng,sv21127904@student.edu.vn,0911632852,STUDENT
21127905,123456,Đinh Quang Tùng,sv21127905@student.edu.vn,0940443672,STUDENT
21127906,123456,Tạ Thị Nhật,sv21127906@student.edu.vn,0976865448,STUDENT
21127907,123456,Trịnh Trung Phát,sv21127907@student.edu.vn,0943253972,STUDENT
21127908,123456,Tạ Phương Tài,sv21127908@student.edu.vn,0987508960,STUDENT
21127909,123456,Tạ Thị Hương,sv21127909@student.edu.vn,0935460983,STUDENT
21127910,123456,Võ Bảo Bảo,sv21127910@student.edu.vn,0912476663,STUDENT
21127911,123456,Hồ Thiện Khánh,sv21127911@student.edu.vn,0975193394,STUDENT
21127912,123456,Đoàn Hải Hà,sv21127912@student.edu.vn,0964683724,STUDENT
21127913,123456,Lâm Văn Phát,sv21127913@student.edu.vn,0998703063,STUDENT
21127914,123456,Đinh Hoàng Tài,sv21127914@student.edu.vn,0987188843,STUDENT
21127915,123456,Đỗ Duy Oanh,sv21127915@student.edu.vn,0934339590,STUDENT
21127916,123456,Trần Gia Phúc,sv21127916@student.edu.vn,0979685724,STUDENT
21127917,123456,Ngô Thiện Lộc,sv21127917@student.edu.vn,0947590660,STUDENT
21127918,123456,Ngô Phương Cường,sv21127918@student.edu.vn,0937408619,STUDENT
21127919,123456,Lý Trung Phúc,sv21127919@student.edu.vn,0943213468,STUDENT
21127920,123456,Bùi Xuân Nam,sv21127920@student.edu.vn,0982359432,STUDENT
21127921,123456,Võ Thiện Trinh,sv21127921@student.edu.vn,0978103336,STUDENT
21127922,123456,Ngô Duy Quân,sv21127922@student.edu.vn,0944325828,STUDENT
21127923,123456,Huỳnh Kim Trung,sv21127923@student.edu.vn,0973943364,STUDENT
21127924,123456,Lý Thanh Xuân,sv21127924@student.edu.vn,0925830521,STUDENT
21127925,123456,Võ Bảo Quân,sv21127925@student.edu.vn,0926149795,STUDENT
21127926,123456,Dương Thiện Em,sv21127926@student.edu.vn,0964347749,STUDENT
21127927,123456,Hà Xuân Phát,sv21127927@student.edu.vn,0998023722,STUDENT
21127928,123456,Hồ Văn Yến,sv21127928@student.edu.vn,0946026125,STUDENT
21127929,123456,Huỳnh Văn Huy,sv21127929@student.edu.vn,0912418023,STUDENT
21127930,123456,Đinh Xuân Thảo,sv21127930@student.edu.vn,0947921274,STUDENT
21127931,123456,Trần Văn Em,sv21127931@student.edu.vn,0967773136,STUDENT
21127932,123456,Lê Hồng Lan,sv21127932@student.edu.vn,0982010317,STUDENT
21127933,123456,Trần Ngọc Hiếu,sv21127933@student.edu.vn,0930789265,STUDENT
21127934,123456,Phan Kim Trí,sv21127934@student.edu.vn,0923680433,STUDENT
21127935,123456,Hoàng Tuấn Yến,sv21127935@student.edu.vn,0923848823,STUDENT
21127936,123456,Trịnh Hoàng Duy,sv21127936@student.edu.vn,0989616190,STUDENT
21127937,123456,Trịnh Gia Kiệt,sv21127937@student.edu.vn,0982020866,STUDENT
21127938,123456,Phạm Hữu Duy,sv21127938@student.edu.vn,0967117200,STUDENT
21127939,123456,Cao Phương Lộc,sv21127939@student.edu.vn,0972572725,STUDENT
21127940,123456,Phạm Duy Kiệt,sv21127940@student.edu.vn,0999096497,STUDENT
21127941,123456,Bùi Thiện Em,sv21127941@student.edu.vn,0945858717,STUDENT
21127942,123456,Nguyễn Văn Thắng,sv21127942@student.edu.vn,0955590597,STUDENT
21127943,123456,Võ Hồng Hà,sv21127943@student.edu.vn,0960339028,STUDENT
21127944,123456,Đặng Thu Long,sv21127944@student.edu.vn,0976857355,STUDENT
21127945,123456,Huỳnh Thiện Phát,sv21127945@student.edu.vn,0929959280,STUDENT
21127946,123456,Lý Gia Giang,sv21127946@student.edu.vn,0921115636,STUDENT
21127947,123456,Đinh Minh Phát,sv21127947@student.edu.vn,0970401011,STUDENT
21127948,123456,Hồ Thiện Tài,sv21127948@student.edu.vn,0938542211,STUDENT
21127949,123456,Bùi Nhật Khoa,sv21127949@student.edu.vn,0914822739,STUDENT
21127950,123456,Võ Thiện Hương,sv21127950@student.edu.vn,0942623467,STUDENT
21127951,123456,Lâm Thanh Tài,sv21127951@student.edu.vn,0930984423,STUDENT
21127952,123456,Huỳnh Kim Thành,sv21127952@student.edu.vn,0975154528,STUDENT
21127953,123456,Mai Ngọc Lan,sv21127953@student.edu.vn,0991565023,STUDENT
21127954,123456,Võ Thu Tâm,sv21127954@student.edu.vn,0927003991,STUDENT
21127955,123456,Lâm Nhật Minh,sv21127955@student.edu.vn,0932473775,STUDENT
21127956,123456,Lý Bảo Linh,sv21127956@student.edu.vn,0967956011,STUDENT
21127957,123456,Phan Trung Duy,sv21127957@student.edu.vn,0923634938,STUDENT
21127958,123456,Đỗ Thu Khoa,sv21127958@student.edu.vn,0940146585,STUDENT
21127959,123456,Đinh Tuấn Trang,sv21127959@student.edu.vn,0916351418,STUDENT
21127960,123456,Phan Thị Phúc,sv21127960@student.edu.vn,0968428498,STUDENT
21127961,123456,Võ Kim Oanh,sv21127961@student.edu.vn,0957857622,STUDENT
21127962,123456,Huỳnh Thiện Hương,sv21127962@student.edu.vn,0982474993,STUDENT
21127963,123456,Đinh Minh Vân,sv21127963@student.edu.vn,0938053026,STUDENT
21127964,123456,Đỗ Hồng Hương,sv21127964@student.edu.vn,0958607266,STUDENT
21127965,123456,Lê Hoàng Đạt,sv21127965@student.edu.vn,0969698213,STUDENT
21127966,123456,Võ Hải Linh,sv21127966@student.edu.vn,0919306282,STUDENT
21127967,123456,Vũ Ngọc An,sv21127967@student.edu.vn,0941965987,STUDENT
21127968,123456,Lâm Thị Thắng,sv21127968@student.edu.vn,0926234965,STUDENT
21127969,123456,Đỗ Tuấn Thảo,sv21127969@student.edu.vn,0957939331,STUDENT
21127970,123456,Nguyễn Duy Thắng,sv21127970@student.edu.vn,0926490723,STUDENT
21127971,123456,Lâm Thu Uyên,sv21127971@student.edu.vn,0997018997,STUDENT
21127972,123456,Hà Thu Lộc,sv21127972@student.edu.vn,0992855453,STUDENT
21127973,123456,Phạm Hải Hương,sv21127973@student.edu.vn,0968431429,STUDENT
21127974,123456,Cao Xuân Yến,sv21127974@student.edu.vn,0994613032,STUDENT
21127975,123456,Hồ Trung Hiếu,sv21127975@student.edu.vn,0910798536,STUDENT
21127976,123456,Lâm Trung Quân,sv21127976@student.edu.vn,0934256354,STUDENT
21127977,123456,Mai Đức Trang,sv21127977@student.edu.vn,0963894734,STUDENT
21127978,123456,Hồ Đức Tâm,sv21127978@student.edu.vn,0997783487,STUDENT
21127979,123456,Phạm Hữu Lộc,sv21127979@student.edu.vn,0981016206,STUDENT
21127980,123456,Lý Kim Lan,sv21127980@student.edu.vn,0977631526,STUDENT
21127981,123456,Nguyễn Bảo Vân,sv21127981@student.edu.vn,0953971930,STUDENT
21127982,123456,Tạ Ngọc Thảo,sv21127982@student.edu.vn,0995260423,STUDENT
21127983,123456,Lê Trung Giang,sv21127983@student.edu.vn,0941297843,STUDENT
21127984,123456,Trần Quốc Cường,sv21127984@student.edu.vn,0957586542,STUDENT
21127985,123456,Đoàn Phương Trinh,sv21127985@student.edu.vn,0966983568,STUDENT
21127986,123456,Trịnh Ngọc Phúc,sv21127986@student.edu.vn,0940299887,STUDENT
21127987,123456,Hồ Thanh Hương,sv21127987@student.edu.vn,0911201059,STUDENT
21127988,123456,Mai Tuấn Huy,sv21127988@student.edu.vn,0928329768,STUDENT
21127989,123456,Phan Nhật Uyên,sv21127989@student.edu.vn,0955390927,STUDENT
21127990,123456,Lê Hoàng Cường,sv21127990@student.edu.vn,0918220748,STUDENT
21127991,123456,Phạm Quốc Duy,sv21127991@student.edu.vn,0916287623,STUDENT
21127992,123456,Huỳnh Trung Phong,sv21127992@student.edu.vn,0924429217,STUDENT
21127993,123456,Lâm Hồng Phát,sv21127993@student.edu.vn,0920510951,STUDENT
21127994,123456,Trịnh Phương Phát,sv21127994@student.edu.vn,0918104061,STUDENT
21127995,123456,Mai Quốc Phát,sv21127995@student.edu.vn,0995288580,STUDENT
21127996,123456,Trần Thiện Quân,sv21127996@student.edu.vn,0963077803,STUDENT
21127997,123456,Vũ Thu Hương,sv21127997@student.edu.vn,0964378548,STUDENT
21127998,123456,Nguyễn Quốc Thảo,sv21127998@student.edu.vn,0958891256,STUDENT
21127999,123456,Bùi Tuấn Đạt,sv21127999@student.edu.vn,0912894526,STUDENT
21128000,123456,Đỗ Hải Yến,sv21128000@student.edu.vn,0980111888,STUDENT
21128001,123456,Võ Kim Trinh,sv21128001@student.edu.vn,0991025994,STUDENT
21128002,123456,Dương Hải Linh,sv21128002@student.edu.vn,0943973636,STUDENT
21128003,123456,Hoàng Bảo Trí,sv21128003@student.edu.vn,0911333484,STUDENT
21128004,123456,Hồ Thu Trung,sv21128004@student.edu.vn,0950348118,STUDENT
21128005,123456,Lâm Thị Phúc,sv21128005@student.edu.vn,0913208300,STUDENT
21128006,123456,Bùi Quang Linh,sv21128006@student.edu.vn,0973399986,STUDENT
21128007,123456,Cao Thu Nhật,sv21128007@student.edu.vn,0923825051,STUDENT
21128008,123456,Phạm Quốc Nga,sv21128008@student.edu.vn,0985525140,STUDENT
21128009,123456,Mai Thu Kiệt,sv21128009@student.edu.vn,0975670698,STUDENT
21128010,123456,Ngô Thanh Vân,sv21128010@student.edu.vn,0979560201,STUDENT
21128011,123456,Đặng Minh Hùng,sv21128011@student.edu.vn,0989970666,STUDENT
21128012,123456,Phạm Thiện Nga,sv21128012@student.edu.vn,0917365717,STUDENT
21128013,123456,Mai Ngọc An,sv21128013@student.edu.vn,0911741783,STUDENT
21128014,123456,Hoàng Quang Toàn,sv21128014@student.edu.vn,0955381798,STUDENT
21128015,123456,Tạ Phương Trinh,sv21128015@student.edu.vn,0963809672,STUDENT
21128016,123456,Nguyễn Duy Cường,sv21128016@student.edu.vn,0973895751,STUDENT
21128017,123456,Hoàng Thị Em,sv21128017@student.edu.vn,0985375911,STUDENT
21128018,123456,Đặng Nhật Tâm,sv21128018@student.edu.vn,0932847862,STUDENT
21128019,123456,Lý Tuấn Hương,sv21128019@student.edu.vn,0950948606,STUDENT
21128020,123456,Đặng Xuân Hùng,sv21128020@student.edu.vn,0947879258,STUDENT
21128021,123456,Lê Nhật Yến,sv21128021@student.edu.vn,0988474340,STUDENT
21128022,123456,Tạ Thu Khánh,sv21128022@student.edu.vn,0925727248,STUDENT
21128023,123456,Lê Hải Xuân,sv21128023@student.edu.vn,0973063299,STUDENT
21128024,123456,Lý Tuấn Tài,sv21128024@student.edu.vn,0987223220,STUDENT
21128025,123456,Nguyễn Văn Huy,sv21128025@student.edu.vn,0948578395,STUDENT
21128026,123456,Hoàng Anh Giang,sv21128026@student.edu.vn,0947542435,STUDENT
21128027,123456,Lý Kim Rạng,sv21128027@student.edu.vn,0935344111,STUDENT
21128028,123456,Hà Minh Oanh,sv21128028@student.edu.vn,0929195744,STUDENT
21128029,123456,Hà Xuân Xuân,sv21128029@student.edu.vn,0954451383,STUDENT
21128030,123456,Dương Quốc Đạt,sv21128030@student.edu.vn,0921649997,STUDENT
21128031,123456,Dương Thiện Trung,sv21128031@student.edu.vn,0984598152,STUDENT
21128032,123456,Bùi Duy Vân,sv21128032@student.edu.vn,0985375433,STUDENT
21128033,123456,Huỳnh Hữu Em,sv21128033@student.edu.vn,0981685263,STUDENT
21128034,123456,Hà Xuân Linh,sv21128034@student.edu.vn,0995819607,STUDENT
21128035,123456,Ngô Bảo Oanh,sv21128035@student.edu.vn,0911024573,STUDENT
21128036,123456,Đoàn Xuân Trinh,sv21128036@student.edu.vn,0983179420,STUDENT
21128037,123456,Dương Hoàng Giang,sv21128037@student.edu.vn,0987643559,STUDENT
21128038,123456,Nguyễn Hồng Hiếu,sv21128038@student.edu.vn,0942225773,STUDENT
21128039,123456,Phan Quang Yến,sv21128039@student.edu.vn,0915890477,STUDENT
21128040,123456,Hoàng Kim Tài,sv21128040@student.edu.vn,0960511942,STUDENT
21128041,123456,Lý Hoàng Hùng,sv21128041@student.edu.vn,0926942508,STUDENT
21128042,123456,Cao Gia Hùng,sv21128042@student.edu.vn,0926715868,STUDENT
21128043,123456,Lý Hồng Phát,sv21128043@student.edu.vn,0975886260,STUDENT
21128044,123456,Tạ Minh Trí,sv21128044@student.edu.vn,0936860548,STUDENT
21128045,123456,Phan Gia Vân,sv21128045@student.edu.vn,0981838877,STUDENT
21128046,123456,Võ Hồng Hùng,sv21128046@student.edu.vn,0931938038,STUDENT
21128047,123456,Vũ Hồng Phong,sv21128047@student.edu.vn,0963419863,STUDENT
21128048,123456,Võ Thị Minh,sv21128048@student.edu.vn,0922999740,STUDENT
21128049,123456,Hoàng Kim Bảo,sv21128049@student.edu.vn,0963768615,STUDENT
21128050,123456,Bùi Bảo Huy,sv21128050@student.edu.vn,0910757854,STUDENT
21128051,123456,Lê Bảo Vân,sv21128051@student.edu.vn,0934480040,STUDENT
21128052,123456,Ngô Hữu Rạng,sv21128052@student.edu.vn,0913054465,STUDENT
21128053,123456,Cao Hồng Thành,sv21128053@student.edu.vn,0936881429,STUDENT
21128054,123456,Trịnh Hồng Nam,sv21128054@student.edu.vn,0919470140,STUDENT
21128055,123456,Hoàng Hải Em,sv21128055@student.edu.vn,0938300354,STUDENT
21128056,123456,Bùi Quốc Vinh,sv21128056@student.edu.vn,0996372143,STUDENT
21128057,123456,Đoàn Trung Phúc,sv21128057@student.edu.vn,0937534107,STUDENT
21128058,123456,Nguyễn Thu Hà,sv21128058@student.edu.vn,0922190748,STUDENT
21128059,123456,Hoàng Hoàng Minh,sv21128059@student.edu.vn,0918961323,STUDENT
21128060,123456,Lý Phương Phong,sv21128060@student.edu.vn,0916941667,STUDENT
21128061,123456,Đoàn Duy Long,sv21128061@student.edu.vn,0965148185,STUDENT
21128062,123456,Bùi Hồng Lan,sv21128062@student.edu.vn,0910994938,STUDENT
21128063,123456,Vũ Anh Phong,sv21128063@student.edu.vn,0983275869,STUDENT
21128064,123456,Phan Duy Khánh,sv21128064@student.edu.vn,0986507437,STUDENT
21128065,123456,Huỳnh Phương Vân,sv21128065@student.edu.vn,0936700145,STUDENT
21128066,123456,Trần Quang Thành,sv21128066@student.edu.vn,0929225317,STUDENT
21128067,123456,Mai Kim Trí,sv21128067@student.edu.vn,0997559790,STUDENT
21128068,123456,Vũ Trung Thành,sv21128068@student.edu.vn,0982904748,STUDENT
21128069,123456,Trần Bảo Bảo,sv21128069@student.edu.vn,0999868735,STUDENT
21128070,123456,Đinh Văn Bảo,sv21128070@student.edu.vn,0942036882,STUDENT
21128071,123456,Vũ Quốc Đạt,sv21128071@student.edu.vn,0979051279,STUDENT
21128072,123456,Trần Kim Sơn,sv21128072@student.edu.vn,0998457073,STUDENT
21128073,123456,Ngô Quang Tùng,sv21128073@student.edu.vn,0978907370,STUDENT
21128074,123456,Đinh Thị Phát,sv21128074@student.edu.vn,0934424395,STUDENT
21128075,123456,Hoàng Thị Kiệt,sv21128075@student.edu.vn,0973742502,STUDENT
21128076,123456,Huỳnh Tuấn Thảo,sv21128076@student.edu.vn,0918853979,STUDENT
21128077,123456,Hồ Anh Trung,sv21128077@student.edu.vn,0910506452,STUDENT
21128078,123456,Lý Gia Trí,sv21128078@student.edu.vn,0964242240,STUDENT
21128079,123456,Ngô Xuân Vinh,sv21128079@student.edu.vn,0993580238,STUDENT
21128080,123456,Lê Anh Hương,sv21128080@student.edu.vn,0966376994,STUDENT
21128081,123456,Ngô Bảo Thành,sv21128081@student.edu.vn,0995670175,STUDENT
21128082,123456,Đoàn Thị An,sv21128082@student.edu.vn,0983180718,STUDENT
21128083,123456,Trần Kim Em,sv21128083@student.edu.vn,0997005789,STUDENT
21128084,123456,Nguyễn Duy Kiệt,sv21128084@student.edu.vn,0999096758,STUDENT
21128085,123456,Phan Thị Hùng,sv21128085@student.edu.vn,0939152140,STUDENT
21128086,123456,Võ Thu Cường,sv21128086@student.edu.vn,0918469509,STUDENT
21128087,123456,Đoàn Hữu Sơn,sv21128087@student.edu.vn,0919849827,STUDENT
21128088,123456,Vũ Duy Nga,sv21128088@student.edu.vn,0948361162,STUDENT
21128089,123456,Lê Hồng Yến,sv21128089@student.edu.vn,0916503839,STUDENT
21128090,123456,Hồ Nhật Huy,sv21128090@student.edu.vn,0920531366,STUDENT
21128091,123456,Hà Thị Nga,sv21128091@student.edu.vn,0911162769,STUDENT
21128092,123456,Ngô Gia Xuân,sv21128092@student.edu.vn,0935374750,STUDENT
21128093,123456,Huỳnh Xuân Yến,sv21128093@student.edu.vn,0929708673,STUDENT
21128094,123456,Vũ Ngọc An,sv21128094@student.edu.vn,0996715835,STUDENT
21128095,123456,Hoàng Đức Oanh,sv21128095@student.edu.vn,0925417658,STUDENT
21128096,123456,Bùi Anh Trang,sv21128096@student.edu.vn,0957636422,STUDENT
21128097,123456,Ngô Hồng Hương,sv21128097@student.edu.vn,0916844107,STUDENT
21128098,123456,Cao Kim Rạng,sv21128098@student.edu.vn,0953833944,STUDENT
21128099,123456,Ngô Quang Uyên,sv21128099@student.edu.vn,0921959474,STUDENT
21128100,123456,Đoàn Nhật Kiệt,sv21128100@student.edu.vn,0952634402,STUDENT
21128101,123456,Vũ Minh Sơn,sv21128101@student.edu.vn,0953610189,STUDENT
21128102,123456,Bùi Trung Hùng,sv21128102@student.edu.vn,0928264340,STUDENT
21128103,123456,Nguyễn Bảo Trang,sv21128103@student.edu.vn,0913073284,STUDENT
21128104,123456,Trịnh Đức Phúc,sv21128104@student.edu.vn,0969082509,STUDENT
21128105,123456,Hoàng Phương Lan,sv21128105@student.edu.vn,0958878893,STUDENT
21128106,123456,Lê Nhật Hùng,sv21128106@student.edu.vn,0933153349,STUDENT
21128107,123456,Mai Minh Hương,sv21128107@student.edu.vn,0991973373,STUDENT
21128108,123456,Lê Hải Hùng,sv21128108@student.edu.vn,0956007007,STUDENT
21128109,123456,Cao Hữu Hà,sv21128109@student.edu.vn,0990133322,STUDENT
21128110,123456,Trần Hoàng Uyên,sv21128110@student.edu.vn,0946128154,STUDENT
21128111,123456,Lâm Trung Khoa,sv21128111@student.edu.vn,0911446989,STUDENT
21128112,123456,Lê Kim An,sv21128112@student.edu.vn,0947077049,STUDENT
21128113,123456,Hồ Hữu Nam,sv21128113@student.edu.vn,0992784083,STUDENT
21128114,123456,Dương Tuấn Em,sv21128114@student.edu.vn,0944184830,STUDENT
21128115,123456,Võ Ngọc Tài,sv21128115@student.edu.vn,0966902772,STUDENT
21128116,123456,Lâm Hoàng Khoa,sv21128116@student.edu.vn,0934869496,STUDENT
21128117,123456,Phan Hữu Xuân,sv21128117@student.edu.vn,0979694773,STUDENT
21128118,123456,Đỗ Bảo Nhật,sv21128118@student.edu.vn,0960304844,STUDENT
21128119,123456,Hồ Nhật Rạng,sv21128119@student.edu.vn,0937954281,STUDENT
21128120,123456,Hồ Kim Trinh,sv21128120@student.edu.vn,0968826068,STUDENT
21128121,123456,Tạ Hoàng Yến,sv21128121@student.edu.vn,0980292154,STUDENT
21128122,123456,Dương Nhật Lan,sv21128122@student.edu.vn,0939873925,STUDENT
21128123,123456,Ngô Ngọc Duy,sv21128123@student.edu.vn,0961696802,STUDENT
21128124,123456,Huỳnh Đức Phong,sv21128124@student.edu.vn,0968874107,STUDENT
21128125,123456,Mai Kim Kiệt,sv21128125@student.edu.vn,0974068415,STUDENT
21128126,123456,Đặng Thiện Hà,sv21128126@student.edu.vn,0917157755,STUDENT
21128127,123456,Đỗ Đức Hương,sv21128127@student.edu.vn,0938338830,STUDENT
21128128,123456,Đặng Duy Hà,sv21128128@student.edu.vn,0959577444,STUDENT
21128129,123456,Hà Kim Thảo,sv21128129@student.edu.vn,0983604546,STUDENT
21128130,123456,Huỳnh Hồng Rạng,sv21128130@student.edu.vn,0971928998,STUDENT
21128131,123456,Hoàng Thanh Xuân,sv21128131@student.edu.vn,0954023867,STUDENT
21128132,123456,Đoàn Thị Nga,sv21128132@student.edu.vn,0972114208,STUDENT
21128133,123456,Tạ Gia Quân,sv21128133@student.edu.vn,0940051897,STUDENT
21128134,123456,Phạm Kim Quân,sv21128134@student.edu.vn,0948816449,STUDENT
21128135,123456,Ngô Nhật Hùng,sv21128135@student.edu.vn,0936427325,STUDENT
21128136,123456,Ngô Gia Phong,sv21128136@student.edu.vn,0970541224,STUDENT
21128137,123456,Hà Hồng Tài,sv21128137@student.edu.vn,0966238749,STUDENT
21128138,123456,Nguyễn Hữu Duy,sv21128138@student.edu.vn,0994049292,STUDENT
21128139,123456,Dương Anh Oanh,sv21128139@student.edu.vn,0984618657,STUDENT
21128140,123456,Lâm Thu Khoa,sv21128140@student.edu.vn,0919131126,STUDENT
21128141,123456,Đặng Đức Lộc,sv21128141@student.edu.vn,0931172026,STUDENT
21128142,123456,Cao Kim Bảo,sv21128142@student.edu.vn,0921941463,STUDENT
21128143,123456,Hồ Hoàng Đạt,sv21128143@student.edu.vn,0988078046,STUDENT
21128144,123456,Dương Nhật Duy,sv21128144@student.edu.vn,0993902228,STUDENT
21128145,123456,Hồ Duy Long,sv21128145@student.edu.vn,0959041276,STUDENT
21128146,123456,Tạ Anh Đạt,sv21128146@student.edu.vn,0919152997,STUDENT
21128147,123456,Đặng Gia Rạng,sv21128147@student.edu.vn,0910236038,STUDENT
21128148,123456,Phạm Phương Hiếu,sv21128148@student.edu.vn,0981352219,STUDENT
21128149,123456,Lâm Phương Long,sv21128149@student.edu.vn,0932130643,STUDENT
21128150,123456,Lý Quang Phúc,sv21128150@student.edu.vn,0973683960,STUDENT
21128151,123456,Ngô Gia Sơn,sv21128151@student.edu.vn,0941023773,STUDENT
21128152,123456,Vũ Hải Thảo,sv21128152@student.edu.vn,0927869284,STUDENT
21128153,123456,Đinh Thị Đạt,sv21128153@student.edu.vn,0946583221,STUDENT
21128154,123456,Vũ Quốc Kiệt,sv21128154@student.edu.vn,0929990488,STUDENT
21128155,123456,Hoàng Nhật Tài,sv21128155@student.edu.vn,0928744684,STUDENT
21128156,123456,Bùi Đức Yến,sv21128156@student.edu.vn,0975995176,STUDENT
21128157,123456,Trịnh Văn Tài,sv21128157@student.edu.vn,0945487095,STUDENT
21128158,123456,Lâm Thị Linh,sv21128158@student.edu.vn,0975726404,STUDENT
21128159,123456,Đoàn Minh Nam,sv21128159@student.edu.vn,0969571999,STUDENT
21128160,123456,Đinh Đức Vinh,sv21128160@student.edu.vn,0964245222,STUDENT
21128161,123456,Võ Thiện Huy,sv21128161@student.edu.vn,0980328728,STUDENT
21128162,123456,Bùi Hồng Kiệt,sv21128162@student.edu.vn,0936734727,STUDENT
21128163,123456,Ngô Thiện Hiếu,sv21128163@student.edu.vn,0975093070,STUDENT
21128164,123456,Phạm Minh Giang,sv21128164@student.edu.vn,0974015779,STUDENT
21128165,123456,Đặng Thị Lan,sv21128165@student.edu.vn,0951982511,STUDENT
21128166,123456,Nguyễn Xuân Nhật,sv21128166@student.edu.vn,0968742355,STUDENT
21128167,123456,Mai Xuân Uyên,sv21128167@student.edu.vn,0954251130,STUDENT
21128168,123456,Lâm Thu Huy,sv21128168@student.edu.vn,0951647243,STUDENT
21128169,123456,Tạ Thanh Nga,sv21128169@student.edu.vn,0978455026,STUDENT
21128170,123456,Võ Thu Nhật,sv21128170@student.edu.vn,0961347605,STUDENT
21128171,123456,Trịnh Tuấn Quân,sv21128171@student.edu.vn,0948859341,STUDENT
21128172,123456,Vũ Hữu Cường,sv21128172@student.edu.vn,0978952227,STUDENT
21128173,123456,Hồ Nhật Hà,sv21128173@student.edu.vn,0960922712,STUDENT
21128174,123456,Tạ Kim Sơn,sv21128174@student.edu.vn,0915651417,STUDENT
21128175,123456,Ngô Thiện Minh,sv21128175@student.edu.vn,0943221774,STUDENT
21128176,123456,Mai Hữu Kiệt,sv21128176@student.edu.vn,0929539725,STUDENT
21128177,123456,Võ Thanh Vinh,sv21128177@student.edu.vn,0916573853,STUDENT
21128178,123456,Đoàn Nhật Linh,sv21128178@student.edu.vn,0941150362,STUDENT
21128179,123456,Đỗ Anh Minh,sv21128179@student.edu.vn,0986450111,STUDENT
21128180,123456,Trần Đức Thắng,sv21128180@student.edu.vn,0999791889,STUDENT
21128181,123456,Lâm Hồng Inh,sv21128181@student.edu.vn,0960144974,STUDENT
21128182,123456,Hồ Trung Uyên,sv21128182@student.edu.vn,0972410762,STUDENT
21128183,123456,Đỗ Kim Minh,sv21128183@student.edu.vn,0931096721,STUDENT
21128184,123456,Lê Phương Toàn,sv21128184@student.edu.vn,0977402680,STUDENT
21128185,123456,Nguyễn Hoàng Hà,sv21128185@student.edu.vn,0942766037,STUDENT
21128186,123456,Ngô Hoàng Tùng,sv21128186@student.edu.vn,0958262155,STUDENT
21128187,123456,Lâm Bảo Hà,sv21128187@student.edu.vn,0952852757,STUDENT
21128188,123456,Dương Bảo Minh,sv21128188@student.edu.vn,0955805817,STUDENT
21128189,123456,Đặng Đức Khánh,sv21128189@student.edu.vn,0970282369,STUDENT
21128190,123456,Trịnh Trung Trí,sv21128190@student.edu.vn,0983225568,STUDENT
21128191,123456,Ngô Quốc Hiếu,sv21128191@student.edu.vn,0925072907,STUDENT
21128192,123456,Võ Gia Đạt,sv21128192@student.edu.vn,0953284631,STUDENT
21128193,123456,Trần Hữu Oanh,sv21128193@student.edu.vn,0978643964,STUDENT
21128194,123456,Bùi Phương Phúc,sv21128194@student.edu.vn,0946447690,STUDENT
21128195,123456,Lâm Gia Nhật,sv21128195@student.edu.vn,0978884870,STUDENT
21128196,123456,Lý Xuân Vân,sv21128196@student.edu.vn,0945263356,STUDENT
21128197,123456,Lý Hữu Hiếu,sv21128197@student.edu.vn,0942842608,STUDENT
21128198,123456,Trần Anh Rạng,sv21128198@student.edu.vn,0939313881,STUDENT
21128199,123456,Võ Văn Khánh,sv21128199@student.edu.vn,0930577090,STUDENT
21128200,123456,Đỗ Ngọc Thảo,sv21128200@student.edu.vn,0960789754,STUDENT
21128201,123456,Cao Đức Nhật,sv21128201@student.edu.vn,0997660332,STUDENT
21128202,123456,Hồ Trung Kiệt,sv21128202@student.edu.vn,0973784481,STUDENT
21128203,123456,Hà Hồng Duy,sv21128203@student.edu.vn,0948355093,STUDENT
21128204,123456,Đặng Gia Bình,sv21128204@student.edu.vn,0962336621,STUDENT
21128205,123456,Mai Minh Sơn,sv21128205@student.edu.vn,0962905130,STUDENT
21128206,123456,Tạ Xuân Hà,sv21128206@student.edu.vn,0918607737,STUDENT
21128207,123456,Hà Phương Yến,sv21128207@student.edu.vn,0987417641,STUDENT
21128208,123456,Hà Bảo Nhật,sv21128208@student.edu.vn,0953673112,STUDENT
21128209,123456,Phạm Hữu Kiệt,sv21128209@student.edu.vn,0999070028,STUDENT
21128210,123456,Hà Thanh Duy,sv21128210@student.edu.vn,0913526109,STUDENT
21128211,123456,Cao Thanh Thảo,sv21128211@student.edu.vn,0923913343,STUDENT
21128212,123456,Lý Thiện Sơn,sv21128212@student.edu.vn,0929611335,STUDENT
21128213,123456,Phan Hoàng Hương,sv21128213@student.edu.vn,0928116993,STUDENT
21128214,123456,Đỗ Duy Inh,sv21128214@student.edu.vn,0974625353,STUDENT
21128215,123456,Hồ Anh Yến,sv21128215@student.edu.vn,0966626105,STUDENT
21128216,123456,Phan Gia Minh,sv21128216@student.edu.vn,0942952051,STUDENT
21128217,123456,Lý Quang Linh,sv21128217@student.edu.vn,0951153882,STUDENT
21128218,123456,Nguyễn Anh Long,sv21128218@student.edu.vn,0937860439,STUDENT
21128219,123456,Nguyễn Thanh Hiếu,sv21128219@student.edu.vn,0978972320,STUDENT
21128220,123456,Phan Quang Thảo,sv21128220@student.edu.vn,0911101794,STUDENT
21128221,123456,Ngô Tuấn Thảo,sv21128221@student.edu.vn,0936615741,STUDENT
21128222,123456,Bùi Xuân Uyên,sv21128222@student.edu.vn,0975910644,STUDENT
21128223,123456,Hoàng Duy Phúc,sv21128223@student.edu.vn,0931511545,STUDENT
21128224,123456,Trịnh Hải Minh,sv21128224@student.edu.vn,0992675938,STUDENT
21128225,123456,Nguyễn Xuân Hương,sv21128225@student.edu.vn,0958474224,STUDENT
21128226,123456,Lâm Hữu Hương,sv21128226@student.edu.vn,0983369656,STUDENT
21128227,123456,Hồ Hoàng Vinh,sv21128227@student.edu.vn,0943383241,STUDENT
21128228,123456,Ngô Anh Tài,sv21128228@student.edu.vn,0952335512,STUDENT
21128229,123456,Vũ Duy Lan,sv21128229@student.edu.vn,0920227755,STUDENT
21128230,123456,Tạ Hữu Yến,sv21128230@student.edu.vn,0980405259,STUDENT
21128231,123456,Hoàng Minh Phong,sv21128231@student.edu.vn,0930690262,STUDENT
21128232,123456,Dương Xuân Phát,sv21128232@student.edu.vn,0930115243,STUDENT
21128233,123456,Mai Quốc Linh,sv21128233@student.edu.vn,0950082837,STUDENT
21128234,123456,Lâm Anh Tâm,sv21128234@student.edu.vn,0970214502,STUDENT
21128235,123456,Đoàn Thị Trung,sv21128235@student.edu.vn,0935642531,STUDENT
21128236,123456,Hoàng Phương Sơn,sv21128236@student.edu.vn,0926574525,STUDENT
21128237,123456,Lê Nhật Nam,sv21128237@student.edu.vn,0994856134,STUDENT
21128238,123456,Nguyễn Thị Linh,sv21128238@student.edu.vn,0911752719,STUDENT
21128239,123456,Nguyễn Hoàng Yến,sv21128239@student.edu.vn,0993371243,STUDENT
21128240,123456,Mai Kim Hương,sv21128240@student.edu.vn,0998907563,STUDENT
21128241,123456,Trần Anh Vinh,sv21128241@student.edu.vn,0969249934,STUDENT
21128242,123456,Dương Nhật Toàn,sv21128242@student.edu.vn,0976534200,STUDENT
21128243,123456,Nguyễn Đức An,sv21128243@student.edu.vn,0933267798,STUDENT
21128244,123456,Lâm Đức Tài,sv21128244@student.edu.vn,0963467484,STUDENT
21128245,123456,Ngô Anh Quân,sv21128245@student.edu.vn,0955570228,STUDENT
21128246,123456,Đoàn Thanh Hương,sv21128246@student.edu.vn,0945682466,STUDENT
21128247,123456,Ngô Hoàng Oanh,sv21128247@student.edu.vn,0993275660,STUDENT
21128248,123456,Đoàn Quang Hương,sv21128248@student.edu.vn,0916686454,STUDENT
21128249,123456,Phạm Tuấn Lan,sv21128249@student.edu.vn,0972745793,STUDENT
21128250,123456,Dương Ngọc Kiệt,sv21128250@student.edu.vn,0914254259,STUDENT
21128251,123456,Nguyễn Duy Nhật,sv21128251@student.edu.vn,0950434203,STUDENT
21128252,123456,Lý Quốc Toàn,sv21128252@student.edu.vn,0983322667,STUDENT
21128253,123456,Huỳnh Hồng Nam,sv21128253@student.edu.vn,0964756824,STUDENT
21128254,123456,Võ Ngọc Lan,sv21128254@student.edu.vn,0953820984,STUDENT
21128255,123456,Phan Minh Duy,sv21128255@student.edu.vn,0987493469,STUDENT
21128256,123456,Đinh Hải Bảo,sv21128256@student.edu.vn,0976360621,STUDENT
21128257,123456,Lê Thiện Trinh,sv21128257@student.edu.vn,0930791772,STUDENT
21128258,123456,Lý Thị Phát,sv21128258@student.edu.vn,0946834718,STUDENT
21128259,123456,Đoàn Thu Lộc,sv21128259@student.edu.vn,0989536579,STUDENT
21128260,123456,Hoàng Hữu Lan,sv21128260@student.edu.vn,0973082935,STUDENT
21128261,123456,Võ Phương Vinh,sv21128261@student.edu.vn,0923240206,STUDENT
21128262,123456,Hà Văn Vân,sv21128262@student.edu.vn,0974373124,STUDENT
21128263,123456,Phan Hải Giang,sv21128263@student.edu.vn,0934174662,STUDENT
21128264,123456,Tạ Ngọc Cường,sv21128264@student.edu.vn,0922257603,STUDENT
21128265,123456,Ngô Anh Khánh,sv21128265@student.edu.vn,0965971665,STUDENT
21128266,123456,Ngô Hữu Phúc,sv21128266@student.edu.vn,0952537637,STUDENT
21128267,123456,Đoàn Thanh Trí,sv21128267@student.edu.vn,0997599426,STUDENT
21128268,123456,Cao Hải Vinh,sv21128268@student.edu.vn,0923285265,STUDENT
21128269,123456,Võ Thanh Phong,sv21128269@student.edu.vn,0932405658,STUDENT
21128270,123456,Hà Thu Hà,sv21128270@student.edu.vn,0954802898,STUDENT
21128271,123456,Đinh Quang Long,sv21128271@student.edu.vn,0914099315,STUDENT
21128272,123456,Lý Tuấn Vinh,sv21128272@student.edu.vn,0984587383,STUDENT
21128273,123456,Vũ Nhật Hiếu,sv21128273@student.edu.vn,0955485594,STUDENT
21128274,123456,Lâm Thị Hương,sv21128274@student.edu.vn,0972693211,STUDENT
21128275,123456,Lý Hữu Long,sv21128275@student.edu.vn,0954409519,STUDENT
21128276,123456,Bùi Quang Trinh,sv21128276@student.edu.vn,0944090235,STUDENT
21128277,123456,Lê Anh Hà,sv21128277@student.edu.vn,0990023320,STUDENT
21128278,123456,Ngô Thiện Hương,sv21128278@student.edu.vn,0932677934,STUDENT
21128279,123456,Mai Hữu Bình,sv21128279@student.edu.vn,0934916548,STUDENT
21128280,123456,Ngô Văn Trí,sv21128280@student.edu.vn,0927907759,STUDENT
21128281,123456,Hoàng Trung Vân,sv21128281@student.edu.vn,0990238052,STUDENT
21128282,123456,Lâm Thu Hiếu,sv21128282@student.edu.vn,0992484122,STUDENT
21128283,123456,Đoàn Đức Phúc,sv21128283@student.edu.vn,0976291595,STUDENT
21128284,123456,Lê Bảo Rạng,sv21128284@student.edu.vn,0994180578,STUDENT
21128285,123456,Bùi Anh Vân,sv21128285@student.edu.vn,0991075238,STUDENT
21128286,123456,Lý Văn Bình,sv21128286@student.edu.vn,0993784990,STUDENT
21128287,123456,Lê Nhật Em,sv21128287@student.edu.vn,0918933707,STUDENT
21128288,123456,Đỗ Đức Phúc,sv21128288@student.edu.vn,0921552045,STUDENT
21128289,123456,Đặng Anh Thảo,sv21128289@student.edu.vn,0983707619,STUDENT
21128290,123456,Hồ Văn Hùng,sv21128290@student.edu.vn,0952248422,STUDENT
21128291,123456,Phạm Thiện Rạng,sv21128291@student.edu.vn,0954278922,STUDENT
21128292,123456,Đỗ Hồng Đạt,sv21128292@student.edu.vn,0951469395,STUDENT
21128293,123456,Bùi Nhật Vân,sv21128293@student.edu.vn,0994416484,STUDENT
21128294,123456,Hà Minh Duy,sv21128294@student.edu.vn,0996298341,STUDENT
21128295,123456,Lý Gia Minh,sv21128295@student.edu.vn,0984078942,STUDENT
21128296,123456,Lâm Anh An,sv21128296@student.edu.vn,0957667619,STUDENT
21128297,123456,Tạ Quang Trinh,sv21128297@student.edu.vn,0966656190,STUDENT
21128298,123456,Phạm Quang Em,sv21128298@student.edu.vn,0974482337,STUDENT
21128299,123456,Hà Minh Thắng,sv21128299@student.edu.vn,0990856125,STUDENT
21128300,123456,Đỗ Đức Trinh,sv21128300@student.edu.vn,0982164465,STUDENT
21128301,123456,Đoàn Kim Phong,sv21128301@student.edu.vn,0924511903,STUDENT
21128302,123456,Ngô Thanh Hùng,sv21128302@student.edu.vn,0941161645,STUDENT
21128303,123456,Lê Hồng Hương,sv21128303@student.edu.vn,0929185853,STUDENT
21128304,123456,Võ Thanh Sơn,sv21128304@student.edu.vn,0927020039,STUDENT
21128305,123456,Cao Phương Đạt,sv21128305@student.edu.vn,0921859442,STUDENT
21128306,123456,Lý Quốc Minh,sv21128306@student.edu.vn,0922077741,STUDENT
21128307,123456,Cao Trung Phát,sv21128307@student.edu.vn,0915001978,STUDENT
21128308,123456,Lâm Hoàng Linh,sv21128308@student.edu.vn,0915749947,STUDENT
21128309,123456,Hà Bảo Xuân,sv21128309@student.edu.vn,0928996322,STUDENT
21128310,123456,Phạm Ngọc Bình,sv21128310@student.edu.vn,0946944323,STUDENT
21128311,123456,Vũ Hồng Oanh,sv21128311@student.edu.vn,0946155299,STUDENT
21128312,123456,Cao Hồng Quân,sv21128312@student.edu.vn,0975435275,STUDENT
21128313,123456,Huỳnh Kim Nam,sv21128313@student.edu.vn,0978492430,STUDENT
21128314,123456,Đoàn Ngọc Bảo,sv21128314@student.edu.vn,0956427604,STUDENT
21128315,123456,Dương Minh Phúc,sv21128315@student.edu.vn,0972708992,STUDENT
21128316,123456,Ngô Kim Sơn,sv21128316@student.edu.vn,0958331706,STUDENT
21128317,123456,Bùi Quốc Đạt,sv21128317@student.edu.vn,0926810281,STUDENT
21128318,123456,Hoàng Hoàng Hùng,sv21128318@student.edu.vn,0981663702,STUDENT
21128319,123456,Mai Minh Duy,sv21128319@student.edu.vn,0936985430,STUDENT
21128320,123456,Phan Thanh Thắng,sv21128320@student.edu.vn,0965545624,STUDENT
21128321,123456,Huỳnh Hải Inh,sv21128321@student.edu.vn,0939895705,STUDENT
21128322,123456,Hồ Tuấn Giang,sv21128322@student.edu.vn,0983554355,STUDENT
21128323,123456,Tạ Xuân Inh,sv21128323@student.edu.vn,0910013544,STUDENT
21128324,123456,Dương Bảo Thảo,sv21128324@student.edu.vn,0976531020,STUDENT
21128325,123456,Hồ Hữu Thành,sv21128325@student.edu.vn,0933040277,STUDENT
21128326,123456,Phan Kim Uyên,sv21128326@student.edu.vn,0911211584,STUDENT
21128327,123456,Đinh Nhật Hùng,sv21128327@student.edu.vn,0938089114,STUDENT
21128328,123456,Trần Duy Uyên,sv21128328@student.edu.vn,0959641703,STUDENT
21128329,123456,Tạ Gia Kiệt,sv21128329@student.edu.vn,0991783795,STUDENT
21128330,123456,Cao Thiện Trung,sv21128330@student.edu.vn,0914484517,STUDENT
21128331,123456,Lý Anh Huy,sv21128331@student.edu.vn,0968268025,STUDENT
21128332,123456,Lý Hoàng Lan,sv21128332@student.edu.vn,0961074704,STUDENT
21128333,123456,Võ Anh Cường,sv21128333@student.edu.vn,0929653170,STUDENT
21128334,123456,Lê Bảo Tùng,sv21128334@student.edu.vn,0917551085,STUDENT
21128335,123456,Võ Hoàng Phong,sv21128335@student.edu.vn,0932162524,STUDENT
21128336,123456,Đoàn Hữu Phong,sv21128336@student.edu.vn,0981215856,STUDENT
21128337,123456,Nguyễn Thiện Lộc,sv21128337@student.edu.vn,0912088625,STUDENT
21128338,123456,Huỳnh Hồng Nhật,sv21128338@student.edu.vn,0992990471,STUDENT
21128339,123456,Đỗ Thị Cường,sv21128339@student.edu.vn,0944490379,STUDENT
21128340,123456,Nguyễn Quốc Duy,sv21128340@student.edu.vn,0936771882,STUDENT
21128341,123456,Hoàng Minh Trung,sv21128341@student.edu.vn,0927189585,STUDENT
21128342,123456,Lê Minh Tâm,sv21128342@student.edu.vn,0922206809,STUDENT
21128343,123456,Hà Thu Toàn,sv21128343@student.edu.vn,0977364220,STUDENT
21128344,123456,Nguyễn Thiện Trung,sv21128344@student.edu.vn,0954984450,STUDENT
21128345,123456,Phạm Quốc Kiệt,sv21128345@student.edu.vn,0919950505,STUDENT
21128346,123456,Huỳnh Trung Vinh,sv21128346@student.edu.vn,0957600863,STUDENT
21128347,123456,Phan Thanh Rạng,sv21128347@student.edu.vn,0937030589,STUDENT
21128348,123456,Lâm Thu Minh,sv21128348@student.edu.vn,0916391638,STUDENT
21128349,123456,Hà Bảo Nhật,sv21128349@student.edu.vn,0968972327,STUDENT
21128350,123456,Bùi Duy Tâm,sv21128350@student.edu.vn,0935024748,STUDENT
21128351,123456,Dương Hồng Linh,sv21128351@student.edu.vn,0912080041,STUDENT
21128352,123456,Ngô Thanh Bình,sv21128352@student.edu.vn,0983791882,STUDENT
21128353,123456,Trịnh Thị Trí,sv21128353@student.edu.vn,0919828230,STUDENT
21128354,123456,Đặng Thị Trung,sv21128354@student.edu.vn,0976516942,STUDENT
21128355,123456,Phạm Hữu Lộc,sv21128355@student.edu.vn,0937756774,STUDENT
21128356,123456,Đinh Thị Duy,sv21128356@student.edu.vn,0955475833,STUDENT
21128357,123456,Lê Thị Trinh,sv21128357@student.edu.vn,0928735950,STUDENT
21128358,123456,Phạm Nhật Lộc,sv21128358@student.edu.vn,0943839072,STUDENT
21128359,123456,Lý Thanh Yến,sv21128359@student.edu.vn,0949610772,STUDENT
21128360,123456,Đặng Thiện Lan,sv21128360@student.edu.vn,0993843731,STUDENT
21128361,123456,Lê Thanh Tài,sv21128361@student.edu.vn,0960098282,STUDENT
21128362,123456,Vũ Hồng Thành,sv21128362@student.edu.vn,0933568671,STUDENT
21128363,123456,Lý Hữu Hương,sv21128363@student.edu.vn,0948977732,STUDENT
21128364,123456,Vũ Hữu Nga,sv21128364@student.edu.vn,0966455415,STUDENT
21128365,123456,Mai Ngọc Trí,sv21128365@student.edu.vn,0966589309,STUDENT
21128366,123456,Phạm Thanh Khánh,sv21128366@student.edu.vn,0945640222,STUDENT
21128367,123456,Dương Văn Giang,sv21128367@student.edu.vn,0923455372,STUDENT
21128368,123456,Vũ Tuấn Hà,sv21128368@student.edu.vn,0970401216,STUDENT
21128369,123456,Lâm Xuân Rạng,sv21128369@student.edu.vn,0978293161,STUDENT
21128370,123456,Cao Xuân Trinh,sv21128370@student.edu.vn,0922125236,STUDENT
21128371,123456,Cao Quang Nhật,sv21128371@student.edu.vn,0930923583,STUDENT
21128372,123456,Phan Hồng An,sv21128372@student.edu.vn,0927207729,STUDENT
21128373,123456,Đỗ Duy Vinh,sv21128373@student.edu.vn,0975211486,STUDENT
21128374,123456,Trịnh Ngọc Khánh,sv21128374@student.edu.vn,0985379996,STUDENT
21128375,123456,Phạm Quốc Vân,sv21128375@student.edu.vn,0972457119,STUDENT
21128376,123456,Lê Minh Sơn,sv21128376@student.edu.vn,0971056384,STUDENT
21128377,123456,Trịnh Quốc Tùng,sv21128377@student.edu.vn,0978984582,STUDENT
21128378,123456,Phan Thị Toàn,sv21128378@student.edu.vn,0982379530,STUDENT
21128379,123456,Bùi Tuấn Uyên,sv21128379@student.edu.vn,0978535159,STUDENT
21128380,123456,Lê Bảo Nga,sv21128380@student.edu.vn,0931403893,STUDENT
21128381,123456,Ngô Kim Phúc,sv21128381@student.edu.vn,0992373851,STUDENT
21128382,123456,Hồ Hải Tùng,sv21128382@student.edu.vn,0922272205,STUDENT
21128383,123456,Nguyễn Kim Xuân,sv21128383@student.edu.vn,0979847922,STUDENT
21128384,123456,Lâm Gia Sơn,sv21128384@student.edu.vn,0984091489,STUDENT
21128385,123456,Hoàng Đức Phúc,sv21128385@student.edu.vn,0963567844,STUDENT
21128386,123456,Trịnh Hồng Thảo,sv21128386@student.edu.vn,0948919060,STUDENT
21128387,123456,Lê Quang Tùng,sv21128387@student.edu.vn,0976136400,STUDENT
21128388,123456,Vũ Xuân Toàn,sv21128388@student.edu.vn,0998340246,STUDENT
21128389,123456,Phạm Tuấn Nhật,sv21128389@student.edu.vn,0935946158,STUDENT
21128390,123456,Đinh Minh Tâm,sv21128390@student.edu.vn,0941562751,STUDENT
21128391,123456,Đoàn Hữu Trinh,sv21128391@student.edu.vn,0986902827,STUDENT
21128392,123456,Huỳnh Thị Uyên,sv21128392@student.edu.vn,0949666012,STUDENT
21128393,123456,Trần Quang Uyên,sv21128393@student.edu.vn,0926879009,STUDENT
21128394,123456,Hà Nhật Long,sv21128394@student.edu.vn,0951358857,STUDENT
21128395,123456,Trịnh Văn Nhật,sv21128395@student.edu.vn,0982731994,STUDENT
21128396,123456,Hà Thị Khoa,sv21128396@student.edu.vn,0912198177,STUDENT
21128397,123456,Vũ Quốc Phát,sv21128397@student.edu.vn,0910087996,STUDENT
21128398,123456,Ngô Duy Phong,sv21128398@student.edu.vn,0942176913,STUDENT
21128399,123456,Phan Kim Yến,sv21128399@student.edu.vn,0996335243,STUDENT
21128400,123456,Đinh Minh Huy,sv21128400@student.edu.vn,0932488384,STUDENT
21128401,123456,Hoàng Thiện Kiệt,sv21128401@student.edu.vn,0959750899,STUDENT
21128402,123456,Vũ Hồng Phong,sv21128402@student.edu.vn,0943045927,STUDENT
21128403,123456,Mai Đức Phong,sv21128403@student.edu.vn,0938345950,STUDENT
21128404,123456,Hồ Kim Toàn,sv21128404@student.edu.vn,0985918671,STUDENT
21128405,123456,Phan Nhật Kiệt,sv21128405@student.edu.vn,0959418025,STUDENT
21128406,123456,Vũ Hồng Hương,sv21128406@student.edu.vn,0998553514,STUDENT
21128407,123456,Lâm Quang Hà,sv21128407@student.edu.vn,0981080092,STUDENT
21128408,123456,Đinh Ngọc Trinh,sv21128408@student.edu.vn,0981013053,STUDENT
21128409,123456,Hoàng Phương Vinh,sv21128409@student.edu.vn,0996791019,STUDENT
21128410,123456,Đỗ Thiện Uyên,sv21128410@student.edu.vn,0956489097,STUDENT
21128411,123456,Ngô Xuân Nga,sv21128411@student.edu.vn,0961963445,STUDENT
21128412,123456,Phạm Hoàng Hà,sv21128412@student.edu.vn,0918054541,STUDENT
21128413,123456,Vũ Hải Thắng,sv21128413@student.edu.vn,0922315702,STUDENT
21128414,123456,Tạ Thu Thắng,sv21128414@student.edu.vn,0987857677,STUDENT
21128415,123456,Đoàn Ngọc Yến,sv21128415@student.edu.vn,0987615646,STUDENT
21128416,123456,Mai Anh Huy,sv21128416@student.edu.vn,0987792777,STUDENT
21128417,123456,Đặng Quốc Lan,sv21128417@student.edu.vn,0952645905,STUDENT
21128418,123456,Đoàn Minh Khoa,sv21128418@student.edu.vn,0999369266,STUDENT
21128419,123456,Trần Hoàng Huy,sv21128419@student.edu.vn,0911620236,STUDENT
21128420,123456,Đỗ Hồng Lan,sv21128420@student.edu.vn,0959411107,STUDENT
21128421,123456,Mai Bảo Hiếu,sv21128421@student.edu.vn,0991796877,STUDENT
21128422,123456,Dương Gia Hương,sv21128422@student.edu.vn,0998234375,STUDENT
21128423,123456,Lâm Đức Quân,sv21128423@student.edu.vn,0959297856,STUDENT
21128424,123456,Đinh Phương Cường,sv21128424@student.edu.vn,0944303374,STUDENT
21128425,123456,Vũ Duy Thành,sv21128425@student.edu.vn,0957281840,STUDENT
21128426,123456,Dương Gia Kiệt,sv21128426@student.edu.vn,0966322403,STUDENT
21128427,123456,Bùi Minh Phúc,sv21128427@student.edu.vn,0926951462,STUDENT
21128428,123456,Đặng Thiện Oanh,sv21128428@student.edu.vn,0953116689,STUDENT
21128429,123456,Trịnh Nhật Tùng,sv21128429@student.edu.vn,0989110069,STUDENT
21128430,123456,Đinh Xuân Trung,sv21128430@student.edu.vn,0950967296,STUDENT
21128431,123456,Đoàn Quốc Em,sv21128431@student.edu.vn,0974360316,STUDENT
21128432,123456,Phan Thị Hà,sv21128432@student.edu.vn,0910674962,STUDENT
21128433,123456,Trần Nhật Hùng,sv21128433@student.edu.vn,0978491508,STUDENT
21128434,123456,Bùi Anh Toàn,sv21128434@student.edu.vn,0933094329,STUDENT
21128435,123456,Lê Thanh Oanh,sv21128435@student.edu.vn,0922904575,STUDENT
21128436,123456,Trịnh Nhật Sơn,sv21128436@student.edu.vn,0952935718,STUDENT
21128437,123456,Đinh Thị Khánh,sv21128437@student.edu.vn,0934974302,STUDENT
21128438,123456,Đoàn Thiện Trung,sv21128438@student.edu.vn,0997245026,STUDENT
21128439,123456,Cao Thiện Sơn,sv21128439@student.edu.vn,0939764454,STUDENT
21128440,123456,Lê Kim Uyên,sv21128440@student.edu.vn,0929256829,STUDENT
21128441,123456,Phan Quang Giang,sv21128441@student.edu.vn,0927128440,STUDENT
21128442,123456,Đoàn Bảo Trí,sv21128442@student.edu.vn,0993117063,STUDENT
21128443,123456,Võ Hoàng Bình,sv21128443@student.edu.vn,0928498383,STUDENT
21128444,123456,Phan Anh Quân,sv21128444@student.edu.vn,0918943349,STUDENT
21128445,123456,Ngô Đức Oanh,sv21128445@student.edu.vn,0938342633,STUDENT
21128446,123456,Lê Thu Tùng,sv21128446@student.edu.vn,0993342432,STUDENT
21128447,123456,Đỗ Anh Vinh,sv21128447@student.edu.vn,0977761728,STUDENT
21128448,123456,Phan Hồng Khánh,sv21128448@student.edu.vn,0979363132,STUDENT
21128449,123456,Huỳnh Kim Khoa,sv21128449@student.edu.vn,0977295968,STUDENT
21128450,123456,Trần Duy Tùng,sv21128450@student.edu.vn,0987555965,STUDENT
21128451,123456,Tạ Ngọc Bình,sv21128451@student.edu.vn,0976823055,STUDENT
21128452,123456,Đỗ Thanh Duy,sv21128452@student.edu.vn,0959297148,STUDENT
21128453,123456,Lê Hoàng Xuân,sv21128453@student.edu.vn,0994929434,STUDENT
21128454,123456,Hoàng Trung Long,sv21128454@student.edu.vn,0944944503,STUDENT
21128455,123456,Trần Thanh Thành,sv21128455@student.edu.vn,0978145325,STUDENT
21128456,123456,Dương Anh Duy,sv21128456@student.edu.vn,0998137758,STUDENT
21128457,123456,Phan Quốc Nam,sv21128457@student.edu.vn,0966366118,STUDENT
21128458,123456,Lâm Thị Bình,sv21128458@student.edu.vn,0987379239,STUDENT
21128459,123456,Vũ Thiện Sơn,sv21128459@student.edu.vn,0953200459,STUDENT
21128460,123456,Vũ Phương Nga,sv21128460@student.edu.vn,0999331858,STUDENT
21128461,123456,Hồ Duy Xuân,sv21128461@student.edu.vn,0924945646,STUDENT
21128462,123456,Lý Đức Vinh,sv21128462@student.edu.vn,0993697747,STUDENT
21128463,123456,Đặng Thu Oanh,sv21128463@student.edu.vn,0967658222,STUDENT
21128464,123456,Vũ Trung Hiếu,sv21128464@student.edu.vn,0992291276,STUDENT
21128465,123456,Tạ Quốc Nhật,sv21128465@student.edu.vn,0947187162,STUDENT
21128466,123456,Lâm Duy Tài,sv21128466@student.edu.vn,0915127559,STUDENT
21128467,123456,Trịnh Thanh Trung,sv21128467@student.edu.vn,0999157510,STUDENT
21128468,123456,Đỗ Thị Tài,sv21128468@student.edu.vn,0961912320,STUDENT
21128469,123456,Hà Thị Tùng,sv21128469@student.edu.vn,0938812991,STUDENT
21128470,123456,Cao Thiện Vinh,sv21128470@student.edu.vn,0975492827,STUDENT
21128471,123456,Mai Bảo Trinh,sv21128471@student.edu.vn,0939834068,STUDENT
21128472,123456,Ngô Thiện Bình,sv21128472@student.edu.vn,0912210372,STUDENT
21128473,123456,Hà Hoàng Trung,sv21128473@student.edu.vn,0913991265,STUDENT
21128474,123456,Cao Đức Trung,sv21128474@student.edu.vn,0917271281,STUDENT
21128475,123456,Lâm Thiện Nga,sv21128475@student.edu.vn,0989411760,STUDENT
21128476,123456,Hoàng Phương Phúc,sv21128476@student.edu.vn,0996044376,STUDENT
21128477,123456,Trần Ngọc Hùng,sv21128477@student.edu.vn,0979671397,STUDENT
21128478,123456,Nguyễn Nhật Duy,sv21128478@student.edu.vn,0942087464,STUDENT
21128479,123456,Lâm Hoàng Oanh,sv21128479@student.edu.vn,0987599061,STUDENT
21128480,123456,Cao Thiện Khánh,sv21128480@student.edu.vn,0959942136,STUDENT
21128481,123456,Lâm Tuấn Huy,sv21128481@student.edu.vn,0985604273,STUDENT
21128482,123456,Dương Văn An,sv21128482@student.edu.vn,0953633196,STUDENT
21128483,123456,Mai Đức Khoa,sv21128483@student.edu.vn,0963223544,STUDENT
21128484,123456,Cao Gia Bảo,sv21128484@student.edu.vn,0962712371,STUDENT
21128485,123456,Bùi Hoàng Vinh,sv21128485@student.edu.vn,0926518278,STUDENT
21128486,123456,Lê Quốc Xuân,sv21128486@student.edu.vn,0993717014,STUDENT
21128487,123456,Phạm Hữu Thành,sv21128487@student.edu.vn,0993832236,STUDENT
21128488,123456,Đoàn Thị Tâm,sv21128488@student.edu.vn,0946036517,STUDENT
21128489,123456,Trần Anh Trí,sv21128489@student.edu.vn,0981254940,STUDENT
21128490,123456,Trịnh Thiện Cường,sv21128490@student.edu.vn,0998208704,STUDENT
21128491,123456,Ngô Phương Quân,sv21128491@student.edu.vn,0924455433,STUDENT
21128492,123456,Bùi Duy Quân,sv21128492@student.edu.vn,0919932844,STUDENT
21128493,123456,Hoàng Trung Quân,sv21128493@student.edu.vn,0937228974,STUDENT
21128494,123456,Bùi Bảo Vân,sv21128494@student.edu.vn,0918831648,STUDENT
21128495,123456,Trần Minh Inh,sv21128495@student.edu.vn,0930963121,STUDENT
21128496,123456,Huỳnh Phương Quân,sv21128496@student.edu.vn,0940738308,STUDENT
21128497,123456,Lâm Thu Oanh,sv21128497@student.edu.vn,0916485481,STUDENT
21128498,123456,Tạ Bảo Hương,sv21128498@student.edu.vn,0932123009,STUDENT
21128499,123456,Đinh Đức Xuân,sv21128499@student.edu.vn,0965295917,STUDENT
21128500,123456,Lý Xuân Tùng,sv21128500@student.edu.vn,0952076395,STUDENT
21128501,123456,Đoàn Thu Long,sv21128501@student.edu.vn,0938885433,STUDENT
21128502,123456,Võ Thanh Giang,sv21128502@student.edu.vn,0934085414,STUDENT
21128503,123456,Võ Thiện Vinh,sv21128503@student.edu.vn,0927596205,STUDENT
21128504,123456,Hà Phương Sơn,sv21128504@student.edu.vn,0927457733,STUDENT
21128505,123456,Bùi Quang Thành,sv21128505@student.edu.vn,0911718110,STUDENT
21128506,123456,Ngô Ngọc Uyên,sv21128506@student.edu.vn,0945482772,STUDENT
21128507,123456,Ngô Tuấn Phát,sv21128507@student.edu.vn,0999822479,STUDENT
21128508,123456,Vũ Hữu Uyên,sv21128508@student.edu.vn,0996802435,STUDENT
21128509,123456,Đỗ Hải Quân,sv21128509@student.edu.vn,0999771869,STUDENT
21128510,123456,Trịnh Văn Duy,sv21128510@student.edu.vn,0979090429,STUDENT
21128511,123456,Tạ Quốc Duy,sv21128511@student.edu.vn,0997668914,STUDENT
21128512,123456,Huỳnh Văn Yến,sv21128512@student.edu.vn,0932762397,STUDENT
21128513,123456,Hà Văn Uyên,sv21128513@student.edu.vn,0921208300,STUDENT
21128514,123456,Cao Thanh Nhật,sv21128514@student.edu.vn,0958558069,STUDENT
21128515,123456,Đỗ Hải Trí,sv21128515@student.edu.vn,0985450822,STUDENT
21128516,123456,Huỳnh Bảo An,sv21128516@student.edu.vn,0920402959,STUDENT
21128517,123456,Huỳnh Đức Phúc,sv21128517@student.edu.vn,0977854366,STUDENT
21128518,123456,Hoàng Hoàng Trí,sv21128518@student.edu.vn,0996363740,STUDENT
21128519,123456,Đặng Hải Trinh,sv21128519@student.edu.vn,0997148896,STUDENT
21128520,123456,Đặng Minh Trung,sv21128520@student.edu.vn,0978072602,STUDENT
21128521,123456,Trần Kim Hiếu,sv21128521@student.edu.vn,0986075095,STUDENT
21128522,123456,Trịnh Bảo Khánh,sv21128522@student.edu.vn,0921315982,STUDENT
21128523,123456,Phan Hồng Thảo,sv21128523@student.edu.vn,0980888501,STUDENT
21128524,123456,Hà Hữu Vinh,sv21128524@student.edu.vn,0990514315,STUDENT
21128525,123456,Trịnh Hải An,sv21128525@student.edu.vn,0910797869,STUDENT
21128526,123456,Đặng Văn Khánh,sv21128526@student.edu.vn,0913722703,STUDENT
21128527,123456,Trịnh Quang Cường,sv21128527@student.edu.vn,0956882410,STUDENT
21128528,123456,Đoàn Ngọc Kiệt,sv21128528@student.edu.vn,0972987856,STUDENT
21128529,123456,Đoàn Hữu Thắng,sv21128529@student.edu.vn,0922113061,STUDENT
21128530,123456,Ngô Văn Kiệt,sv21128530@student.edu.vn,0968621552,STUDENT
21128531,123456,Võ Quang Nga,sv21128531@student.edu.vn,0960189889,STUDENT
21128532,123456,Trần Thiện Uyên,sv21128532@student.edu.vn,0989763448,STUDENT
21128533,123456,Đinh Hồng Minh,sv21128533@student.edu.vn,0988384540,STUDENT
21128534,123456,Đinh Quốc Bảo,sv21128534@student.edu.vn,0953247522,STUDENT
21128535,123456,Lâm Duy Trinh,sv21128535@student.edu.vn,0997422084,STUDENT
21128536,123456,Vũ Gia Uyên,sv21128536@student.edu.vn,0938505732,STUDENT
21128537,123456,Tạ Phương Bình,sv21128537@student.edu.vn,0990901440,STUDENT
21128538,123456,Đinh Trung Oanh,sv21128538@student.edu.vn,0932080499,STUDENT
21128539,123456,Mai Văn Rạng,sv21128539@student.edu.vn,0932883429,STUDENT
21128540,123456,Lâm Thị An,sv21128540@student.edu.vn,0921368385,STUDENT
21128541,123456,Hồ Nhật Khánh,sv21128541@student.edu.vn,0942672466,STUDENT
21128542,123456,Đỗ Ngọc Sơn,sv21128542@student.edu.vn,0955899206,STUDENT
21128543,123456,Phan Thị Em,sv21128543@student.edu.vn,0956090177,STUDENT
21128544,123456,Mai Hoàng Tâm,sv21128544@student.edu.vn,0947688660,STUDENT
21128545,123456,Võ Hoàng Minh,sv21128545@student.edu.vn,0932448577,STUDENT
21128546,123456,Lâm Phương Khánh,sv21128546@student.edu.vn,0937959349,STUDENT
21128547,123456,Hà Hoàng Tài,sv21128547@student.edu.vn,0939714480,STUDENT
21128548,123456,Dương Gia Thảo,sv21128548@student.edu.vn,0980353815,STUDENT
21128549,123456,Nguyễn Phương Tài,sv21128549@student.edu.vn,0927960139,STUDENT
21128550,123456,Lâm Thu Em,sv21128550@student.edu.vn,0976177403,STUDENT
21128551,123456,Ngô Phương Sơn,sv21128551@student.edu.vn,0947709244,STUDENT
21128552,123456,Phan Quang Kiệt,sv21128552@student.edu.vn,0979250404,STUDENT
21128553,123456,Lê Hồng Hiếu,sv21128553@student.edu.vn,0925610980,STUDENT
21128554,123456,Trịnh Hải Trinh,sv21128554@student.edu.vn,0940353989,STUDENT
21128555,123456,Ngô Trung Sơn,sv21128555@student.edu.vn,0953653095,STUDENT
21128556,123456,Phan Quốc Lộc,sv21128556@student.edu.vn,0992526722,STUDENT
21128557,123456,Đoàn Thanh Nam,sv21128557@student.edu.vn,0935668831,STUDENT
21128558,123456,Ngô Anh Hiếu,sv21128558@student.edu.vn,0948495930,STUDENT
21128559,123456,Lê Đức Lan,sv21128559@student.edu.vn,0927229298,STUDENT
21128560,123456,Đặng Nhật Oanh,sv21128560@student.edu.vn,0963157756,STUDENT
21128561,123456,Vũ Tuấn Hương,sv21128561@student.edu.vn,0953949505,STUDENT
21128562,123456,Đỗ Ngọc Đạt,sv21128562@student.edu.vn,0917637910,STUDENT
21128563,123456,Võ Anh Phát,sv21128563@student.edu.vn,0947355566,STUDENT
21128564,123456,Dương Bảo Bình,sv21128564@student.edu.vn,0918476568,STUDENT
21128565,123456,Đoàn Gia Hùng,sv21128565@student.edu.vn,0939977136,STUDENT
21128566,123456,Nguyễn Hữu Toàn,sv21128566@student.edu.vn,0934413969,STUDENT
21128567,123456,Hà Thị Kiệt,sv21128567@student.edu.vn,0985627311,STUDENT
21128568,123456,Phạm Bảo Duy,sv21128568@student.edu.vn,0911034468,STUDENT
21128569,123456,Trịnh Thanh Nam,sv21128569@student.edu.vn,0930082558,STUDENT
21128570,123456,Võ Văn Tâm,sv21128570@student.edu.vn,0990429066,STUDENT
21128571,123456,Phạm Phương Nam,sv21128571@student.edu.vn,0987876490,STUDENT
21128572,123456,Ngô Bảo Yến,sv21128572@student.edu.vn,0982533665,STUDENT
21128573,123456,Trần Trung Trang,sv21128573@student.edu.vn,0990197466,STUDENT
21128574,123456,Cao Nhật Thảo,sv21128574@student.edu.vn,0914564515,STUDENT
21128575,123456,Đỗ Đức Oanh,sv21128575@student.edu.vn,0923835362,STUDENT
21128576,123456,Vũ Tuấn Bình,sv21128576@student.edu.vn,0917326947,STUDENT
21128577,123456,Đỗ Thanh Nam,sv21128577@student.edu.vn,0924248946,STUDENT
21128578,123456,Mai Minh Trinh,sv21128578@student.edu.vn,0919492673,STUDENT
21128579,123456,Hoàng Anh Hương,sv21128579@student.edu.vn,0946561544,STUDENT
21128580,123456,Lâm Quốc Giang,sv21128580@student.edu.vn,0952495541,STUDENT
21128581,123456,Tạ Quang Phúc,sv21128581@student.edu.vn,0960758116,STUDENT
21128582,123456,Phan Thị Trinh,sv21128582@student.edu.vn,0976045191,STUDENT
21128583,123456,Dương Gia Kiệt,sv21128583@student.edu.vn,0991014309,STUDENT
21128584,123456,Lê Nhật Thảo,sv21128584@student.edu.vn,0918882875,STUDENT
21128585,123456,Dương Thị Thảo,sv21128585@student.edu.vn,0935332095,STUDENT
21128586,123456,Trịnh Hữu Nam,sv21128586@student.edu.vn,0939396998,STUDENT
21128587,123456,Hà Quốc Hà,sv21128587@student.edu.vn,0910111559,STUDENT
21128588,123456,Đỗ Quốc Vinh,sv21128588@student.edu.vn,0964350326,STUDENT
21128589,123456,Phan Phương Khánh,sv21128589@student.edu.vn,0956310518,STUDENT
21128590,123456,Lê Đức Rạng,sv21128590@student.edu.vn,0940300583,STUDENT
21128591,123456,Cao Minh Huy,sv21128591@student.edu.vn,0967096088,STUDENT
21128592,123456,Trịnh Đức Oanh,sv21128592@student.edu.vn,0955895256,STUDENT
21128593,123456,Cao Thiện Toàn,sv21128593@student.edu.vn,0932916170,STUDENT
21128594,123456,Hồ Gia Giang,sv21128594@student.edu.vn,0919183768,STUDENT
21128595,123456,Lý Thị Yến,sv21128595@student.edu.vn,0964390028,STUDENT
21128596,123456,Đoàn Hải Huy,sv21128596@student.edu.vn,0991821808,STUDENT
21128597,123456,Cao Quốc Linh,sv21128597@student.edu.vn,0971562777,STUDENT
21128598,123456,Đinh Xuân Nga,sv21128598@student.edu.vn,0954853669,STUDENT
21128599,123456,Cao Thị Quân,sv21128599@student.edu.vn,0913272046,STUDENT
21128600,123456,Trịnh Quang Thắng,sv21128600@student.edu.vn,0985616169,STUDENT
21128601,123456,Dương Ngọc Oanh,sv21128601@student.edu.vn,0915935067,STUDENT
21128602,123456,Cao Xuân Long,sv21128602@student.edu.vn,0917962473,STUDENT
21128603,123456,Bùi Đức Kiệt,sv21128603@student.edu.vn,0935797183,STUDENT
21128604,123456,Hồ Quang An,sv21128604@student.edu.vn,0960945465,STUDENT
21128605,123456,Phạm Quốc Toàn,sv21128605@student.edu.vn,0991990012,STUDENT
21128606,123456,Phan Kim Yến,sv21128606@student.edu.vn,0939065180,STUDENT
21128607,123456,Trịnh Tuấn Hùng,sv21128607@student.edu.vn,0995587991,STUDENT
21128608,123456,Bùi Phương Tài,sv21128608@student.edu.vn,0932831847,STUDENT
21128609,123456,Trịnh Thiện Bình,sv21128609@student.edu.vn,0988393979,STUDENT
21128610,123456,Vũ Hải Hà,sv21128610@student.edu.vn,0978434721,STUDENT
21128611,123456,Tạ Ngọc Cường,sv21128611@student.edu.vn,0992656912,STUDENT
21128612,123456,Ngô Minh Hùng,sv21128612@student.edu.vn,0973883190,STUDENT
21128613,123456,Đinh Hoàng Đạt,sv21128613@student.edu.vn,0912169464,STUDENT
21128614,123456,Lâm Hồng Trung,sv21128614@student.edu.vn,0933918031,STUDENT
21128615,123456,Đỗ Kim Lan,sv21128615@student.edu.vn,0994565100,STUDENT
21128616,123456,Trịnh Văn Vân,sv21128616@student.edu.vn,0979411408,STUDENT
21128617,123456,Đoàn Quốc Rạng,sv21128617@student.edu.vn,0949836546,STUDENT
21128618,123456,Dương Minh Rạng,sv21128618@student.edu.vn,0955264219,STUDENT
21128619,123456,Cao Thu Toàn,sv21128619@student.edu.vn,0918741717,STUDENT
21128620,123456,Trịnh Kim Nga,sv21128620@student.edu.vn,0984470256,STUDENT
21128621,123456,Bùi Tuấn Linh,sv21128621@student.edu.vn,0918446020,STUDENT
21128622,123456,Ngô Nhật Inh,sv21128622@student.edu.vn,0915014852,STUDENT
21128623,123456,Cao Đức Trí,sv21128623@student.edu.vn,0933723214,STUDENT
21128624,123456,Trịnh Bảo Linh,sv21128624@student.edu.vn,0991077765,STUDENT
21128625,123456,Võ Thị Sơn,sv21128625@student.edu.vn,0913599413,STUDENT
21128626,123456,Trần Anh Đạt,sv21128626@student.edu.vn,0968335722,STUDENT
21128627,123456,Nguyễn Hồng Vinh,sv21128627@student.edu.vn,0919336704,STUDENT
21128628,123456,Cao Hữu Lan,sv21128628@student.edu.vn,0962673576,STUDENT
21128629,123456,Mai Quốc Thắng,sv21128629@student.edu.vn,0996348924,STUDENT
21128630,123456,Trịnh Văn Bảo,sv21128630@student.edu.vn,0944854150,STUDENT
21128631,123456,Huỳnh Gia Khoa,sv21128631@student.edu.vn,0947335176,STUDENT
21128632,123456,Vũ Thanh Duy,sv21128632@student.edu.vn,0996499706,STUDENT
21128633,123456,Hà Hồng Huy,sv21128633@student.edu.vn,0917136537,STUDENT
21128634,123456,Trần Trung Tâm,sv21128634@student.edu.vn,0940819080,STUDENT
21128635,123456,Tạ Thanh Toàn,sv21128635@student.edu.vn,0985226939,STUDENT
21128636,123456,Lý Hồng Vân,sv21128636@student.edu.vn,0994091858,STUDENT
21128637,123456,Đinh Kim Phát,sv21128637@student.edu.vn,0910466617,STUDENT
21128638,123456,Tạ Hữu Đạt,sv21128638@student.edu.vn,0948477285,STUDENT
21128639,123456,Hà Xuân Huy,sv21128639@student.edu.vn,0943559780,STUDENT
21128640,123456,Hà Thiện Long,sv21128640@student.edu.vn,0955728257,STUDENT
21128641,123456,Huỳnh Hữu Cường,sv21128641@student.edu.vn,0937389449,STUDENT
21128642,123456,Hồ Nhật Hùng,sv21128642@student.edu.vn,0921854760,STUDENT
21128643,123456,Trịnh Văn Lan,sv21128643@student.edu.vn,0963846132,STUDENT
21128644,123456,Đặng Minh Thắng,sv21128644@student.edu.vn,0994607483,STUDENT
21128645,123456,Hồ Bảo Thảo,sv21128645@student.edu.vn,0973590488,STUDENT
21128646,123456,Huỳnh Anh Yến,sv21128646@student.edu.vn,0945518943,STUDENT
21128647,123456,Phạm Nhật Inh,sv21128647@student.edu.vn,0965183542,STUDENT
21128648,123456,Lâm Thiện Thảo,sv21128648@student.edu.vn,0932097563,STUDENT
21128649,123456,Hà Duy Nhật,sv21128649@student.edu.vn,0934999630,STUDENT
21128650,123456,Lê Phương Long,sv21128650@student.edu.vn,0914782809,STUDENT
21128651,123456,Hoàng Phương Kiệt,sv21128651@student.edu.vn,0953925643,STUDENT
21128652,123456,Võ Xuân Rạng,sv21128652@student.edu.vn,0974699931,STUDENT
21128653,123456,Võ Thu Hương,sv21128653@student.edu.vn,0971424472,STUDENT
21128654,123456,Lê Hữu Minh,sv21128654@student.edu.vn,0935245617,STUDENT
21128655,123456,Bùi Hoàng Cường,sv21128655@student.edu.vn,0956238209,STUDENT
21128656,123456,Đinh Xuân Duy,sv21128656@student.edu.vn,0942016551,STUDENT
21128657,123456,Trần Thiện Oanh,sv21128657@student.edu.vn,0954531644,STUDENT
21128658,123456,Hà Duy Cường,sv21128658@student.edu.vn,0971957462,STUDENT
21128659,123456,Dương Tuấn Em,sv21128659@student.edu.vn,0967806194,STUDENT
21128660,123456,Bùi Hồng Bình,sv21128660@student.edu.vn,0976150176,STUDENT
21128661,123456,Lâm Thiện Khoa,sv21128661@student.edu.vn,0940941871,STUDENT
21128662,123456,Vũ Bảo Trí,sv21128662@student.edu.vn,0918362182,STUDENT
21128663,123456,Võ Ngọc Hùng,sv21128663@student.edu.vn,0969284318,STUDENT
21128664,123456,Phạm Minh Trung,sv21128664@student.edu.vn,0998938625,STUDENT
21128665,123456,Đặng Kim Phúc,sv21128665@student.edu.vn,0964124353,STUDENT
21128666,123456,Cao Hải Tâm,sv21128666@student.edu.vn,0985213734,STUDENT
21128667,123456,Hoàng Ngọc Xuân,sv21128667@student.edu.vn,0975956407,STUDENT
21128668,123456,Phạm Trung Tâm,sv21128668@student.edu.vn,0988299090,STUDENT
21128669,123456,Ngô Hoàng Thắng,sv21128669@student.edu.vn,0985353277,STUDENT
21128670,123456,Tạ Thiện Tùng,sv21128670@student.edu.vn,0920201723,STUDENT
21128671,123456,Ngô Đức Hùng,sv21128671@student.edu.vn,0935299004,STUDENT
21128672,123456,Ngô Anh An,sv21128672@student.edu.vn,0964026636,STUDENT
21128673,123456,Hồ Thị An,sv21128673@student.edu.vn,0958066471,STUDENT
21128674,123456,Nguyễn Thu Toàn,sv21128674@student.edu.vn,0959738999,STUDENT
21128675,123456,Đoàn Thiện Nga,sv21128675@student.edu.vn,0999374374,STUDENT
21128676,123456,Bùi Minh Thắng,sv21128676@student.edu.vn,0975403781,STUDENT
21128677,123456,Nguyễn Thiện Uyên,sv21128677@student.edu.vn,0956700055,STUDENT
21128678,123456,Phan Gia Thắng,sv21128678@student.edu.vn,0999304906,STUDENT
21128679,123456,Vũ Tuấn Inh,sv21128679@student.edu.vn,0924836073,STUDENT
21128680,123456,Phan Đức Trinh,sv21128680@student.edu.vn,0940370484,STUDENT
21128681,123456,Hà Thanh Trí,sv21128681@student.edu.vn,0964132088,STUDENT
21128682,123456,Đỗ Duy Đạt,sv21128682@student.edu.vn,0947807884,STUDENT
21128683,123456,Phan Hữu Nhật,sv21128683@student.edu.vn,0925993730,STUDENT
21128684,123456,Phan Anh Huy,sv21128684@student.edu.vn,0996426216,STUDENT
21128685,123456,Ngô Nhật Em,sv21128685@student.edu.vn,0996799496,STUDENT
21128686,123456,Đặng Bảo Tâm,sv21128686@student.edu.vn,0961910704,STUDENT
21128687,123456,Mai Hồng Rạng,sv21128687@student.edu.vn,0942806638,STUDENT
21128688,123456,Nguyễn Thanh Vân,sv21128688@student.edu.vn,0930332211,STUDENT
21128689,123456,Đoàn Trung Nhật,sv21128689@student.edu.vn,0919395722,STUDENT
21128690,123456,Đinh Hải Vinh,sv21128690@student.edu.vn,0911473847,STUDENT
21128691,123456,Võ Nhật Linh,sv21128691@student.edu.vn,0933348842,STUDENT
21128692,123456,Lâm Thanh Vinh,sv21128692@student.edu.vn,0945982218,STUDENT
21128693,123456,Hà Trung Giang,sv21128693@student.edu.vn,0914939508,STUDENT
21128694,123456,Hồ Thanh Phong,sv21128694@student.edu.vn,0942110707,STUDENT
21128695,123456,Mai Nhật Trí,sv21128695@student.edu.vn,0961174555,STUDENT
21128696,123456,Cao Quốc Linh,sv21128696@student.edu.vn,0979915135,STUDENT
21128697,123456,Đoàn Tuấn Duy,sv21128697@student.edu.vn,0972966389,STUDENT
21128698,123456,Võ Thu Nam,sv21128698@student.edu.vn,0988112468,STUDENT
21128699,123456,Trần Anh Cường,sv21128699@student.edu.vn,0958247311,STUDENT
21128700,123456,Cao Gia Oanh,sv21128700@student.edu.vn,0969024783,STUDENT
21128701,123456,Đặng Minh Hùng,sv21128701@student.edu.vn,0915424527,STUDENT
21128702,123456,Lâm Gia Em,sv21128702@student.edu.vn,0953481056,STUDENT
21128703,123456,Mai Hữu Phong,sv21128703@student.edu.vn,0951146399,STUDENT
21128704,123456,Đỗ Gia Em,sv21128704@student.edu.vn,0988174860,STUDENT
21128705,123456,Hồ Phương Yến,sv21128705@student.edu.vn,0982431533,STUDENT
21128706,123456,Huỳnh Quốc Hiếu,sv21128706@student.edu.vn,0935280025,STUDENT
21128707,123456,Trịnh Đức Linh,sv21128707@student.edu.vn,0965954952,STUDENT
21128708,123456,Đỗ Phương Nhật,sv21128708@student.edu.vn,0995540817,STUDENT
21128709,123456,Mai Thanh Inh,sv21128709@student.edu.vn,0951514676,STUDENT
21128710,123456,Đỗ Minh Hùng,sv21128710@student.edu.vn,0963228506,STUDENT
21128711,123456,Nguyễn Ngọc Vinh,sv21128711@student.edu.vn,0948341946,STUDENT
21128712,123456,Lâm Trung Vân,sv21128712@student.edu.vn,0943231406,STUDENT
21128713,123456,Trần Tuấn Nga,sv21128713@student.edu.vn,0942265673,STUDENT
21128714,123456,Tạ Hải Đạt,sv21128714@student.edu.vn,0918035394,STUDENT
21128715,123456,Cao Đức Nhật,sv21128715@student.edu.vn,0979833161,STUDENT
21128716,123456,Ngô Thanh Kiệt,sv21128716@student.edu.vn,0916436060,STUDENT
21128717,123456,Tạ Nhật Nam,sv21128717@student.edu.vn,0986192724,STUDENT
21128718,123456,Nguyễn Hữu Duy,sv21128718@student.edu.vn,0983608582,STUDENT
21128719,123456,Đinh Ngọc Nga,sv21128719@student.edu.vn,0920131785,STUDENT
21128720,123456,Ngô Thị Lan,sv21128720@student.edu.vn,0920290299,STUDENT
21128721,123456,Lâm Hoàng Bảo,sv21128721@student.edu.vn,0983086224,STUDENT
21128722,123456,Ngô Đức Bình,sv21128722@student.edu.vn,0985102078,STUDENT
21128723,123456,Ngô Thu Linh,sv21128723@student.edu.vn,0942390700,STUDENT
21128724,123456,Bùi Văn Em,sv21128724@student.edu.vn,0928519770,STUDENT
21128725,123456,Vũ Hồng Hùng,sv21128725@student.edu.vn,0963283601,STUDENT
21128726,123456,Đinh Ngọc Inh,sv21128726@student.edu.vn,0958421503,STUDENT
21128727,123456,Huỳnh Hồng Linh,sv21128727@student.edu.vn,0979316695,STUDENT
21128728,123456,Đỗ Hoàng Tài,sv21128728@student.edu.vn,0992687588,STUDENT
21128729,123456,Dương Thu Tùng,sv21128729@student.edu.vn,0978182545,STUDENT
21128730,123456,Tạ Kim Khoa,sv21128730@student.edu.vn,0972123567,STUDENT
21128731,123456,Phạm Quang Nam,sv21128731@student.edu.vn,0922850493,STUDENT
21128732,123456,Huỳnh Xuân Tài,sv21128732@student.edu.vn,0949733144,STUDENT
21128733,123456,Võ Thị Trí,sv21128733@student.edu.vn,0920911098,STUDENT
21128734,123456,Đặng Ngọc Sơn,sv21128734@student.edu.vn,0965563478,STUDENT
21128735,123456,Lâm Thiện Thắng,sv21128735@student.edu.vn,0918775871,STUDENT
21128736,123456,Phan Hồng Uyên,sv21128736@student.edu.vn,0972362751,STUDENT
21128737,123456,Hoàng Nhật Nhật,sv21128737@student.edu.vn,0917643940,STUDENT
21128738,123456,Trần Quang Hương,sv21128738@student.edu.vn,0920860909,STUDENT
21128739,123456,Bùi Quang Nga,sv21128739@student.edu.vn,0988438750,STUDENT
21128740,123456,Hà Xuân Cường,sv21128740@student.edu.vn,0918446817,STUDENT
21128741,123456,Hồ Trung Khánh,sv21128741@student.edu.vn,0935034877,STUDENT
21128742,123456,Tạ Minh Rạng,sv21128742@student.edu.vn,0966508195,STUDENT
21128743,123456,Cao Trung Tùng,sv21128743@student.edu.vn,0931630265,STUDENT
21128744,123456,Nguyễn Gia Nam,sv21128744@student.edu.vn,0940695719,STUDENT
21128745,123456,Hồ Hải Linh,sv21128745@student.edu.vn,0955388443,STUDENT
21128746,123456,Huỳnh Kim An,sv21128746@student.edu.vn,0996398342,STUDENT
21128747,123456,Lâm Ngọc Thắng,sv21128747@student.edu.vn,0994338762,STUDENT
21128748,123456,Đặng Bảo Duy,sv21128748@student.edu.vn,0956329514,STUDENT
21128749,123456,Đoàn Gia Phúc,sv21128749@student.edu.vn,0944751657,STUDENT
21128750,123456,Ngô Thiện Tâm,sv21128750@student.edu.vn,0953657699,STUDENT
21128751,123456,Nguyễn Phương Trinh,sv21128751@student.edu.vn,0962429924,STUDENT
21128752,123456,Phạm Hữu Lộc,sv21128752@student.edu.vn,0937843434,STUDENT
21128753,123456,Lý Thu Quân,sv21128753@student.edu.vn,0925259482,STUDENT
21128754,123456,Trịnh Bảo Xuân,sv21128754@student.edu.vn,0993030080,STUDENT
21128755,123456,Đoàn Ngọc Đạt,sv21128755@student.edu.vn,0965808499,STUDENT
21128756,123456,Lý Quốc Tùng,sv21128756@student.edu.vn,0941923663,STUDENT
21128757,123456,Bùi Nhật Phúc,sv21128757@student.edu.vn,0962285708,STUDENT
21128758,123456,Hồ Hoàng Trung,sv21128758@student.edu.vn,0946929702,STUDENT
21128759,123456,Nguyễn Phương Oanh,sv21128759@student.edu.vn,0921086684,STUDENT
21128760,123456,Ngô Duy Lan,sv21128760@student.edu.vn,0920213475,STUDENT
21128761,123456,Bùi Minh Trí,sv21128761@student.edu.vn,0910081596,STUDENT
21128762,123456,Hồ Thanh Long,sv21128762@student.edu.vn,0938618425,STUDENT
21128763,123456,Tạ Duy Xuân,sv21128763@student.edu.vn,0944122072,STUDENT
21128764,123456,Phan Anh Tài,sv21128764@student.edu.vn,0972293157,STUDENT
21128765,123456,Lê Văn Thành,sv21128765@student.edu.vn,0956074443,STUDENT
21128766,123456,Lâm Thiện Phát,sv21128766@student.edu.vn,0987603295,STUDENT
21128767,123456,Hồ Xuân Thắng,sv21128767@student.edu.vn,0977671866,STUDENT
21128768,123456,Đinh Hoàng Lan,sv21128768@student.edu.vn,0983619342,STUDENT
21128769,123456,Trịnh Gia Khoa,sv21128769@student.edu.vn,0971184281,STUDENT
21128770,123456,Phạm Gia Phát,sv21128770@student.edu.vn,0982694260,STUDENT
21128771,123456,Bùi Kim Lộc,sv21128771@student.edu.vn,0949353203,STUDENT
21128772,123456,Vũ Thị Khoa,sv21128772@student.edu.vn,0948203357,STUDENT
21128773,123456,Phan Xuân Vân,sv21128773@student.edu.vn,0914691092,STUDENT
21128774,123456,Vũ Hoàng Quân,sv21128774@student.edu.vn,0958088543,STUDENT
21128775,123456,Bùi Thu Tùng,sv21128775@student.edu.vn,0976052598,STUDENT
21128776,123456,Đặng Văn Trang,sv21128776@student.edu.vn,0943168185,STUDENT
21128777,123456,Huỳnh Phương Trinh,sv21128777@student.edu.vn,0921930066,STUDENT
21128778,123456,Hồ Bảo Minh,sv21128778@student.edu.vn,0961089661,STUDENT
21128779,123456,Trần Hải Thảo,sv21128779@student.edu.vn,0927262481,STUDENT
21128780,123456,Mai Hồng Khánh,sv21128780@student.edu.vn,0978045617,STUDENT
21128781,123456,Tạ Hải Khánh,sv21128781@student.edu.vn,0944146940,STUDENT
21128782,123456,Phan Nhật Lan,sv21128782@student.edu.vn,0936178936,STUDENT
21128783,123456,Lê Nhật Trí,sv21128783@student.edu.vn,0974157857,STUDENT
21128784,123456,Hà Thanh Đạt,sv21128784@student.edu.vn,0919228918,STUDENT
21128785,123456,Đặng Thu Em,sv21128785@student.edu.vn,0962241615,STUDENT
21128786,123456,Hồ Hồng Đạt,sv21128786@student.edu.vn,0980491558,STUDENT
21128787,123456,Tạ Thiện Trang,sv21128787@student.edu.vn,0926408962,STUDENT
21128788,123456,Lâm Đức Em,sv21128788@student.edu.vn,0974943597,STUDENT
21128789,123456,Hồ Tuấn Uyên,sv21128789@student.edu.vn,0962653072,STUDENT
21128790,123456,Hồ Thu Phong,sv21128790@student.edu.vn,0967041857,STUDENT
21128791,123456,Dương Hoàng Tài,sv21128791@student.edu.vn,0911894532,STUDENT
21128792,123456,Bùi Đức Rạng,sv21128792@student.edu.vn,0952167490,STUDENT
21128793,123456,Nguyễn Hải Đạt,sv21128793@student.edu.vn,0983345868,STUDENT
21128794,123456,Trần Hải Khoa,sv21128794@student.edu.vn,0989468555,STUDENT
21128795,123456,Trịnh Duy Thảo,sv21128795@student.edu.vn,0981536624,STUDENT
21128796,123456,Huỳnh Hữu Thảo,sv21128796@student.edu.vn,0942777991,STUDENT
21128797,123456,Đặng Xuân Thành,sv21128797@student.edu.vn,0967031527,STUDENT
21128798,123456,Tạ Gia Thảo,sv21128798@student.edu.vn,0980404937,STUDENT
21128799,123456,Đoàn Quang Em,sv21128799@student.edu.vn,0933113043,STUDENT
21128800,123456,Tạ Hồng Giang,sv21128800@student.edu.vn,0985219798,STUDENT
21128801,123456,Võ Đức Tùng,sv21128801@student.edu.vn,0954629936,STUDENT
21128802,123456,Trịnh Hoàng Phong,sv21128802@student.edu.vn,0972018020,STUDENT
21128803,123456,Hà Hữu Trinh,sv21128803@student.edu.vn,0934978970,STUDENT
21128804,123456,Bùi Bảo Thành,sv21128804@student.edu.vn,0941222741,STUDENT
21128805,123456,Lâm Thị Thắng,sv21128805@student.edu.vn,0993453336,STUDENT
21128806,123456,Bùi Hồng Vinh,sv21128806@student.edu.vn,0924429558,STUDENT
21128807,123456,Hà Thu Oanh,sv21128807@student.edu.vn,0975875810,STUDENT
21128808,123456,Vũ Xuân An,sv21128808@student.edu.vn,0993826051,STUDENT
21128809,123456,Đoàn Văn Rạng,sv21128809@student.edu.vn,0927574722,STUDENT
21128810,123456,Ngô Gia Bảo,sv21128810@student.edu.vn,0926689728,STUDENT
21128811,123456,Trịnh Kim Trinh,sv21128811@student.edu.vn,0914974526,STUDENT
21128812,123456,Trịnh Duy Giang,sv21128812@student.edu.vn,0968696677,STUDENT
21128813,123456,Nguyễn Quốc Bình,sv21128813@student.edu.vn,0977270348,STUDENT
21128814,123456,Cao Minh Khoa,sv21128814@student.edu.vn,0917052176,STUDENT
21128815,123456,Lý Bảo Lộc,sv21128815@student.edu.vn,0937904965,STUDENT
21128816,123456,Nguyễn Minh Phát,sv21128816@student.edu.vn,0962767807,STUDENT
21128817,123456,Bùi Hải Tài,sv21128817@student.edu.vn,0985864963,STUDENT
21128818,123456,Huỳnh Hoàng Em,sv21128818@student.edu.vn,0930685537,STUDENT
21128819,123456,Vũ Trung Tài,sv21128819@student.edu.vn,0938693823,STUDENT
21128820,123456,Võ Minh Trang,sv21128820@student.edu.vn,0917824474,STUDENT
21128821,123456,Nguyễn Kim Đạt,sv21128821@student.edu.vn,0971301577,STUDENT
21128822,123456,Đỗ Thanh Em,sv21128822@student.edu.vn,0967560347,STUDENT
21128823,123456,Hà Phương Phát,sv21128823@student.edu.vn,0956651173,STUDENT
21128824,123456,Dương Thiện Khánh,sv21128824@student.edu.vn,0930078005,STUDENT
21128825,123456,Ngô Quang Phong,sv21128825@student.edu.vn,0993101499,STUDENT
21128826,123456,Hồ Hữu Inh,sv21128826@student.edu.vn,0976802311,STUDENT
21128827,123456,Huỳnh Anh Thắng,sv21128827@student.edu.vn,0986902250,STUDENT
21128828,123456,Lâm Quang Toàn,sv21128828@student.edu.vn,0973262752,STUDENT
21128829,123456,Vũ Quốc Khoa,sv21128829@student.edu.vn,0973544750,STUDENT
21128830,123456,Nguyễn Anh Phúc,sv21128830@student.edu.vn,0953570871,STUDENT
21128831,123456,Trần Thiện Linh,sv21128831@student.edu.vn,0982627133,STUDENT
21128832,123456,Phạm Anh Phát,sv21128832@student.edu.vn,0925593142,STUDENT
21128833,123456,Đỗ Thu Lộc,sv21128833@student.edu.vn,0963141383,STUDENT
21128834,123456,Ngô Trung Bảo,sv21128834@student.edu.vn,0960733774,STUDENT
21128835,123456,Võ Hoàng Tâm,sv21128835@student.edu.vn,0967205489,STUDENT
21128836,123456,Phan Quốc Long,sv21128836@student.edu.vn,0916950900,STUDENT
21128837,123456,Trần Bảo Phát,sv21128837@student.edu.vn,0925950668,STUDENT
21128838,123456,Vũ Tuấn Hiếu,sv21128838@student.edu.vn,0980184369,STUDENT
21128839,123456,Đặng Minh Duy,sv21128839@student.edu.vn,0916023339,STUDENT
21128840,123456,Lê Nhật Hà,sv21128840@student.edu.vn,0920339421,STUDENT
21128841,123456,Ngô Phương Trung,sv21128841@student.edu.vn,0966431182,STUDENT
21128842,123456,Lâm Xuân Trinh,sv21128842@student.edu.vn,0916607795,STUDENT
21128843,123456,Phạm Ngọc Kiệt,sv21128843@student.edu.vn,0989457649,STUDENT
21128844,123456,Nguyễn Trung Hà,sv21128844@student.edu.vn,0962936909,STUDENT
21128845,123456,Phạm Kim Em,sv21128845@student.edu.vn,0930630877,STUDENT
21128846,123456,Đỗ Trung Lộc,sv21128846@student.edu.vn,0915320316,STUDENT
21128847,123456,Đoàn Quang Hương,sv21128847@student.edu.vn,0953593060,STUDENT
21128848,123456,Tạ Xuân Oanh,sv21128848@student.edu.vn,0921185353,STUDENT
21128849,123456,Ngô Gia Rạng,sv21128849@student.edu.vn,0924624074,STUDENT
21128850,123456,Tạ Đức Kiệt,sv21128850@student.edu.vn,0940959572,STUDENT
21128851,123456,Nguyễn Trung Quân,sv21128851@student.edu.vn,0998507140,STUDENT
21128852,123456,Phan Hải Vinh,sv21128852@student.edu.vn,0935246088,STUDENT
21128853,123456,Lê Nhật Phong,sv21128853@student.edu.vn,0988044402,STUDENT
21128854,123456,Phan Văn Khoa,sv21128854@student.edu.vn,0968310182,STUDENT
21128855,123456,Lê Quốc Khoa,sv21128855@student.edu.vn,0945444988,STUDENT
21128856,123456,Ngô Minh Trung,sv21128856@student.edu.vn,0916368223,STUDENT
21128857,123456,Huỳnh Hồng Phong,sv21128857@student.edu.vn,0983949081,STUDENT
21128858,123456,Vũ Quang Thắng,sv21128858@student.edu.vn,0923144593,STUDENT
21128859,123456,Phan Tuấn Toàn,sv21128859@student.edu.vn,0921078600,STUDENT
21128860,123456,Trần Hải Nam,sv21128860@student.edu.vn,0912920411,STUDENT
21128861,123456,Đỗ Tuấn Khoa,sv21128861@student.edu.vn,0981138460,STUDENT
21128862,123456,Phan Hải Lan,sv21128862@student.edu.vn,0988979536,STUDENT
21128863,123456,Nguyễn Hải An,sv21128863@student.edu.vn,0973145030,STUDENT
21128864,123456,Lâm Tuấn Hiếu,sv21128864@student.edu.vn,0996808119,STUDENT
21128865,123456,Đặng Minh Oanh,sv21128865@student.edu.vn,0922342680,STUDENT
21128866,123456,Đặng Tuấn Huy,sv21128866@student.edu.vn,0994737217,STUDENT
21128867,123456,Cao Thị Cường,sv21128867@student.edu.vn,0996554233,STUDENT
21128868,123456,Trịnh Bảo Inh,sv21128868@student.edu.vn,0967992800,STUDENT
21128869,123456,Võ Hoàng Duy,sv21128869@student.edu.vn,0923970092,STUDENT
21128870,123456,Đỗ Thu Oanh,sv21128870@student.edu.vn,0913603565,STUDENT
21128871,123456,Nguyễn Quang Long,sv21128871@student.edu.vn,0966523654,STUDENT
21128872,123456,Hồ Xuân Trinh,sv21128872@student.edu.vn,0987360102,STUDENT
21128873,123456,Đinh Tuấn Đạt,sv21128873@student.edu.vn,0934029887,STUDENT
21128874,123456,Mai Hải Tâm,sv21128874@student.edu.vn,0911864265,STUDENT
21128875,123456,Trịnh Hồng Nam,sv21128875@student.edu.vn,0934507171,STUDENT
21128876,123456,Vũ Tuấn Vân,sv21128876@student.edu.vn,0978809356,STUDENT
21128877,123456,Vũ Thị Kiệt,sv21128877@student.edu.vn,0994728965,STUDENT
21128878,123456,Huỳnh Quốc Duy,sv21128878@student.edu.vn,0969890061,STUDENT
21128879,123456,Trần Văn Minh,sv21128879@student.edu.vn,0973249340,STUDENT
21128880,123456,Nguyễn Thiện Đạt,sv21128880@student.edu.vn,0946666926,STUDENT
21128881,123456,Đỗ Văn Nhật,sv21128881@student.edu.vn,0992168038,STUDENT
21128882,123456,Võ Nhật Em,sv21128882@student.edu.vn,0985616058,STUDENT
21128883,123456,Lê Bảo Cường,sv21128883@student.edu.vn,0981614776,STUDENT
21128884,123456,Ngô Thiện Trinh,sv21128884@student.edu.vn,0928239285,STUDENT
21128885,123456,Ngô Xuân Đạt,sv21128885@student.edu.vn,0951096949,STUDENT
21128886,123456,Trần Tuấn Phong,sv21128886@student.edu.vn,0916223015,STUDENT
21128887,123456,Đoàn Đức Tùng,sv21128887@student.edu.vn,0963918009,STUDENT
21128888,123456,Hoàng Thu Trinh,sv21128888@student.edu.vn,0940487971,STUDENT
21128889,123456,Lê Duy Hùng,sv21128889@student.edu.vn,0913284961,STUDENT
21128890,123456,Cao Xuân Rạng,sv21128890@student.edu.vn,0983524593,STUDENT
21128891,123456,Võ Phương Thảo,sv21128891@student.edu.vn,0971266572,STUDENT
21128892,123456,Đỗ Quang Rạng,sv21128892@student.edu.vn,0949027450,STUDENT
21128893,123456,Đoàn Trung Trang,sv21128893@student.edu.vn,0935445822,STUDENT
21128894,123456,Vũ Nhật Tùng,sv21128894@student.edu.vn,0923693202,STUDENT
21128895,123456,Đặng Thị Cường,sv21128895@student.edu.vn,0980506325,STUDENT
21128896,123456,Đặng Nhật Kiệt,sv21128896@student.edu.vn,0958527136,STUDENT
21128897,123456,Hồ Thu Rạng,sv21128897@student.edu.vn,0956822695,STUDENT
21128898,123456,Đặng Gia Thảo,sv21128898@student.edu.vn,0973887830,STUDENT
21128899,123456,Ngô Tuấn Quân,sv21128899@student.edu.vn,0991428689,STUDENT
21128900,123456,Cao Quốc Bảo,sv21128900@student.edu.vn,0943106189,STUDENT
21128901,123456,Lê Gia Hiếu,sv21128901@student.edu.vn,0962951199,STUDENT
21128902,123456,Hoàng Duy Inh,sv21128902@student.edu.vn,0918299949,STUDENT
21128903,123456,Đoàn Gia Trang,sv21128903@student.edu.vn,0991180219,STUDENT
21128904,123456,Võ Hoàng Phúc,sv21128904@student.edu.vn,0955972142,STUDENT
21128905,123456,Bùi Văn Vinh,sv21128905@student.edu.vn,0933914601,STUDENT
21128906,123456,Đặng Trung Bảo,sv21128906@student.edu.vn,0957254405,STUDENT
21128907,123456,Lâm Tuấn Linh,sv21128907@student.edu.vn,0969452968,STUDENT
21128908,123456,Trịnh Duy Thắng,sv21128908@student.edu.vn,0944198675,STUDENT
21128909,123456,Hồ Hữu Toàn,sv21128909@student.edu.vn,0952801056,STUDENT
21128910,123456,Lý Văn Đạt,sv21128910@student.edu.vn,0943902257,STUDENT
21128911,123456,Đinh Hải Em,sv21128911@student.edu.vn,0940211902,STUDENT
21128912,123456,Tạ Kim Vân,sv21128912@student.edu.vn,0950363224,STUDENT
21128913,123456,Võ Hữu Sơn,sv21128913@student.edu.vn,0983451252,STUDENT
21128914,123456,Cao Gia Duy,sv21128914@student.edu.vn,0914355685,STUDENT
21128915,123456,Phan Bảo Hà,sv21128915@student.edu.vn,0924430086,STUDENT
21128916,123456,Mai Đức Thắng,sv21128916@student.edu.vn,0991782497,STUDENT
21128917,123456,Trần Bảo Tùng,sv21128917@student.edu.vn,0911890101,STUDENT
21128918,123456,Bùi Đức Giang,sv21128918@student.edu.vn,0969478985,STUDENT
21128919,123456,Lê Trung Hà,sv21128919@student.edu.vn,0959689568,STUDENT
21128920,123456,Tạ Kim Kiệt,sv21128920@student.edu.vn,0996345857,STUDENT
21128921,123456,Dương Tuấn Hương,sv21128921@student.edu.vn,0959596130,STUDENT
21128922,123456,Mai Anh Trang,sv21128922@student.edu.vn,0977124540,STUDENT
21128923,123456,Tạ Anh Phúc,sv21128923@student.edu.vn,0977163457,STUDENT
21128924,123456,Võ Thiện Bảo,sv21128924@student.edu.vn,0919012279,STUDENT
21128925,123456,Trần Trung Thành,sv21128925@student.edu.vn,0957119810,STUDENT
21128926,123456,Cao Nhật Vinh,sv21128926@student.edu.vn,0993136871,STUDENT
21128927,123456,Đinh Hải Quân,sv21128927@student.edu.vn,0969073814,STUDENT
21128928,123456,Phan Hồng Xuân,sv21128928@student.edu.vn,0922827142,STUDENT
21128929,123456,Đỗ Xuân Rạng,sv21128929@student.edu.vn,0981248603,STUDENT
21128930,123456,Lý Thanh An,sv21128930@student.edu.vn,0992552922,STUDENT
21128931,123456,Nguyễn Nhật Rạng,sv21128931@student.edu.vn,0922065968,STUDENT
21128932,123456,Bùi Thị Huy,sv21128932@student.edu.vn,0988884669,STUDENT
21128933,123456,Hoàng Hữu Long,sv21128933@student.edu.vn,0982240992,STUDENT
21128934,123456,Lý Hoàng Giang,sv21128934@student.edu.vn,0934948655,STUDENT
21128935,123456,Hà Thanh Nhật,sv21128935@student.edu.vn,0994081548,STUDENT
21128936,123456,Đỗ Gia Khoa,sv21128936@student.edu.vn,0975736417,STUDENT
21128937,123456,Mai Quang Duy,sv21128937@student.edu.vn,0999843993,STUDENT
21128938,123456,Vũ Thanh Trinh,sv21128938@student.edu.vn,0922430608,STUDENT
21128939,123456,Hà Thiện Đạt,sv21128939@student.edu.vn,0949854551,STUDENT
21128940,123456,Huỳnh Ngọc Thắng,sv21128940@student.edu.vn,0918473692,STUDENT
21128941,123456,Mai Duy Trinh,sv21128941@student.edu.vn,0918851313,STUDENT
21128942,123456,Lý Thanh Trinh,sv21128942@student.edu.vn,0998684837,STUDENT
21128943,123456,Trịnh Trung Khánh,sv21128943@student.edu.vn,0953584193,STUDENT
21128944,123456,Vũ Gia Nhật,sv21128944@student.edu.vn,0974492007,STUDENT
21128945,123456,Trịnh Minh Vinh,sv21128945@student.edu.vn,0971330949,STUDENT
21128946,123456,Hoàng Đức Rạng,sv21128946@student.edu.vn,0977866504,STUDENT
21128947,123456,Vũ Quang Huy,sv21128947@student.edu.vn,0938005760,STUDENT
21128948,123456,Huỳnh Quốc Lan,sv21128948@student.edu.vn,0990873212,STUDENT
21128949,123456,Phạm Gia Inh,sv21128949@student.edu.vn,0973985587,STUDENT
21128950,123456,Dương Phương Bảo,sv21128950@student.edu.vn,0988757619,STUDENT
21128951,123456,Trần Thị Trí,sv21128951@student.edu.vn,0985885492,STUDENT
21128952,123456,Tạ Ngọc Quân,sv21128952@student.edu.vn,0919322795,STUDENT
21128953,123456,Lê Hữu Uyên,sv21128953@student.edu.vn,0987168060,STUDENT
21128954,123456,Đỗ Hồng Tài,sv21128954@student.edu.vn,0956528321,STUDENT
21128955,123456,Mai Trung Vân,sv21128955@student.edu.vn,0917505868,STUDENT
21128956,123456,Mai Thu Linh,sv21128956@student.edu.vn,0943454874,STUDENT
21128957,123456,Đoàn Gia Linh,sv21128957@student.edu.vn,0988970947,STUDENT
21128958,123456,Hà Trung Trang,sv21128958@student.edu.vn,0986886593,STUDENT
21128959,123456,Hồ Phương Duy,sv21128959@student.edu.vn,0938698127,STUDENT
21128960,123456,Võ Thiện Giang,sv21128960@student.edu.vn,0943914976,STUDENT
21128961,123456,Võ Văn Khoa,sv21128961@student.edu.vn,0951030261,STUDENT
21128962,123456,Hà Anh Thảo,sv21128962@student.edu.vn,0994891885,STUDENT
21128963,123456,Lê Thị Tài,sv21128963@student.edu.vn,0990725394,STUDENT
21128964,123456,Huỳnh Ngọc Khánh,sv21128964@student.edu.vn,0932200300,STUDENT
21128965,123456,Hoàng Phương Rạng,sv21128965@student.edu.vn,0962294768,STUDENT
21128966,123456,Đặng Trung Rạng,sv21128966@student.edu.vn,0981125364,STUDENT
21128967,123456,Ngô Thị Phát,sv21128967@student.edu.vn,0922606977,STUDENT
21128968,123456,Lâm Hoàng Khoa,sv21128968@student.edu.vn,0950034065,STUDENT
21128969,123456,Dương Minh Nam,sv21128969@student.edu.vn,0992577379,STUDENT
21128970,123456,Dương Tuấn Khoa,sv21128970@student.edu.vn,0991631858,STUDENT
21128971,123456,Lý Thiện Em,sv21128971@student.edu.vn,0984156633,STUDENT
21128972,123456,Hoàng Thiện Inh,sv21128972@student.edu.vn,0930250364,STUDENT
21128973,123456,Dương Thiện Thành,sv21128973@student.edu.vn,0924604398,STUDENT
21128974,123456,Đoàn Trung Phúc,sv21128974@student.edu.vn,0946769742,STUDENT
21128975,123456,Trịnh Kim Yến,sv21128975@student.edu.vn,0976967362,STUDENT
21128976,123456,Phan Phương Trinh,sv21128976@student.edu.vn,0954276356,STUDENT
21128977,123456,Cao Đức Nhật,sv21128977@student.edu.vn,0973416365,STUDENT
21128978,123456,Hoàng Duy Toàn,sv21128978@student.edu.vn,0952028416,STUDENT
21128979,123456,Huỳnh Thu Tâm,sv21128979@student.edu.vn,0936213908,STUDENT
21128980,123456,Phan Hoàng Bảo,sv21128980@student.edu.vn,0973732450,STUDENT
21128981,123456,Ngô Thu Hương,sv21128981@student.edu.vn,0989875368,STUDENT
21128982,123456,Mai Duy Hương,sv21128982@student.edu.vn,0971181062,STUDENT
21128983,123456,Ngô Thu Phong,sv21128983@student.edu.vn,0980054908,STUDENT
21128984,123456,Hoàng Thị Lộc,sv21128984@student.edu.vn,0982373583,STUDENT
21128985,123456,Bùi Minh Trang,sv21128985@student.edu.vn,0926233119,STUDENT
21128986,123456,Lý Kim Đạt,sv21128986@student.edu.vn,0949340405,STUDENT
21128987,123456,Tạ Quang Lan,sv21128987@student.edu.vn,0970582406,STUDENT
21128988,123456,Phạm Hoàng Tâm,sv21128988@student.edu.vn,0981522967,STUDENT
21128989,123456,Ngô Tuấn Bảo,sv21128989@student.edu.vn,0940033133,STUDENT
21128990,123456,Lý Trung Khánh,sv21128990@student.edu.vn,0924925110,STUDENT
21128991,123456,Phan Gia Nhật,sv21128991@student.edu.vn,0914015652,STUDENT
21128992,123456,Vũ Thị Oanh,sv21128992@student.edu.vn,0974292372,STUDENT
21128993,123456,Võ Hoàng Sơn,sv21128993@student.edu.vn,0912932709,STUDENT
21128994,123456,Vũ Xuân Linh,sv21128994@student.edu.vn,0957994022,STUDENT
21128995,123456,Cao Trung Thành,sv21128995@student.edu.vn,0978290406,STUDENT
21128996,123456,Cao Tuấn Minh,sv21128996@student.edu.vn,0957403901,STUDENT
21128997,123456,Nguyễn Hoàng Minh,sv21128997@student.edu.vn,0971664712,STUDENT
21128998,123456,Võ Thiện Uyên,sv21128998@student.edu.vn,0976437109,STUDENT
21128999,123456,Đỗ Đức Tùng,sv21128999@student.edu.vn,0914521820,STUDENT
21129000,123456,Hồ Anh Đạt,sv21129000@student.edu.vn,0984326449,STUDENT
21129001,123456,Trần Phương Giang,sv21129001@student.edu.vn,0959773701,STUDENT
21129002,123456,Huỳnh Thị Quân,sv21129002@student.edu.vn,0960244347,STUDENT
21129003,123456,Bùi Thu Hiếu,sv21129003@student.edu.vn,0932714774,STUDENT
21129004,123456,Cao Anh Uyên,sv21129004@student.edu.vn,0969093561,STUDENT
21129005,123456,Dương Anh Quân,sv21129005@student.edu.vn,0973928935,STUDENT
21129006,123456,Trịnh Thanh Khánh,sv21129006@student.edu.vn,0942536225,STUDENT
21129007,123456,Đinh Thanh Yến,sv21129007@student.edu.vn,0966379379,STUDENT
21129008,123456,Lâm Hoàng An,sv21129008@student.edu.vn,0995015058,STUDENT
21129009,123456,Cao Phương Cường,sv21129009@student.edu.vn,0914856160,STUDENT
21129010,123456,Đặng Hoàng Phong,sv21129010@student.edu.vn,0924672677,STUDENT
21129011,123456,Vũ Hồng Thành,sv21129011@student.edu.vn,0966606071,STUDENT
21129012,123456,Đinh Xuân Trí,sv21129012@student.edu.vn,0933616773,STUDENT
21129013,123456,Hồ Hồng Trí,sv21129013@student.edu.vn,0979256892,STUDENT
21129014,123456,Trần Tuấn Khánh,sv21129014@student.edu.vn,0922675519,STUDENT
21129015,123456,Đặng Thu Rạng,sv21129015@student.edu.vn,0994252763,STUDENT
21129016,123456,Mai Hải Uyên,sv21129016@student.edu.vn,0952994173,STUDENT
21129017,123456,Lê Bảo Vân,sv21129017@student.edu.vn,0924107759,STUDENT
21129018,123456,Huỳnh Thu Lộc,sv21129018@student.edu.vn,0932862894,STUDENT
21129019,123456,Mai Hữu Thảo,sv21129019@student.edu.vn,0979214309,STUDENT
21129020,123456,Lâm Phương Inh,sv21129020@student.edu.vn,0919935511,STUDENT
21129021,123456,Lâm Hoàng Trang,sv21129021@student.edu.vn,0986384968,STUDENT
21129022,123456,Mai Tuấn Bình,sv21129022@student.edu.vn,0914165850,STUDENT
21129023,123456,Hoàng Quốc Linh,sv21129023@student.edu.vn,0969720176,STUDENT
21129024,123456,Đoàn Ngọc Hương,sv21129024@student.edu.vn,0918192000,STUDENT
21129025,123456,Võ Hải Minh,sv21129025@student.edu.vn,0982102020,STUDENT
21129026,123456,Lý Hoàng Long,sv21129026@student.edu.vn,0954558970,STUDENT
21129027,123456,Trịnh Anh Uyên,sv21129027@student.edu.vn,0970061245,STUDENT
21129028,123456,Tạ Văn Long,sv21129028@student.edu.vn,0935674172,STUDENT
21129029,123456,Vũ Bảo Phúc,sv21129029@student.edu.vn,0959104254,STUDENT
21129030,123456,Vũ Tuấn Hương,sv21129030@student.edu.vn,0958710696,STUDENT
21129031,123456,Phạm Thị Uyên,sv21129031@student.edu.vn,0921455495,STUDENT
21129032,123456,Cao Kim Vinh,sv21129032@student.edu.vn,0935820894,STUDENT
21129033,123456,Lê Hữu Inh,sv21129033@student.edu.vn,0931691365,STUDENT
21129034,123456,Hoàng Xuân Bình,sv21129034@student.edu.vn,0958583192,STUDENT
21129035,123456,Trần Nhật Hương,sv21129035@student.edu.vn,0975178950,STUDENT
21129036,123456,Vũ Thu Hiếu,sv21129036@student.edu.vn,0970642169,STUDENT
21129037,123456,Võ Bảo Bảo,sv21129037@student.edu.vn,0976132946,STUDENT
21129038,123456,Đỗ Hoàng Vân,sv21129038@student.edu.vn,0911699703,STUDENT
21129039,123456,Đoàn Quang Hương,sv21129039@student.edu.vn,0926584053,STUDENT
21129040,123456,Cao Hữu Nhật,sv21129040@student.edu.vn,0958883710,STUDENT
21129041,123456,Lê Kim Sơn,sv21129041@student.edu.vn,0964287614,STUDENT
21129042,123456,Trần Minh Nam,sv21129042@student.edu.vn,0990910983,STUDENT
21129043,123456,Mai Quốc Oanh,sv21129043@student.edu.vn,0969848177,STUDENT
21129044,123456,Mai Hoàng Hùng,sv21129044@student.edu.vn,0971679086,STUDENT
21129045,123456,Nguyễn Hải Bảo,sv21129045@student.edu.vn,0978588046,STUDENT
21129046,123456,Cao Bảo An,sv21129046@student.edu.vn,0956335495,STUDENT
21129047,123456,Dương Xuân Nam,sv21129047@student.edu.vn,0962351457,STUDENT
21129048,123456,Đặng Hữu An,sv21129048@student.edu.vn,0946245989,STUDENT
21129049,123456,Bùi Ngọc Oanh,sv21129049@student.edu.vn,0999030534,STUDENT
21129050,123456,Lê Quốc Sơn,sv21129050@student.edu.vn,0960910350,STUDENT
21129051,123456,Đặng Hoàng Trí,sv21129051@student.edu.vn,0988675958,STUDENT
21129052,123456,Lê Thị Phúc,sv21129052@student.edu.vn,0923932821,STUDENT
21129053,123456,Phạm Anh Trung,sv21129053@student.edu.vn,0941291300,STUDENT
21129054,123456,Hoàng Quốc Lộc,sv21129054@student.edu.vn,0986129660,STUDENT
21129055,123456,Võ Văn Tâm,sv21129055@student.edu.vn,0992786590,STUDENT
21129056,123456,Hồ Minh Oanh,sv21129056@student.edu.vn,0996250744,STUDENT
21129057,123456,Lâm Hoàng Khoa,sv21129057@student.edu.vn,0917840914,STUDENT
21129058,123456,Huỳnh Gia Toàn,sv21129058@student.edu.vn,0984526014,STUDENT
21129059,123456,Đặng Hữu Toàn,sv21129059@student.edu.vn,0955058426,STUDENT
21129060,123456,Dương Thu Oanh,sv21129060@student.edu.vn,0998757765,STUDENT
21129061,123456,Hà Trung Thắng,sv21129061@student.edu.vn,0948231368,STUDENT
21129062,123456,Trịnh Kim An,sv21129062@student.edu.vn,0960868520,STUDENT
21129063,123456,Lý Đức Uyên,sv21129063@student.edu.vn,0983315422,STUDENT
21129064,123456,Trịnh Thiện An,sv21129064@student.edu.vn,0969229438,STUDENT
21129065,123456,Trịnh Trung Trinh,sv21129065@student.edu.vn,0959275899,STUDENT
21129066,123456,Lâm Ngọc Nga,sv21129066@student.edu.vn,0959796243,STUDENT
21129067,123456,Trịnh Bảo Trang,sv21129067@student.edu.vn,0950506394,STUDENT
21129068,123456,Nguyễn Thị Trí,sv21129068@student.edu.vn,0911834171,STUDENT
21129069,123456,Lâm Anh Kiệt,sv21129069@student.edu.vn,0973766746,STUDENT
21129070,123456,Mai Thu Trang,sv21129070@student.edu.vn,0980184054,STUDENT
21129071,123456,Tạ Duy Linh,sv21129071@student.edu.vn,0976360720,STUDENT
21129072,123456,Đinh Anh Trung,sv21129072@student.edu.vn,0922064300,STUDENT
21129073,123456,Ngô Duy Duy,sv21129073@student.edu.vn,0964066728,STUDENT
21129074,123456,Cao Xuân Hương,sv21129074@student.edu.vn,0984476325,STUDENT
21129075,123456,Hồ Duy Tâm,sv21129075@student.edu.vn,0920431079,STUDENT
21129076,123456,Hồ Hồng Lan,sv21129076@student.edu.vn,0982720658,STUDENT
21129077,123456,Trịnh Nhật Trang,sv21129077@student.edu.vn,0990482373,STUDENT
21129078,123456,Phan Bảo Rạng,sv21129078@student.edu.vn,0969487637,STUDENT
21129079,123456,Vũ Thiện Lộc,sv21129079@student.edu.vn,0985796130,STUDENT
21129080,123456,Ngô Hoàng Duy,sv21129080@student.edu.vn,0923312248,STUDENT
21129081,123456,Hà Quang Rạng,sv21129081@student.edu.vn,0944924381,STUDENT
21129082,123456,Phan Gia Vân,sv21129082@student.edu.vn,0952966341,STUDENT
21129083,123456,Mai Thu Phong,sv21129083@student.edu.vn,0998442754,STUDENT
21129084,123456,Hà Hữu Lộc,sv21129084@student.edu.vn,0966489484,STUDENT
21129085,123456,Mai Đức Yến,sv21129085@student.edu.vn,0989766425,STUDENT
21129086,123456,Lê Hải Nam,sv21129086@student.edu.vn,0951838012,STUDENT
21129087,123456,Lý Nhật Uyên,sv21129087@student.edu.vn,0966093463,STUDENT
21129088,123456,Bùi Gia Tâm,sv21129088@student.edu.vn,0954108603,STUDENT
21129089,123456,Cao Nhật Yến,sv21129089@student.edu.vn,0918825983,STUDENT
21129090,123456,Hồ Thu Phúc,sv21129090@student.edu.vn,0975429930,STUDENT
21129091,123456,Trần Thị Lộc,sv21129091@student.edu.vn,0991581666,STUDENT
21129092,123456,Đỗ Đức Vinh,sv21129092@student.edu.vn,0977226178,STUDENT
21129093,123456,Trịnh Bảo Xuân,sv21129093@student.edu.vn,0913413557,STUDENT
21129094,123456,Trịnh Quốc Đạt,sv21129094@student.edu.vn,0937076324,STUDENT
21129095,123456,Trần Hoàng Tùng,sv21129095@student.edu.vn,0976776637,STUDENT
21129096,123456,Bùi Trung Vinh,sv21129096@student.edu.vn,0975092999,STUDENT
21129097,123456,Võ Hoàng Thảo,sv21129097@student.edu.vn,0941497014,STUDENT
21129098,123456,Lâm Đức Hùng,sv21129098@student.edu.vn,0964148101,STUDENT
21129099,123456,Lâm Hồng Vinh,sv21129099@student.edu.vn,0933905176,STUDENT
21129100,123456,Đỗ Ngọc Trinh,sv21129100@student.edu.vn,0989310828,STUDENT
21129101,123456,Tạ Bảo Nga,sv21129101@student.edu.vn,0955183865,STUDENT
21129102,123456,Huỳnh Trung Thắng,sv21129102@student.edu.vn,0910556107,STUDENT
21129103,123456,Đinh Thu An,sv21129103@student.edu.vn,0971371821,STUDENT
21129104,123456,Bùi Thanh Hiếu,sv21129104@student.edu.vn,0993558345,STUDENT
21129105,123456,Lê Thu Sơn,sv21129105@student.edu.vn,0983869377,STUDENT
21129106,123456,Đỗ Tuấn Vân,sv21129106@student.edu.vn,0990982118,STUDENT
21129107,123456,Mai Thanh Toàn,sv21129107@student.edu.vn,0915096056,STUDENT
21129108,123456,Lâm Quốc Hà,sv21129108@student.edu.vn,0979513210,STUDENT
21129109,123456,Trần Đức Khánh,sv21129109@student.edu.vn,0994550731,STUDENT
21129110,123456,Đặng Thị Hùng,sv21129110@student.edu.vn,0925339130,STUDENT
21129111,123456,Trịnh Văn Huy,sv21129111@student.edu.vn,0950514422,STUDENT
21129112,123456,Lý Thu Cường,sv21129112@student.edu.vn,0935876907,STUDENT
21129113,123456,Bùi Hoàng Vân,sv21129113@student.edu.vn,0982064440,STUDENT
21129114,123456,Nguyễn Nhật Khoa,sv21129114@student.edu.vn,0964064033,STUDENT
21129115,123456,Huỳnh Quốc Tâm,sv21129115@student.edu.vn,0985038798,STUDENT
21129116,123456,Hà Ngọc Huy,sv21129116@student.edu.vn,0969096184,STUDENT
21129117,123456,Lý Đức Bình,sv21129117@student.edu.vn,0978110844,STUDENT
21129118,123456,Lý Duy Khoa,sv21129118@student.edu.vn,0959067243,STUDENT
21129119,123456,Hoàng Minh Sơn,sv21129119@student.edu.vn,0988373415,STUDENT
21129120,123456,Vũ Xuân Oanh,sv21129120@student.edu.vn,0929830111,STUDENT
21129121,123456,Cao Xuân Trung,sv21129121@student.edu.vn,0950893196,STUDENT
21129122,123456,Đỗ Anh Thành,sv21129122@student.edu.vn,0913099445,STUDENT
21129123,123456,Hoàng Gia Sơn,sv21129123@student.edu.vn,0986775990,STUDENT
21129124,123456,Hà Thiện Yến,sv21129124@student.edu.vn,0971927650,STUDENT
21129125,123456,Võ Hải Trinh,sv21129125@student.edu.vn,0979762922,STUDENT
21129126,123456,Nguyễn Thanh Hùng,sv21129126@student.edu.vn,0972704020,STUDENT
21129127,123456,Võ Nhật Linh,sv21129127@student.edu.vn,0994525277,STUDENT
21129128,123456,Bùi Thanh Tùng,sv21129128@student.edu.vn,0952596281,STUDENT
21129129,123456,Hoàng Ngọc Toàn,sv21129129@student.edu.vn,0957700457,STUDENT
21129130,123456,Bùi Trung Long,sv21129130@student.edu.vn,0967017320,STUDENT
21129131,123456,Võ Thiện Trang,sv21129131@student.edu.vn,0999212522,STUDENT
21129132,123456,Nguyễn Minh Nam,sv21129132@student.edu.vn,0952901230,STUDENT
21129133,123456,Hà Kim Khoa,sv21129133@student.edu.vn,0964229001,STUDENT
21129134,123456,Đỗ Trung Phát,sv21129134@student.edu.vn,0989320201,STUDENT
21129135,123456,Trịnh Hoàng Inh,sv21129135@student.edu.vn,0940073564,STUDENT
21129136,123456,Bùi Kim Rạng,sv21129136@student.edu.vn,0925904520,STUDENT
21129137,123456,Trần Hữu Vinh,sv21129137@student.edu.vn,0931254821,STUDENT
21129138,123456,Võ Ngọc Em,sv21129138@student.edu.vn,0928505582,STUDENT
21129139,123456,Dương Nhật Trang,sv21129139@student.edu.vn,0972986781,STUDENT
21129140,123456,Vũ Minh Rạng,sv21129140@student.edu.vn,0936431322,STUDENT
21129141,123456,Ngô Thị Kiệt,sv21129141@student.edu.vn,0973218595,STUDENT
21129142,123456,Mai Văn Giang,sv21129142@student.edu.vn,0942797849,STUDENT
21129143,123456,Võ Quốc Bảo,sv21129143@student.edu.vn,0958457122,STUDENT
21129144,123456,Trần Minh Rạng,sv21129144@student.edu.vn,0947920756,STUDENT
21129145,123456,Đặng Hồng Vinh,sv21129145@student.edu.vn,0976642188,STUDENT
21129146,123456,Lê Thị Toàn,sv21129146@student.edu.vn,0981624057,STUDENT
21129147,123456,Đinh Xuân Lộc,sv21129147@student.edu.vn,0971792670,STUDENT
21129148,123456,Lâm Xuân Phong,sv21129148@student.edu.vn,0966922808,STUDENT
21129149,123456,Trịnh Phương Inh,sv21129149@student.edu.vn,0918294754,STUDENT
21129150,123456,Ngô Quang Phong,sv21129150@student.edu.vn,0995739202,STUDENT
21129151,123456,Hoàng Thanh Lộc,sv21129151@student.edu.vn,0916575771,STUDENT
21129152,123456,Lê Hoàng Khoa,sv21129152@student.edu.vn,0985589195,STUDENT
21129153,123456,Đoàn Đức Nga,sv21129153@student.edu.vn,0970792169,STUDENT
21129154,123456,Đinh Hữu Em,sv21129154@student.edu.vn,0923033804,STUDENT
21129155,123456,Mai Minh Lộc,sv21129155@student.edu.vn,0973155037,STUDENT
21129156,123456,Đỗ Hồng Hương,sv21129156@student.edu.vn,0916889873,STUDENT
21129157,123456,Trần Đức Tài,sv21129157@student.edu.vn,0988023768,STUDENT
21129158,123456,Ngô Thu Trang,sv21129158@student.edu.vn,0997219153,STUDENT
21129159,123456,Tạ Trung Quân,sv21129159@student.edu.vn,0991520967,STUDENT
21129160,123456,Hoàng Quốc Trung,sv21129160@student.edu.vn,0917381434,STUDENT
21129161,123456,Lê Hải Khánh,sv21129161@student.edu.vn,0982293143,STUDENT
21129162,123456,Hồ Trung Nga,sv21129162@student.edu.vn,0987218030,STUDENT
21129163,123456,Vũ Ngọc Trinh,sv21129163@student.edu.vn,0912483682,STUDENT
21129164,123456,Cao Tuấn Thành,sv21129164@student.edu.vn,0923356550,STUDENT
21129165,123456,Nguyễn Hải Long,sv21129165@student.edu.vn,0968688103,STUDENT
21129166,123456,Đoàn Phương Khánh,sv21129166@student.edu.vn,0948297358,STUDENT
21129167,123456,Đỗ Thu Vinh,sv21129167@student.edu.vn,0933148202,STUDENT
21129168,123456,Đoàn Ngọc Khoa,sv21129168@student.edu.vn,0980837686,STUDENT
21129169,123456,Cao Thu Lộc,sv21129169@student.edu.vn,0979505964,STUDENT
21129170,123456,Lâm Hồng Xuân,sv21129170@student.edu.vn,0916054601,STUDENT
21129171,123456,Đoàn Kim Hương,sv21129171@student.edu.vn,0958119278,STUDENT
21129172,123456,Hoàng Hồng Hiếu,sv21129172@student.edu.vn,0937666356,STUDENT
21129173,123456,Vũ Bảo Tùng,sv21129173@student.edu.vn,0983682867,STUDENT
21129174,123456,Ngô Đức Uyên,sv21129174@student.edu.vn,0977271021,STUDENT
21129175,123456,Cao Trung Em,sv21129175@student.edu.vn,0929228663,STUDENT
21129176,123456,Phạm Phương Oanh,sv21129176@student.edu.vn,0986425141,STUDENT
21129177,123456,Huỳnh Phương Linh,sv21129177@student.edu.vn,0943852166,STUDENT
21129178,123456,Ngô Trung Sơn,sv21129178@student.edu.vn,0981702840,STUDENT
21129179,123456,Trần Nhật Nhật,sv21129179@student.edu.vn,0941072479,STUDENT
21129180,123456,Phạm Kim Yến,sv21129180@student.edu.vn,0948630008,STUDENT
21129181,123456,Trần Nhật Trinh,sv21129181@student.edu.vn,0997475215,STUDENT
21129182,123456,Hoàng Quang Trang,sv21129182@student.edu.vn,0918440714,STUDENT
21129183,123456,Đặng Trung Trung,sv21129183@student.edu.vn,0929282115,STUDENT
21129184,123456,Đặng Minh Trang,sv21129184@student.edu.vn,0927261316,STUDENT
21129185,123456,Lê Anh Thành,sv21129185@student.edu.vn,0966728487,STUDENT
21129186,123456,Hà Tuấn Minh,sv21129186@student.edu.vn,0916690667,STUDENT
21129187,123456,Phạm Thu Nga,sv21129187@student.edu.vn,0912129158,STUDENT
21129188,123456,Tạ Quang Lan,sv21129188@student.edu.vn,0973164348,STUDENT
21129189,123456,Trịnh Văn Tâm,sv21129189@student.edu.vn,0980661020,STUDENT
21129190,123456,Trần Văn Tâm,sv21129190@student.edu.vn,0962349520,STUDENT
21129191,123456,Ngô Nhật Trí,sv21129191@student.edu.vn,0916536369,STUDENT
21129192,123456,Hoàng Phương An,sv21129192@student.edu.vn,0946445842,STUDENT
21129193,123456,Lý Văn Giang,sv21129193@student.edu.vn,0948216892,STUDENT
21129194,123456,Đỗ Tuấn Trinh,sv21129194@student.edu.vn,0911633681,STUDENT
21129195,123456,Bùi Duy Nhật,sv21129195@student.edu.vn,0969841762,STUDENT
21129196,123456,Phạm Trung Nhật,sv21129196@student.edu.vn,0978117055,STUDENT
21129197,123456,Dương Xuân Vinh,sv21129197@student.edu.vn,0980531341,STUDENT
21129198,123456,Trần Nhật Hà,sv21129198@student.edu.vn,0920855703,STUDENT
21129199,123456,Ngô Gia Trung,sv21129199@student.edu.vn,0976402416,STUDENT
21129200,123456,Bùi Thiện Trang,sv21129200@student.edu.vn,0914408129,STUDENT
21129201,123456,Bùi Xuân Đạt,sv21129201@student.edu.vn,0933697207,STUDENT
21129202,123456,Tạ Minh Phong,sv21129202@student.edu.vn,0946135613,STUDENT
21129203,123456,Đoàn Thu Kiệt,sv21129203@student.edu.vn,0939446566,STUDENT
21129204,123456,Hà Hoàng Inh,sv21129204@student.edu.vn,0938921827,STUDENT
21129205,123456,Vũ Thị Lộc,sv21129205@student.edu.vn,0914830643,STUDENT
21129206,123456,Cao Thanh Hiếu,sv21129206@student.edu.vn,0981789383,STUDENT
21129207,123456,Đinh Duy Nhật,sv21129207@student.edu.vn,0972556923,STUDENT
21129208,123456,Trần Thu Xuân,sv21129208@student.edu.vn,0977259786,STUDENT
21129209,123456,Cao Xuân Sơn,sv21129209@student.edu.vn,0967459421,STUDENT
21129210,123456,Võ Thu Vinh,sv21129210@student.edu.vn,0935608430,STUDENT
21129211,123456,Tạ Thị Hiếu,sv21129211@student.edu.vn,0967966443,STUDENT
21129212,123456,Nguyễn Trung Hương,sv21129212@student.edu.vn,0962960778,STUDENT
21129213,123456,Bùi Hồng Giang,sv21129213@student.edu.vn,0938137661,STUDENT
21129214,123456,Lý Nhật Toàn,sv21129214@student.edu.vn,0928678709,STUDENT
21129215,123456,Lý Ngọc Kiệt,sv21129215@student.edu.vn,0927858721,STUDENT
21129216,123456,Dương Tuấn Cường,sv21129216@student.edu.vn,0968046893,STUDENT
21129217,123456,Phạm Anh Nhật,sv21129217@student.edu.vn,0914802893,STUDENT
21129218,123456,Trịnh Hoàng Trí,sv21129218@student.edu.vn,0990082990,STUDENT
21129219,123456,Đinh Hải Phong,sv21129219@student.edu.vn,0978525960,STUDENT
21129220,123456,Đoàn Thiện Tâm,sv21129220@student.edu.vn,0933203833,STUDENT
21129221,123456,Hoàng Thiện An,sv21129221@student.edu.vn,0941004953,STUDENT
21129222,123456,Hồ Bảo Thảo,sv21129222@student.edu.vn,0923026830,STUDENT
21129223,123456,Trần Thu An,sv21129223@student.edu.vn,0971305826,STUDENT
21129224,123456,Trịnh Quốc Cường,sv21129224@student.edu.vn,0933044948,STUDENT
21129225,123456,Trịnh Hồng Hương,sv21129225@student.edu.vn,0934463474,STUDENT
21129226,123456,Dương Minh Quân,sv21129226@student.edu.vn,0975859480,STUDENT
21129227,123456,Hà Hải Nam,sv21129227@student.edu.vn,0916611152,STUDENT
21129228,123456,Vũ Duy Thành,sv21129228@student.edu.vn,0975645221,STUDENT
21129229,123456,Hà Đức Toàn,sv21129229@student.edu.vn,0973031194,STUDENT
21129230,123456,Đỗ Ngọc Xuân,sv21129230@student.edu.vn,0999398767,STUDENT
21129231,123456,Mai Hồng Uyên,sv21129231@student.edu.vn,0979838656,STUDENT
21129232,123456,Cao Thị Nam,sv21129232@student.edu.vn,0914450036,STUDENT
21129233,123456,Phạm Tuấn Phúc,sv21129233@student.edu.vn,0952878620,STUDENT
21129234,123456,Phạm Thị Sơn,sv21129234@student.edu.vn,0927277716,STUDENT
21129235,123456,Vũ Phương Phát,sv21129235@student.edu.vn,0988058160,STUDENT
21129236,123456,Đặng Gia Trang,sv21129236@student.edu.vn,0917103394,STUDENT
21129237,123456,Hoàng Nhật Huy,sv21129237@student.edu.vn,0980926247,STUDENT
21129238,123456,Mai Đức Phát,sv21129238@student.edu.vn,0968722181,STUDENT
21129239,123456,Phan Thu Inh,sv21129239@student.edu.vn,0962639265,STUDENT
21129240,123456,Trịnh Kim Duy,sv21129240@student.edu.vn,0944625656,STUDENT
21129241,123456,Huỳnh Thu Hà,sv21129241@student.edu.vn,0985380578,STUDENT
21129242,123456,Trần Xuân Tài,sv21129242@student.edu.vn,0981775651,STUDENT
21129243,123456,Trần Thu Inh,sv21129243@student.edu.vn,0966005463,STUDENT
21129244,123456,Lý Thu Kiệt,sv21129244@student.edu.vn,0981231963,STUDENT
21129245,123456,Đoàn Xuân Em,sv21129245@student.edu.vn,0987934165,STUDENT
21129246,123456,Ngô Phương Vân,sv21129246@student.edu.vn,0948659366,STUDENT
21129247,123456,Hồ Đức Nhật,sv21129247@student.edu.vn,0943430686,STUDENT
21129248,123456,Đặng Thanh Vinh,sv21129248@student.edu.vn,0996256481,STUDENT
21129249,123456,Trần Phương An,sv21129249@student.edu.vn,0960130666,STUDENT
21129250,123456,Lâm Quốc Duy,sv21129250@student.edu.vn,0914474146,STUDENT
21129251,123456,Hoàng Nhật Khoa,sv21129251@student.edu.vn,0939601803,STUDENT
21129252,123456,Bùi Đức Thắng,sv21129252@student.edu.vn,0923159611,STUDENT
21129253,123456,Bùi Văn Minh,sv21129253@student.edu.vn,0953200870,STUDENT
21129254,123456,Hồ Duy Rạng,sv21129254@student.edu.vn,0925021549,STUDENT
21129255,123456,Lê Hải Khánh,sv21129255@student.edu.vn,0918068455,STUDENT
21129256,123456,Mai Bảo Nam,sv21129256@student.edu.vn,0911445833,STUDENT
21129257,123456,Lê Gia Phúc,sv21129257@student.edu.vn,0984853459,STUDENT
21129258,123456,Cao Văn Tài,sv21129258@student.edu.vn,0952426368,STUDENT
21129259,123456,Ngô Duy Giang,sv21129259@student.edu.vn,0956310855,STUDENT
21129260,123456,Đoàn Thiện Minh,sv21129260@student.edu.vn,0911095719,STUDENT
21129261,123456,Bùi Hồng Tài,sv21129261@student.edu.vn,0970104814,STUDENT
21129262,123456,Cao Thiện Vân,sv21129262@student.edu.vn,0950835123,STUDENT
21129263,123456,Lâm Quang Tùng,sv21129263@student.edu.vn,0924777757,STUDENT
21129264,123456,Đoàn Duy Tùng,sv21129264@student.edu.vn,0946710011,STUDENT
21129265,123456,Võ Xuân Vinh,sv21129265@student.edu.vn,0990986685,STUDENT
21129266,123456,Lý Minh Nhật,sv21129266@student.edu.vn,0911721951,STUDENT
21129267,123456,Dương Gia Thắng,sv21129267@student.edu.vn,0971396966,STUDENT
21129268,123456,Mai Minh Lộc,sv21129268@student.edu.vn,0928189713,STUDENT
21129269,123456,Mai Văn Uyên,sv21129269@student.edu.vn,0940652372,STUDENT
21129270,123456,Bùi Hữu Đạt,sv21129270@student.edu.vn,0974467283,STUDENT
21129271,123456,Nguyễn Minh Quân,sv21129271@student.edu.vn,0999212941,STUDENT
21129272,123456,Bùi Thu Sơn,sv21129272@student.edu.vn,0982408728,STUDENT
21129273,123456,Dương Văn Huy,sv21129273@student.edu.vn,0976103669,STUDENT
21129274,123456,Mai Minh Rạng,sv21129274@student.edu.vn,0926209330,STUDENT
21129275,123456,Trần Thu Tài,sv21129275@student.edu.vn,0965842735,STUDENT
21129276,123456,Hoàng Ngọc An,sv21129276@student.edu.vn,0985235356,STUDENT
21129277,123456,Võ Quốc Đạt,sv21129277@student.edu.vn,0919417920,STUDENT
21129278,123456,Tạ Quang Tâm,sv21129278@student.edu.vn,0936359594,STUDENT
21129279,123456,Võ Văn Rạng,sv21129279@student.edu.vn,0918223161,STUDENT
21129280,123456,Mai Hữu Nga,sv21129280@student.edu.vn,0959956477,STUDENT
21129281,123456,Nguyễn Trung Duy,sv21129281@student.edu.vn,0964614994,STUDENT
21129282,123456,Tạ Hải Nhật,sv21129282@student.edu.vn,0938799317,STUDENT
21129283,123456,Lý Phương Phong,sv21129283@student.edu.vn,0989429602,STUDENT
21129284,123456,Mai Nhật Thắng,sv21129284@student.edu.vn,0937996125,STUDENT
21129285,123456,Lý Minh Trung,sv21129285@student.edu.vn,0997282761,STUDENT
21129286,123456,Nguyễn Nhật Nam,sv21129286@student.edu.vn,0961637537,STUDENT
21129287,123456,Đặng Quang Uyên,sv21129287@student.edu.vn,0985656891,STUDENT
21129288,123456,Hà Hải Rạng,sv21129288@student.edu.vn,0987535175,STUDENT
21129289,123456,Trịnh Hồng Bảo,sv21129289@student.edu.vn,0914056525,STUDENT
21129290,123456,Ngô Xuân Phong,sv21129290@student.edu.vn,0935181726,STUDENT
21129291,123456,Phạm Anh Thắng,sv21129291@student.edu.vn,0991709137,STUDENT
21129292,123456,Dương Thanh Em,sv21129292@student.edu.vn,0917308880,STUDENT
21129293,123456,Đoàn Quốc Bình,sv21129293@student.edu.vn,0933641682,STUDENT
21129294,123456,Trần Ngọc Long,sv21129294@student.edu.vn,0934504128,STUDENT
21129295,123456,Võ Nhật Xuân,sv21129295@student.edu.vn,0995123446,STUDENT
21129296,123456,Hoàng Gia Cường,sv21129296@student.edu.vn,0924591700,STUDENT
21129297,123456,Nguyễn Quốc Trang,sv21129297@student.edu.vn,0986981195,STUDENT
21129298,123456,Bùi Thu Xuân,sv21129298@student.edu.vn,0911576299,STUDENT
21129299,123456,Lý Trung Giang,sv21129299@student.edu.vn,0980817352,STUDENT
21129300,123456,Đỗ Văn Nga,sv21129300@student.edu.vn,0996006902,STUDENT
21129301,123456,Mai Duy Xuân,sv21129301@student.edu.vn,0923194005,STUDENT
21129302,123456,Đặng Gia Inh,sv21129302@student.edu.vn,0926160349,STUDENT
21129303,123456,Lê Kim Nga,sv21129303@student.edu.vn,0925701203,STUDENT
21129304,123456,Trần Phương Vinh,sv21129304@student.edu.vn,0940436402,STUDENT
21129305,123456,Huỳnh Hải Cường,sv21129305@student.edu.vn,0954221980,STUDENT
21129306,123456,Lê Thiện Rạng,sv21129306@student.edu.vn,0956917684,STUDENT
21129307,123456,Tạ Hồng Phong,sv21129307@student.edu.vn,0967519655,STUDENT
21129308,123456,Bùi Thiện An,sv21129308@student.edu.vn,0948778259,STUDENT
21129309,123456,Cao Ngọc Nga,sv21129309@student.edu.vn,0930930055,STUDENT
21129310,123456,Vũ Hoàng Đạt,sv21129310@student.edu.vn,0972261262,STUDENT
21129311,123456,Lâm Hoàng Xuân,sv21129311@student.edu.vn,0939592975,STUDENT
21129312,123456,Ngô Duy Vân,sv21129312@student.edu.vn,0950580900,STUDENT
21129313,123456,Lâm Thu Phong,sv21129313@student.edu.vn,0941153761,STUDENT
21129314,123456,Hà Đức Em,sv21129314@student.edu.vn,0926492428,STUDENT
21129315,123456,Trịnh Thiện Nhật,sv21129315@student.edu.vn,0917645609,STUDENT
21129316,123456,Vũ Xuân Hùng,sv21129316@student.edu.vn,0982676294,STUDENT
21129317,123456,Đỗ Kim Rạng,sv21129317@student.edu.vn,0930543750,STUDENT
21129318,123456,Hà Thu Khánh,sv21129318@student.edu.vn,0988134370,STUDENT
21129319,123456,Đỗ Kim Oanh,sv21129319@student.edu.vn,0986564642,STUDENT
21129320,123456,Vũ Xuân Khoa,sv21129320@student.edu.vn,0944438381,STUDENT
21129321,123456,Đoàn Minh Long,sv21129321@student.edu.vn,0989673830,STUDENT
21129322,123456,Tạ Đức Em,sv21129322@student.edu.vn,0958164050,STUDENT
21129323,123456,Lâm Phương Cường,sv21129323@student.edu.vn,0992222485,STUDENT
21129324,123456,Đoàn Tuấn Hiếu,sv21129324@student.edu.vn,0927726682,STUDENT
21129325,123456,Cao Duy Kiệt,sv21129325@student.edu.vn,0940946928,STUDENT
21129326,123456,Nguyễn Nhật Lộc,sv21129326@student.edu.vn,0917926519,STUDENT
21129327,123456,Lâm Nhật Giang,sv21129327@student.edu.vn,0947024922,STUDENT
21129328,123456,Đỗ Bảo Nam,sv21129328@student.edu.vn,0914191002,STUDENT
21129329,123456,Đặng Thị Bình,sv21129329@student.edu.vn,0967480653,STUDENT
21129330,123456,Hoàng Gia Huy,sv21129330@student.edu.vn,0915371543,STUDENT
21129331,123456,Tạ Minh Phong,sv21129331@student.edu.vn,0959732285,STUDENT
21129332,123456,Đặng Văn Nhật,sv21129332@student.edu.vn,0997082614,STUDENT
21129333,123456,Hà Đức Inh,sv21129333@student.edu.vn,0961409153,STUDENT
21129334,123456,Đinh Bảo Phát,sv21129334@student.edu.vn,0921552991,STUDENT
21129335,123456,Vũ Kim Huy,sv21129335@student.edu.vn,0985496266,STUDENT
21129336,123456,Trịnh Quang Phúc,sv21129336@student.edu.vn,0917008312,STUDENT
21129337,123456,Dương Duy Cường,sv21129337@student.edu.vn,0986687182,STUDENT
21129338,123456,Mai Hồng Trinh,sv21129338@student.edu.vn,0997558784,STUDENT
21129339,123456,Hồ Hồng Kiệt,sv21129339@student.edu.vn,0961761907,STUDENT
21129340,123456,Vũ Bảo Kiệt,sv21129340@student.edu.vn,0933735186,STUDENT
21129341,123456,Hoàng Gia Thành,sv21129341@student.edu.vn,0998577639,STUDENT
21129342,123456,Võ Anh Bình,sv21129342@student.edu.vn,0973389572,STUDENT
21129343,123456,Lê Quang Bình,sv21129343@student.edu.vn,0924981586,STUDENT
21129344,123456,Mai Hoàng Phát,sv21129344@student.edu.vn,0914930451,STUDENT
21129345,123456,Tạ Phương Tài,sv21129345@student.edu.vn,0982228207,STUDENT
21129346,123456,Hồ Thiện Linh,sv21129346@student.edu.vn,0913027739,STUDENT
21129347,123456,Bùi Quốc Tâm,sv21129347@student.edu.vn,0996285428,STUDENT
21129348,123456,Lâm Phương Huy,sv21129348@student.edu.vn,0932750464,STUDENT
21129349,123456,Đỗ Thị Khánh,sv21129349@student.edu.vn,0987017666,STUDENT
21129350,123456,Đỗ Văn Uyên,sv21129350@student.edu.vn,0912350150,STUDENT
21129351,123456,Đinh Minh Xuân,sv21129351@student.edu.vn,0997942743,STUDENT
21129352,123456,Phan Bảo Rạng,sv21129352@student.edu.vn,0987359401,STUDENT
21129353,123456,Đinh Duy Hùng,sv21129353@student.edu.vn,0938073926,STUDENT
21129354,123456,Lâm Duy Em,sv21129354@student.edu.vn,0928622955,STUDENT
21129355,123456,Huỳnh Duy An,sv21129355@student.edu.vn,0943049230,STUDENT
21129356,123456,Nguyễn Anh Phong,sv21129356@student.edu.vn,0989076981,STUDENT
21129357,123456,Vũ Quang Trung,sv21129357@student.edu.vn,0952646642,STUDENT
21129358,123456,Tạ Quang Nga,sv21129358@student.edu.vn,0934748002,STUDENT
21129359,123456,Tạ Hải Nhật,sv21129359@student.edu.vn,0960371121,STUDENT
21129360,123456,Đỗ Đức Trinh,sv21129360@student.edu.vn,0999231527,STUDENT
21129361,123456,Võ Anh Vinh,sv21129361@student.edu.vn,0937172406,STUDENT
21129362,123456,Trịnh Thiện Bảo,sv21129362@student.edu.vn,0940497006,STUDENT
21129363,123456,Mai Hữu Lan,sv21129363@student.edu.vn,0974238187,STUDENT
21129364,123456,Lâm Thanh Quân,sv21129364@student.edu.vn,0936313638,STUDENT
21129365,123456,Đinh Xuân Quân,sv21129365@student.edu.vn,0938229272,STUDENT
21129366,123456,Mai Thu Uyên,sv21129366@student.edu.vn,0964461824,STUDENT
21129367,123456,Lâm Phương Uyên,sv21129367@student.edu.vn,0987498288,STUDENT
21129368,123456,Hồ Đức Thảo,sv21129368@student.edu.vn,0978458888,STUDENT
21129369,123456,Hoàng Đức Nhật,sv21129369@student.edu.vn,0977746340,STUDENT
21129370,123456,Lý Quang Tùng,sv21129370@student.edu.vn,0932035875,STUDENT
21129371,123456,Đặng Quốc Linh,sv21129371@student.edu.vn,0989832196,STUDENT
21129372,123456,Tạ Anh Khoa,sv21129372@student.edu.vn,0980643037,STUDENT
21129373,123456,Bùi Bảo Bình,sv21129373@student.edu.vn,0954513781,STUDENT
21129374,123456,Hoàng Nhật Vân,sv21129374@student.edu.vn,0949486769,STUDENT
21129375,123456,Mai Gia Linh,sv21129375@student.edu.vn,0918683035,STUDENT
21129376,123456,Huỳnh Gia Khoa,sv21129376@student.edu.vn,0988121598,STUDENT
21129377,123456,Võ Xuân Hùng,sv21129377@student.edu.vn,0996722044,STUDENT
21129378,123456,Bùi Trung Thắng,sv21129378@student.edu.vn,0984061392,STUDENT
21129379,123456,Hồ Hải Khoa,sv21129379@student.edu.vn,0986919060,STUDENT
21129380,123456,Đỗ Trung Trinh,sv21129380@student.edu.vn,0927998744,STUDENT
21129381,123456,Tạ Văn Tùng,sv21129381@student.edu.vn,0984060688,STUDENT
21129382,123456,Huỳnh Nhật Nhật,sv21129382@student.edu.vn,0913022309,STUDENT
21129383,123456,Dương Gia Yến,sv21129383@student.edu.vn,0941808670,STUDENT
21129384,123456,Cao Đức Phúc,sv21129384@student.edu.vn,0929548592,STUDENT
21129385,123456,Dương Minh Yến,sv21129385@student.edu.vn,0945370882,STUDENT
21129386,123456,Lý Anh Em,sv21129386@student.edu.vn,0947004282,STUDENT
21129387,123456,Vũ Xuân Hiếu,sv21129387@student.edu.vn,0981682023,STUDENT
21129388,123456,Huỳnh Văn Hà,sv21129388@student.edu.vn,0970869626,STUDENT
21129389,123456,Lâm Xuân Thắng,sv21129389@student.edu.vn,0989071474,STUDENT
21129390,123456,Ngô Quang Bảo,sv21129390@student.edu.vn,0914917793,STUDENT
21129391,123456,Tạ Hải Tùng,sv21129391@student.edu.vn,0965350446,STUDENT
21129392,123456,Đinh Thu Yến,sv21129392@student.edu.vn,0957765477,STUDENT
21129393,123456,Hồ Hồng Hà,sv21129393@student.edu.vn,0949969289,STUDENT
21129394,123456,Tạ Trung Hương,sv21129394@student.edu.vn,0912659325,STUDENT
21129395,123456,Nguyễn Đức Long,sv21129395@student.edu.vn,0932776383,STUDENT
21129396,123456,Ngô Duy Toàn,sv21129396@student.edu.vn,0911410801,STUDENT
21129397,123456,Trịnh Anh Em,sv21129397@student.edu.vn,0982797023,STUDENT
21129398,123456,Phan Tuấn Trung,sv21129398@student.edu.vn,0928804244,STUDENT
21129399,123456,Hà Hải Trang,sv21129399@student.edu.vn,0916991459,STUDENT
21129400,123456,Trần Phương Nhật,sv21129400@student.edu.vn,0962679780,STUDENT
21129401,123456,Hồ Tuấn Bảo,sv21129401@student.edu.vn,0997980675,STUDENT
21129402,123456,Lý Văn An,sv21129402@student.edu.vn,0936265945,STUDENT
21129403,123456,Hoàng Hữu Thắng,sv21129403@student.edu.vn,0979173365,STUDENT
21129404,123456,Mai Thanh Phong,sv21129404@student.edu.vn,0960425676,STUDENT
21129405,123456,Lý Hồng Trang,sv21129405@student.edu.vn,0964682178,STUDENT
21129406,123456,Huỳnh Xuân Vân,sv21129406@student.edu.vn,0913572882,STUDENT
21129407,123456,Tạ Quang Inh,sv21129407@student.edu.vn,0981020338,STUDENT
21129408,123456,Cao Anh Khánh,sv21129408@student.edu.vn,0976846332,STUDENT
21129409,123456,Huỳnh Quang An,sv21129409@student.edu.vn,0961461264,STUDENT
21129410,123456,Lâm Đức Khoa,sv21129410@student.edu.vn,0991029014,STUDENT
21129411,123456,Hồ Ngọc Thành,sv21129411@student.edu.vn,0966788861,STUDENT
21129412,123456,Phan Nhật An,sv21129412@student.edu.vn,0976448103,STUDENT
21129413,123456,Trịnh Minh Phong,sv21129413@student.edu.vn,0992062057,STUDENT
21129414,123456,Võ Hoàng Long,sv21129414@student.edu.vn,0994616766,STUDENT
21129415,123456,Hồ Thu Tùng,sv21129415@student.edu.vn,0987062335,STUDENT
21129416,123456,Trịnh Ngọc Oanh,sv21129416@student.edu.vn,0918720182,STUDENT
21129417,123456,Dương Kim Vinh,sv21129417@student.edu.vn,0953099721,STUDENT
21129418,123456,Phạm Nhật Tâm,sv21129418@student.edu.vn,0950002487,STUDENT
21129419,123456,Phạm Thị Khánh,sv21129419@student.edu.vn,0946414867,STUDENT
21129420,123456,Trịnh Hồng Hương,sv21129420@student.edu.vn,0920521240,STUDENT
21129421,123456,Đặng Hồng Uyên,sv21129421@student.edu.vn,0982289308,STUDENT
21129422,123456,Đỗ Hoàng Vinh,sv21129422@student.edu.vn,0939816015,STUDENT
21129423,123456,Dương Phương Trang,sv21129423@student.edu.vn,0948619111,STUDENT
21129424,123456,Ngô Văn Cường,sv21129424@student.edu.vn,0981313352,STUDENT
21129425,123456,Dương Đức Yến,sv21129425@student.edu.vn,0927860114,STUDENT
21129426,123456,Vũ Thị Hiếu,sv21129426@student.edu.vn,0914842841,STUDENT
21129427,123456,Dương Hoàng Hùng,sv21129427@student.edu.vn,0945835384,STUDENT
21129428,123456,Đặng Hữu Toàn,sv21129428@student.edu.vn,0987367931,STUDENT
21129429,123456,Cao Thị Nga,sv21129429@student.edu.vn,0930301253,STUDENT
21129430,123456,Dương Hồng Khánh,sv21129430@student.edu.vn,0911939486,STUDENT
21129431,123456,Hồ Phương Tùng,sv21129431@student.edu.vn,0999406968,STUDENT
21129432,123456,Lý Phương Rạng,sv21129432@student.edu.vn,0946206468,STUDENT
21129433,123456,Đinh Ngọc Oanh,sv21129433@student.edu.vn,0972922387,STUDENT
21129434,123456,Huỳnh Duy Phong,sv21129434@student.edu.vn,0927723509,STUDENT
21129435,123456,Nguyễn Thiện Tài,sv21129435@student.edu.vn,0952774898,STUDENT
21129436,123456,Võ Kim An,sv21129436@student.edu.vn,0995132480,STUDENT
21129437,123456,Ngô Nhật Xuân,sv21129437@student.edu.vn,0924398246,STUDENT
21129438,123456,Trần Nhật Vinh,sv21129438@student.edu.vn,0923047115,STUDENT
21129439,123456,Nguyễn Tuấn Em,sv21129439@student.edu.vn,0936446883,STUDENT
21129440,123456,Dương Phương Oanh,sv21129440@student.edu.vn,0967749215,STUDENT
21129441,123456,Phan Văn Cường,sv21129441@student.edu.vn,0972699793,STUDENT
21129442,123456,Đỗ Anh Huy,sv21129442@student.edu.vn,0965045635,STUDENT
21129443,123456,Hoàng Quốc Hà,sv21129443@student.edu.vn,0945289849,STUDENT
21129444,123456,Võ Đức Hà,sv21129444@student.edu.vn,0987186613,STUDENT
21129445,123456,Phan Thị Vân,sv21129445@student.edu.vn,0912955062,STUDENT
21129446,123456,Ngô Trung Đạt,sv21129446@student.edu.vn,0975983602,STUDENT
21129447,123456,Nguyễn Duy Thảo,sv21129447@student.edu.vn,0919355703,STUDENT
21129448,123456,Lý Hải Toàn,sv21129448@student.edu.vn,0910054431,STUDENT
21129449,123456,Vũ Quang Phúc,sv21129449@student.edu.vn,0984292598,STUDENT
21129450,123456,Tạ Xuân Xuân,sv21129450@student.edu.vn,0997458869,STUDENT
21129451,123456,Lý Tuấn Khánh,sv21129451@student.edu.vn,0997196613,STUDENT
21129452,123456,Lê Hải Vinh,sv21129452@student.edu.vn,0995150274,STUDENT
21129453,123456,Bùi Hồng Lộc,sv21129453@student.edu.vn,0976026155,STUDENT
21129454,123456,Vũ Duy Khoa,sv21129454@student.edu.vn,0917570842,STUDENT
21129455,123456,Cao Thanh Phong,sv21129455@student.edu.vn,0954182053,STUDENT
21129456,123456,Vũ Xuân Bảo,sv21129456@student.edu.vn,0969939629,STUDENT
21129457,123456,Võ Anh Long,sv21129457@student.edu.vn,0914059568,STUDENT
21129458,123456,Trịnh Thiện Trí,sv21129458@student.edu.vn,0966903368,STUDENT
21129459,123456,Cao Anh Trí,sv21129459@student.edu.vn,0931547777,STUDENT
21129460,123456,Vũ Quang Phong,sv21129460@student.edu.vn,0930163627,STUDENT
21129461,123456,Lý Ngọc Đạt,sv21129461@student.edu.vn,0957335996,STUDENT
21129462,123456,Mai Hải Linh,sv21129462@student.edu.vn,0930409195,STUDENT
21129463,123456,Phạm Nhật Em,sv21129463@student.edu.vn,0919913312,STUDENT
21129464,123456,Cao Duy Oanh,sv21129464@student.edu.vn,0938428426,STUDENT
21129465,123456,Đỗ Hoàng Xuân,sv21129465@student.edu.vn,0995871618,STUDENT
21129466,123456,Hồ Quang Tùng,sv21129466@student.edu.vn,0957831105,STUDENT
21129467,123456,Đoàn Kim Vinh,sv21129467@student.edu.vn,0945969063,STUDENT
21129468,123456,Dương Thu Thắng,sv21129468@student.edu.vn,0998109129,STUDENT
21129469,123456,Lý Thanh Duy,sv21129469@student.edu.vn,0917438618,STUDENT
21129470,123456,Đặng Anh An,sv21129470@student.edu.vn,0911886430,STUDENT
21129471,123456,Trần Hữu Nga,sv21129471@student.edu.vn,0981988926,STUDENT
21129472,123456,Phạm Gia Hương,sv21129472@student.edu.vn,0993544555,STUDENT
21129473,123456,Hồ Kim Thảo,sv21129473@student.edu.vn,0996908315,STUDENT
21129474,123456,Ngô Tuấn Vân,sv21129474@student.edu.vn,0954459664,STUDENT
21129475,123456,Nguyễn Trung Sơn,sv21129475@student.edu.vn,0940995056,STUDENT
21129476,123456,Cao Thanh Thắng,sv21129476@student.edu.vn,0957304885,STUDENT
21129477,123456,Phạm Gia Bảo,sv21129477@student.edu.vn,0944769010,STUDENT
21129478,123456,Đặng Ngọc Phong,sv21129478@student.edu.vn,0932918985,STUDENT
21129479,123456,Lý Kim Hà,sv21129479@student.edu.vn,0969280776,STUDENT
21129480,123456,Cao Hải Lộc,sv21129480@student.edu.vn,0919018256,STUDENT
21129481,123456,Đặng Thị Thắng,sv21129481@student.edu.vn,0964523618,STUDENT
21129482,123456,Phan Quốc Linh,sv21129482@student.edu.vn,0970669240,STUDENT
21129483,123456,Đỗ Quang Xuân,sv21129483@student.edu.vn,0973390407,STUDENT
21129484,123456,Lê Xuân Giang,sv21129484@student.edu.vn,0987878668,STUDENT
21129485,123456,Vũ Xuân Inh,sv21129485@student.edu.vn,0957123219,STUDENT
21129486,123456,Lý Phương Nhật,sv21129486@student.edu.vn,0991722917,STUDENT
21129487,123456,Nguyễn Hồng Xuân,sv21129487@student.edu.vn,0910490106,STUDENT
21129488,123456,Đinh Hồng Bảo,sv21129488@student.edu.vn,0913200173,STUDENT
21129489,123456,Huỳnh Duy Nga,sv21129489@student.edu.vn,0932257008,STUDENT
21129490,123456,Lâm Duy Yến,sv21129490@student.edu.vn,0954524418,STUDENT
21129491,123456,Ngô Tuấn Linh,sv21129491@student.edu.vn,0999924670,STUDENT
21129492,123456,Dương Văn Hà,sv21129492@student.edu.vn,0996603954,STUDENT
21129493,123456,Võ Văn Sơn,sv21129493@student.edu.vn,0949513443,STUDENT
21129494,123456,Tạ Kim Long,sv21129494@student.edu.vn,0938241336,STUDENT
21129495,123456,Trần Thiện An,sv21129495@student.edu.vn,0984693913,STUDENT
21129496,123456,Phan Phương Bảo,sv21129496@student.edu.vn,0997232746,STUDENT
21129497,123456,Bùi Hữu Phúc,sv21129497@student.edu.vn,0972374833,STUDENT
21129498,123456,Mai Văn An,sv21129498@student.edu.vn,0994679268,STUDENT
21129499,123456,Tạ Thanh Sơn,sv21129499@student.edu.vn,0984705529,STUDENT
21129500,123456,Lâm Phương Vinh,sv21129500@student.edu.vn,0942462102,STUDENT
21129501,123456,Mai Gia Hùng,sv21129501@student.edu.vn,0945525004,STUDENT
21129502,123456,Đoàn Thu Nam,sv21129502@student.edu.vn,0964467766,STUDENT
21129503,123456,Cao Kim Nam,sv21129503@student.edu.vn,0966012595,STUDENT
21129504,123456,Cao Anh Huy,sv21129504@student.edu.vn,0951536209,STUDENT
21129505,123456,Trần Ngọc Phát,sv21129505@student.edu.vn,0950717870,STUDENT
21129506,123456,Tạ Quốc An,sv21129506@student.edu.vn,0951628451,STUDENT
21129507,123456,Bùi Quốc Minh,sv21129507@student.edu.vn,0953143724,STUDENT
21129508,123456,Bùi Hoàng Phúc,sv21129508@student.edu.vn,0923622307,STUDENT
21129509,123456,Lâm Thu Lan,sv21129509@student.edu.vn,0933857965,STUDENT
21129510,123456,Bùi Hải Cường,sv21129510@student.edu.vn,0993255279,STUDENT
21129511,123456,Hồ Thị Duy,sv21129511@student.edu.vn,0973149492,STUDENT
21129512,123456,Tạ Ngọc Toàn,sv21129512@student.edu.vn,0988559701,STUDENT
21129513,123456,Ngô Hồng Trung,sv21129513@student.edu.vn,0911465624,STUDENT
21129514,123456,Nguyễn Gia Nhật,sv21129514@student.edu.vn,0918335719,STUDENT
21129515,123456,Dương Duy Vân,sv21129515@student.edu.vn,0971100307,STUDENT
21129516,123456,Tạ Thị Đạt,sv21129516@student.edu.vn,0995137741,STUDENT
21129517,123456,Hà Bảo Xuân,sv21129517@student.edu.vn,0958329077,STUDENT
21129518,123456,Hoàng Xuân Trinh,sv21129518@student.edu.vn,0968659819,STUDENT
21129519,123456,Nguyễn Phương Hà,sv21129519@student.edu.vn,0935367853,STUDENT
21129520,123456,Đinh Phương Vinh,sv21129520@student.edu.vn,0970151073,STUDENT
21129521,123456,Trịnh Đức Quân,sv21129521@student.edu.vn,0969891416,STUDENT
21129522,123456,Mai Văn Nhật,sv21129522@student.edu.vn,0998216943,STUDENT
21129523,123456,Lý Anh Bảo,sv21129523@student.edu.vn,0994257196,STUDENT
21129524,123456,Trịnh Gia Minh,sv21129524@student.edu.vn,0911199121,STUDENT
21129525,123456,Đoàn Quốc Yến,sv21129525@student.edu.vn,0929707278,STUDENT
21129526,123456,Tạ Bảo Thảo,sv21129526@student.edu.vn,0948951884,STUDENT
21129527,123456,Phan Minh Quân,sv21129527@student.edu.vn,0932703515,STUDENT
21129528,123456,Hoàng Anh Thảo,sv21129528@student.edu.vn,0978054584,STUDENT
21129529,123456,Đinh Tuấn Nam,sv21129529@student.edu.vn,0954963751,STUDENT
21129530,123456,Đoàn Trung Oanh,sv21129530@student.edu.vn,0921493423,STUDENT
21129531,123456,Đinh Anh Bình,sv21129531@student.edu.vn,0947476378,STUDENT
21129532,123456,Nguyễn Thu Linh,sv21129532@student.edu.vn,0996941544,STUDENT
21129533,123456,Phạm Văn Thành,sv21129533@student.edu.vn,0968408382,STUDENT
21129534,123456,Hoàng Hoàng Em,sv21129534@student.edu.vn,0921256755,STUDENT
21129535,123456,Lâm Ngọc Inh,sv21129535@student.edu.vn,0985520718,STUDENT
21129536,123456,Lý Trung Giang,sv21129536@student.edu.vn,0964628962,STUDENT
21129537,123456,Lý Đức Đạt,sv21129537@student.edu.vn,0925393638,STUDENT
21129538,123456,Hồ Tuấn Toàn,sv21129538@student.edu.vn,0979925040,STUDENT
21129539,123456,Bùi Quốc Trí,sv21129539@student.edu.vn,0951582057,STUDENT
21129540,123456,Nguyễn Văn Xuân,sv21129540@student.edu.vn,0925981781,STUDENT
21129541,123456,Tạ Ngọc Duy,sv21129541@student.edu.vn,0952277882,STUDENT
21129542,123456,Tạ Duy Vinh,sv21129542@student.edu.vn,0973885362,STUDENT
21129543,123456,Đỗ Nhật Hương,sv21129543@student.edu.vn,0941390203,STUDENT
21129544,123456,Trịnh Hữu Tâm,sv21129544@student.edu.vn,0917565622,STUDENT
21129545,123456,Ngô Đức Tài,sv21129545@student.edu.vn,0983374114,STUDENT
21129546,123456,Đinh Gia Lan,sv21129546@student.edu.vn,0935038129,STUDENT
21129547,123456,Phạm Ngọc Khánh,sv21129547@student.edu.vn,0947177310,STUDENT
21129548,123456,Võ Xuân Thắng,sv21129548@student.edu.vn,0956265845,STUDENT
21129549,123456,Võ Minh Toàn,sv21129549@student.edu.vn,0996298933,STUDENT
21129550,123456,Lý Hữu Hà,sv21129550@student.edu.vn,0910529634,STUDENT
21129551,123456,Hà Thanh Long,sv21129551@student.edu.vn,0968428344,STUDENT
21129552,123456,Phan Hải Vinh,sv21129552@student.edu.vn,0930978949,STUDENT
21129553,123456,Vũ Hải Thảo,sv21129553@student.edu.vn,0941820539,STUDENT
21129554,123456,Ngô Duy Sơn,sv21129554@student.edu.vn,0921624227,STUDENT
21129555,123456,Ngô Văn Tùng,sv21129555@student.edu.vn,0976773365,STUDENT
21129556,123456,Lâm Bảo Trinh,sv21129556@student.edu.vn,0924253314,STUDENT
21129557,123456,Cao Thị Bảo,sv21129557@student.edu.vn,0980311990,STUDENT
21129558,123456,Tạ Đức Linh,sv21129558@student.edu.vn,0993783266,STUDENT
21129559,123456,Cao Minh Trang,sv21129559@student.edu.vn,0970599259,STUDENT
21129560,123456,Đoàn Kim Hiếu,sv21129560@student.edu.vn,0956623316,STUDENT
21129561,123456,Phan Nhật Giang,sv21129561@student.edu.vn,0966149747,STUDENT
21129562,123456,Lê Nhật Khánh,sv21129562@student.edu.vn,0948578276,STUDENT
21129563,123456,Mai Bảo Vinh,sv21129563@student.edu.vn,0983850085,STUDENT
21129564,123456,Nguyễn Anh Duy,sv21129564@student.edu.vn,0934167646,STUDENT
21129565,123456,Phạm Quang Hà,sv21129565@student.edu.vn,0969663016,STUDENT
21129566,123456,Cao Anh Khánh,sv21129566@student.edu.vn,0950743675,STUDENT
21129567,123456,Đỗ Hải Lộc,sv21129567@student.edu.vn,0989324248,STUDENT
21129568,123456,Hoàng Thiện Phát,sv21129568@student.edu.vn,0934991632,STUDENT
21129569,123456,Mai Thanh Tài,sv21129569@student.edu.vn,0938337878,STUDENT
21129570,123456,Vũ Thanh Giang,sv21129570@student.edu.vn,0938497851,STUDENT
21129571,123456,Hồ Văn Duy,sv21129571@student.edu.vn,0917204367,STUDENT
21129572,123456,Đỗ Ngọc Khánh,sv21129572@student.edu.vn,0999923448,STUDENT
21129573,123456,Nguyễn Thu Hương,sv21129573@student.edu.vn,0970978951,STUDENT
21129574,123456,Lê Hồng Khoa,sv21129574@student.edu.vn,0932528752,STUDENT
21129575,123456,Lâm Hoàng Giang,sv21129575@student.edu.vn,0916628912,STUDENT
21129576,123456,Huỳnh Thiện Bình,sv21129576@student.edu.vn,0941811539,STUDENT
21129577,123456,Cao Ngọc Khoa,sv21129577@student.edu.vn,0970337744,STUDENT
21129578,123456,Mai Thanh An,sv21129578@student.edu.vn,0939732157,STUDENT
21129579,123456,Hồ Hải Xuân,sv21129579@student.edu.vn,0944722077,STUDENT
21129580,123456,Đặng Anh Huy,sv21129580@student.edu.vn,0932472210,STUDENT
21129581,123456,Hà Quang Phong,sv21129581@student.edu.vn,0981843599,STUDENT
21129582,123456,Võ Minh Duy,sv21129582@student.edu.vn,0948377913,STUDENT
21129583,123456,Mai Ngọc Inh,sv21129583@student.edu.vn,0987041545,STUDENT
21129584,123456,Đặng Tuấn An,sv21129584@student.edu.vn,0951851870,STUDENT
21129585,123456,Cao Kim Thảo,sv21129585@student.edu.vn,0991840270,STUDENT
21129586,123456,Lê Trung Giang,sv21129586@student.edu.vn,0958625746,STUDENT
21129587,123456,Phạm Nhật Vân,sv21129587@student.edu.vn,0984447530,STUDENT
21129588,123456,Cao Phương Trí,sv21129588@student.edu.vn,0963957232,STUDENT
21129589,123456,Đỗ Ngọc Thành,sv21129589@student.edu.vn,0940039505,STUDENT
21129590,123456,Lê Thiện Trí,sv21129590@student.edu.vn,0950750105,STUDENT
21129591,123456,Đinh Đức Thắng,sv21129591@student.edu.vn,0993377850,STUDENT
21129592,123456,Võ Kim Tài,sv21129592@student.edu.vn,0951573383,STUDENT
21129593,123456,Đỗ Nhật Sơn,sv21129593@student.edu.vn,0987028466,STUDENT
21129594,123456,Đinh Hữu Lan,sv21129594@student.edu.vn,0956015031,STUDENT
21129595,123456,Nguyễn Quốc Tùng,sv21129595@student.edu.vn,0956449063,STUDENT
21129596,123456,Nguyễn Tuấn Khoa,sv21129596@student.edu.vn,0921943642,STUDENT
21129597,123456,Võ Quốc Hà,sv21129597@student.edu.vn,0936607302,STUDENT
21129598,123456,Hà Quốc Vinh,sv21129598@student.edu.vn,0972979679,STUDENT
21129599,123456,Đinh Quang Thảo,sv21129599@student.edu.vn,0971115860,STUDENT
21129600,123456,Hà Minh Tùng,sv21129600@student.edu.vn,0975133158,STUDENT
21129601,123456,Hà Đức Long,sv21129601@student.edu.vn,0940982849,STUDENT
21129602,123456,Cao Đức Duy,sv21129602@student.edu.vn,0996205558,STUDENT
21129603,123456,Huỳnh Thu Xuân,sv21129603@student.edu.vn,0923917538,STUDENT
21129604,123456,Phạm Trung Nam,sv21129604@student.edu.vn,0945936644,STUDENT
21129605,123456,Cao Thanh Minh,sv21129605@student.edu.vn,0971504688,STUDENT
21129606,123456,Mai Xuân Linh,sv21129606@student.edu.vn,0979421086,STUDENT
21129607,123456,Tạ Thanh Oanh,sv21129607@student.edu.vn,0942321833,STUDENT
21129608,123456,Lê Hoàng Tùng,sv21129608@student.edu.vn,0944701145,STUDENT
21129609,123456,Cao Thiện Inh,sv21129609@student.edu.vn,0925854708,STUDENT
21129610,123456,Hoàng Nhật Thành,sv21129610@student.edu.vn,0912097340,STUDENT
21129611,123456,Hà Bảo Bình,sv21129611@student.edu.vn,0924399387,STUDENT
21129612,123456,Phạm Xuân Vân,sv21129612@student.edu.vn,0942829888,STUDENT
21129613,123456,Đinh Tuấn Đạt,sv21129613@student.edu.vn,0912841843,STUDENT
21129614,123456,Hoàng Gia Vân,sv21129614@student.edu.vn,0958050736,STUDENT
21129615,123456,Hà Nhật Trí,sv21129615@student.edu.vn,0962151939,STUDENT
21129616,123456,Hoàng Anh Khoa,sv21129616@student.edu.vn,0931886958,STUDENT
21129617,123456,Hồ Gia Nam,sv21129617@student.edu.vn,0999382864,STUDENT
21129618,123456,Hoàng Gia Cường,sv21129618@student.edu.vn,0926492168,STUDENT
21129619,123456,Mai Văn Thắng,sv21129619@student.edu.vn,0934935996,STUDENT
21129620,123456,Lý Phương Huy,sv21129620@student.edu.vn,0946168183,STUDENT
21129621,123456,Bùi Ngọc Duy,sv21129621@student.edu.vn,0934564160,STUDENT
21129622,123456,Dương Tuấn Tâm,sv21129622@student.edu.vn,0933917523,STUDENT
21129623,123456,Trần Bảo Lộc,sv21129623@student.edu.vn,0975228290,STUDENT
21129624,123456,Nguyễn Thị Minh,sv21129624@student.edu.vn,0992603672,STUDENT
21129625,123456,Đặng Đức Em,sv21129625@student.edu.vn,0951454924,STUDENT
21129626,123456,Đinh Duy Hùng,sv21129626@student.edu.vn,0998807528,STUDENT
21129627,123456,Phạm Phương Trí,sv21129627@student.edu.vn,0980836678,STUDENT
21129628,123456,Đặng Phương Quân,sv21129628@student.edu.vn,0925516314,STUDENT
21129629,123456,Nguyễn Văn Minh,sv21129629@student.edu.vn,0985417619,STUDENT
21129630,123456,Đoàn Bảo Thắng,sv21129630@student.edu.vn,0988679760,STUDENT
21129631,123456,Trịnh Duy Vân,sv21129631@student.edu.vn,0991336381,STUDENT
21129632,123456,Ngô Quang Em,sv21129632@student.edu.vn,0997736839,STUDENT
21129633,123456,Lê Hải Quân,sv21129633@student.edu.vn,0930984270,STUDENT
21129634,123456,Lâm Xuân Khánh,sv21129634@student.edu.vn,0969537802,STUDENT
21129635,123456,Mai Quang Huy,sv21129635@student.edu.vn,0943580861,STUDENT
21129636,123456,Đỗ Hữu Khánh,sv21129636@student.edu.vn,0913919922,STUDENT
21129637,123456,Bùi Thiện Trí,sv21129637@student.edu.vn,0931588440,STUDENT
21129638,123456,Nguyễn Duy Hiếu,sv21129638@student.edu.vn,0918931167,STUDENT
21129639,123456,Cao Ngọc Vân,sv21129639@student.edu.vn,0933522155,STUDENT
21129640,123456,Trịnh Hữu Đạt,sv21129640@student.edu.vn,0945397872,STUDENT
21129641,123456,Trịnh Bảo Quân,sv21129641@student.edu.vn,0997065529,STUDENT
21129642,123456,Mai Hoàng Minh,sv21129642@student.edu.vn,0920965935,STUDENT
21129643,123456,Phan Xuân Bảo,sv21129643@student.edu.vn,0993113247,STUDENT
21129644,123456,Trịnh Bảo Thảo,sv21129644@student.edu.vn,0995240955,STUDENT
21129645,123456,Cao Thu Sơn,sv21129645@student.edu.vn,0981436161,STUDENT
21129646,123456,Lê Thiện Bảo,sv21129646@student.edu.vn,0984273839,STUDENT
21129647,123456,Lê Bảo Xuân,sv21129647@student.edu.vn,0964473358,STUDENT
21129648,123456,Đoàn Hải Long,sv21129648@student.edu.vn,0996618896,STUDENT
21129649,123456,Phạm Quang Minh,sv21129649@student.edu.vn,0949535714,STUDENT
21129650,123456,Mai Duy Lan,sv21129650@student.edu.vn,0993944950,STUDENT
21129651,123456,Hoàng Thiện Kiệt,sv21129651@student.edu.vn,0963533990,STUDENT
21129652,123456,Mai Kim Oanh,sv21129652@student.edu.vn,0963010465,STUDENT
21129653,123456,Vũ Đức Trang,sv21129653@student.edu.vn,0924595364,STUDENT
21129654,123456,Lê Ngọc Nhật,sv21129654@student.edu.vn,0926957691,STUDENT
21129655,123456,Phan Quang Phát,sv21129655@student.edu.vn,0954946995,STUDENT
21129656,123456,Lý Hữu Quân,sv21129656@student.edu.vn,0939762507,STUDENT
21129657,123456,Dương Ngọc Trinh,sv21129657@student.edu.vn,0966870076,STUDENT
21129658,123456,Huỳnh Kim Giang,sv21129658@student.edu.vn,0948214049,STUDENT
21129659,123456,Hồ Hữu Nhật,sv21129659@student.edu.vn,0963555345,STUDENT
21129660,123456,Đỗ Hồng Khoa,sv21129660@student.edu.vn,0943084330,STUDENT
21129661,123456,Võ Hải Khoa,sv21129661@student.edu.vn,0912228386,STUDENT
21129662,123456,Tạ Quang Lộc,sv21129662@student.edu.vn,0916732459,STUDENT
21129663,123456,Hoàng Hải Long,sv21129663@student.edu.vn,0949743310,STUDENT
21129664,123456,Hồ Gia Trí,sv21129664@student.edu.vn,0996240056,STUDENT
21129665,123456,Lâm Văn Phát,sv21129665@student.edu.vn,0960904365,STUDENT
21129666,123456,Dương Đức Hiếu,sv21129666@student.edu.vn,0972182670,STUDENT
21129667,123456,Đoàn Thu Quân,sv21129667@student.edu.vn,0952614847,STUDENT
21129668,123456,Cao Bảo Quân,sv21129668@student.edu.vn,0922111033,STUDENT
21129669,123456,Huỳnh Thiện Đạt,sv21129669@student.edu.vn,0957990016,STUDENT
21129670,123456,Đinh Gia Linh,sv21129670@student.edu.vn,0971788754,STUDENT
21129671,123456,Tạ Minh Trinh,sv21129671@student.edu.vn,0912367999,STUDENT
21129672,123456,Hoàng Kim Cường,sv21129672@student.edu.vn,0991113191,STUDENT
21129673,123456,Bùi Hồng Nhật,sv21129673@student.edu.vn,0970308177,STUDENT
21129674,123456,Tạ Kim Vân,sv21129674@student.edu.vn,0954894422,STUDENT
21129675,123456,Hà Ngọc Rạng,sv21129675@student.edu.vn,0915595240,STUDENT
21129676,123456,Bùi Thu Oanh,sv21129676@student.edu.vn,0944438152,STUDENT
21129677,123456,Nguyễn Hải Trang,sv21129677@student.edu.vn,0931707900,STUDENT
21129678,123456,Đỗ Hữu Hiếu,sv21129678@student.edu.vn,0911687383,STUDENT
21129679,123456,Lý Minh Yến,sv21129679@student.edu.vn,0986846734,STUDENT
21129680,123456,Lê Hồng Tùng,sv21129680@student.edu.vn,0967197196,STUDENT
21129681,123456,Võ Tuấn Trinh,sv21129681@student.edu.vn,0923075246,STUDENT
21129682,123456,Trần Đức Khánh,sv21129682@student.edu.vn,0956840497,STUDENT
21129683,123456,Huỳnh Hữu Quân,sv21129683@student.edu.vn,0986007167,STUDENT
21129684,123456,Tạ Bảo Nhật,sv21129684@student.edu.vn,0990956058,STUDENT
21129685,123456,Mai Thiện Thảo,sv21129685@student.edu.vn,0982351231,STUDENT
21129686,123456,Hà Hữu Trinh,sv21129686@student.edu.vn,0921703201,STUDENT
21129687,123456,Lâm Thu Hùng,sv21129687@student.edu.vn,0960861281,STUDENT
21129688,123456,Phạm Tuấn Sơn,sv21129688@student.edu.vn,0992508016,STUDENT
21129689,123456,Đỗ Gia Kiệt,sv21129689@student.edu.vn,0983949389,STUDENT
21129690,123456,Ngô Quốc Kiệt,sv21129690@student.edu.vn,0929856001,STUDENT
21129691,123456,Phan Nhật Bảo,sv21129691@student.edu.vn,0943536332,STUDENT
21129692,123456,Hồ Xuân Hà,sv21129692@student.edu.vn,0958254949,STUDENT
21129693,123456,Bùi Anh Khánh,sv21129693@student.edu.vn,0981128804,STUDENT
21129694,123456,Hồ Văn Thắng,sv21129694@student.edu.vn,0944588078,STUDENT
21129695,123456,Bùi Thiện Uyên,sv21129695@student.edu.vn,0952214187,STUDENT
21129696,123456,Hồ Bảo Bảo,sv21129696@student.edu.vn,0983195689,STUDENT
21129697,123456,Hồ Thanh Giang,sv21129697@student.edu.vn,0911161697,STUDENT
21129698,123456,Hà Gia Khoa,sv21129698@student.edu.vn,0938940676,STUDENT
21129699,123456,Hà Duy Hà,sv21129699@student.edu.vn,0910778271,STUDENT
21129700,123456,Đoàn Bảo An,sv21129700@student.edu.vn,0986425628,STUDENT
21129701,123456,Mai Hữu Hương,sv21129701@student.edu.vn,0934820865,STUDENT
21129702,123456,Trịnh Hải Trí,sv21129702@student.edu.vn,0955008391,STUDENT
21129703,123456,Võ Gia Sơn,sv21129703@student.edu.vn,0995590408,STUDENT
21129704,123456,Vũ Bảo Toàn,sv21129704@student.edu.vn,0940334906,STUDENT
21129705,123456,Võ Duy Hùng,sv21129705@student.edu.vn,0963207405,STUDENT
21129706,123456,Phạm Xuân Thắng,sv21129706@student.edu.vn,0978695812,STUDENT
21129707,123456,Bùi Ngọc Duy,sv21129707@student.edu.vn,0956533217,STUDENT
21129708,123456,Bùi Hải Vân,sv21129708@student.edu.vn,0938497837,STUDENT
21129709,123456,Nguyễn Tuấn Hà,sv21129709@student.edu.vn,0982167953,STUDENT
21129710,123456,Dương Thiện Thảo,sv21129710@student.edu.vn,0998251613,STUDENT
21129711,123456,Ngô Hoàng Trung,sv21129711@student.edu.vn,0947269522,STUDENT
21129712,123456,Hồ Minh Bình,sv21129712@student.edu.vn,0989170684,STUDENT
21129713,123456,Hà Ngọc Huy,sv21129713@student.edu.vn,0991374660,STUDENT
21129714,123456,Đinh Thiện Bình,sv21129714@student.edu.vn,0995689325,STUDENT
21129715,123456,Cao Thiện Thảo,sv21129715@student.edu.vn,0973329397,STUDENT
21129716,123456,Nguyễn Phương Tài,sv21129716@student.edu.vn,0951812510,STUDENT
21129717,123456,Lê Quốc Tâm,sv21129717@student.edu.vn,0982811597,STUDENT
21129718,123456,Nguyễn Trung Cường,sv21129718@student.edu.vn,0935779055,STUDENT
21129719,123456,Tạ Quang Uyên,sv21129719@student.edu.vn,0968357385,STUDENT
21129720,123456,Nguyễn Tuấn Tùng,sv21129720@student.edu.vn,0955943424,STUDENT
21129721,123456,Trần Tuấn Uyên,sv21129721@student.edu.vn,0947398972,STUDENT
21129722,123456,Đinh Duy Thảo,sv21129722@student.edu.vn,0930265022,STUDENT
21129723,123456,Trịnh Hải Giang,sv21129723@student.edu.vn,0956769660,STUDENT
21129724,123456,Huỳnh Minh Phong,sv21129724@student.edu.vn,0993126844,STUDENT
21129725,123456,Phạm Hải An,sv21129725@student.edu.vn,0927483581,STUDENT
21129726,123456,Dương Hải Phát,sv21129726@student.edu.vn,0913289500,STUDENT
21129727,123456,Lê Hồng Lan,sv21129727@student.edu.vn,0981180268,STUDENT
21129728,123456,Lâm Nhật Bảo,sv21129728@student.edu.vn,0927629921,STUDENT
21129729,123456,Phan Trung Yến,sv21129729@student.edu.vn,0975948606,STUDENT
21129730,123456,Võ Quang Long,sv21129730@student.edu.vn,0965538736,STUDENT
21129731,123456,Đoàn Xuân Bảo,sv21129731@student.edu.vn,0984456359,STUDENT
21129732,123456,Nguyễn Hải Thành,sv21129732@student.edu.vn,0945584270,STUDENT
21129733,123456,Huỳnh Anh Trinh,sv21129733@student.edu.vn,0941571337,STUDENT
21129734,123456,Lê Ngọc Yến,sv21129734@student.edu.vn,0935299737,STUDENT
21129735,123456,Ngô Phương Khoa,sv21129735@student.edu.vn,0999602321,STUDENT
21129736,123456,Trần Quang An,sv21129736@student.edu.vn,0910019032,STUDENT
21129737,123456,Lâm Ngọc An,sv21129737@student.edu.vn,0970847311,STUDENT
21129738,123456,Dương Hải Quân,sv21129738@student.edu.vn,0996123930,STUDENT
21129739,123456,Đỗ Minh Long,sv21129739@student.edu.vn,0967040374,STUDENT
21129740,123456,Phan Hải Toàn,sv21129740@student.edu.vn,0970619827,STUDENT
21129741,123456,Hà Anh Hương,sv21129741@student.edu.vn,0995896672,STUDENT
21129742,123456,Phạm Nhật Linh,sv21129742@student.edu.vn,0996994612,STUDENT
21129743,123456,Phan Thanh Thảo,sv21129743@student.edu.vn,0939409490,STUDENT
21129744,123456,Lý Hồng Inh,sv21129744@student.edu.vn,0976883282,STUDENT
21129745,123456,Lê Gia Phúc,sv21129745@student.edu.vn,0991218838,STUDENT
21129746,123456,Đinh Kim Em,sv21129746@student.edu.vn,0971121465,STUDENT
21129747,123456,Hà Thị Thành,sv21129747@student.edu.vn,0910103330,STUDENT
21129748,123456,Đinh Anh Bình,sv21129748@student.edu.vn,0913522704,STUDENT
21129749,123456,Đỗ Hồng Bảo,sv21129749@student.edu.vn,0990970080,STUDENT
21129750,123456,Cao Đức Oanh,sv21129750@student.edu.vn,0960247285,STUDENT
21129751,123456,Đỗ Hải Vinh,sv21129751@student.edu.vn,0957881304,STUDENT
21129752,123456,Trịnh Tuấn Nga,sv21129752@student.edu.vn,0994423557,STUDENT
21129753,123456,Dương Thanh Giang,sv21129753@student.edu.vn,0962932424,STUDENT
21129754,123456,Võ Minh Rạng,sv21129754@student.edu.vn,0930790294,STUDENT
21129755,123456,Lâm Nhật Giang,sv21129755@student.edu.vn,0913270937,STUDENT
21129756,123456,Ngô Hồng Sơn,sv21129756@student.edu.vn,0973824428,STUDENT
21129757,123456,Mai Xuân Hà,sv21129757@student.edu.vn,0967621506,STUDENT
21129758,123456,Hà Quang Xuân,sv21129758@student.edu.vn,0935845359,STUDENT
21129759,123456,Phan Hữu Nga,sv21129759@student.edu.vn,0998534326,STUDENT
21129760,123456,Nguyễn Hoàng Phong,sv21129760@student.edu.vn,0962732019,STUDENT
21129761,123456,Vũ Hữu Lộc,sv21129761@student.edu.vn,0927966550,STUDENT
21129762,123456,Đinh Nhật Kiệt,sv21129762@student.edu.vn,0928825189,STUDENT
21129763,123456,Lâm Gia Phát,sv21129763@student.edu.vn,0992758613,STUDENT
21129764,123456,Cao Trung Nga,sv21129764@student.edu.vn,0949581650,STUDENT
21129765,123456,Phan Bảo Quân,sv21129765@student.edu.vn,0943379625,STUDENT
21129766,123456,Lê Hồng An,sv21129766@student.edu.vn,0971280969,STUDENT
21129767,123456,Dương Văn Nga,sv21129767@student.edu.vn,0925175970,STUDENT
21129768,123456,Bùi Hồng Đạt,sv21129768@student.edu.vn,0994126935,STUDENT
21129769,123456,Hà Tuấn Quân,sv21129769@student.edu.vn,0922083094,STUDENT
21129770,123456,Vũ Thị Lan,sv21129770@student.edu.vn,0975789940,STUDENT
21129771,123456,Trần Thiện Phúc,sv21129771@student.edu.vn,0942044305,STUDENT
21129772,123456,Đinh Hoàng Long,sv21129772@student.edu.vn,0997685287,STUDENT
21129773,123456,Trần Hồng Bảo,sv21129773@student.edu.vn,0913310064,STUDENT
21129774,123456,Mai Gia Nam,sv21129774@student.edu.vn,0966295451,STUDENT
21129775,123456,Nguyễn Gia Tài,sv21129775@student.edu.vn,0954952604,STUDENT
21129776,123456,Cao Quốc Inh,sv21129776@student.edu.vn,0961796591,STUDENT
21129777,123456,Hồ Nhật Uyên,sv21129777@student.edu.vn,0971260877,STUDENT
21129778,123456,Lý Minh Hiếu,sv21129778@student.edu.vn,0973895888,STUDENT
21129779,123456,Dương Quốc Bình,sv21129779@student.edu.vn,0930454000,STUDENT
21129780,123456,Phan Bảo Kiệt,sv21129780@student.edu.vn,0971486529,STUDENT
21129781,123456,Vũ Hồng Lan,sv21129781@student.edu.vn,0959988225,STUDENT
21129782,123456,Trịnh Kim Tâm,sv21129782@student.edu.vn,0928607389,STUDENT
21129783,123456,Vũ Xuân Vân,sv21129783@student.edu.vn,0963955922,STUDENT
21129784,123456,Phạm Gia Linh,sv21129784@student.edu.vn,0961030917,STUDENT
21129785,123456,Đinh Trung Khánh,sv21129785@student.edu.vn,0984255804,STUDENT
21129786,123456,Mai Thiện Phúc,sv21129786@student.edu.vn,0913337445,STUDENT
21129787,123456,Trần Thị Quân,sv21129787@student.edu.vn,0942919685,STUDENT
21129788,123456,Võ Hoàng Sơn,sv21129788@student.edu.vn,0962549071,STUDENT
21129789,123456,Phan Thị Nga,sv21129789@student.edu.vn,0998943063,STUDENT
21129790,123456,Lâm Phương Thành,sv21129790@student.edu.vn,0926611551,STUDENT
21129791,123456,Nguyễn Thiện Linh,sv21129791@student.edu.vn,0915241355,STUDENT
21129792,123456,Hồ Văn Xuân,sv21129792@student.edu.vn,0914469586,STUDENT
21129793,123456,Hoàng Quốc Phúc,sv21129793@student.edu.vn,0984337729,STUDENT
21129794,123456,Đỗ Hồng Toàn,sv21129794@student.edu.vn,0989509658,STUDENT
21129795,123456,Đặng Quốc Uyên,sv21129795@student.edu.vn,0935006896,STUDENT
21129796,123456,Huỳnh Hải Minh,sv21129796@student.edu.vn,0911616032,STUDENT
21129797,123456,Tạ Hoàng Tài,sv21129797@student.edu.vn,0932139286,STUDENT
21129798,123456,Đỗ Trung An,sv21129798@student.edu.vn,0966460558,STUDENT
21129799,123456,Ngô Hoàng Sơn,sv21129799@student.edu.vn,0989685529,STUDENT
21129800,123456,Hoàng Minh Khoa,sv21129800@student.edu.vn,0958072288,STUDENT
21129801,123456,Cao Trung Tùng,sv21129801@student.edu.vn,0941079116,STUDENT
21129802,123456,Đặng Phương Trí,sv21129802@student.edu.vn,0924937800,STUDENT
21129803,123456,Huỳnh Thanh Lộc,sv21129803@student.edu.vn,0989841820,STUDENT
21129804,123456,Trần Trung Giang,sv21129804@student.edu.vn,0913365519,STUDENT
21129805,123456,Lý Hải Phong,sv21129805@student.edu.vn,0957040088,STUDENT
21129806,123456,Phạm Hoàng Long,sv21129806@student.edu.vn,0970355083,STUDENT
21129807,123456,Phạm Anh Vinh,sv21129807@student.edu.vn,0967025602,STUDENT
21129808,123456,Phan Nhật Trinh,sv21129808@student.edu.vn,0995406260,STUDENT
21129809,123456,Huỳnh Duy Minh,sv21129809@student.edu.vn,0938437660,STUDENT
21129810,123456,Lê Đức Em,sv21129810@student.edu.vn,0936385789,STUDENT
21129811,123456,Hoàng Bảo Phúc,sv21129811@student.edu.vn,0989470846,STUDENT
21129812,123456,Đoàn Thu Trinh,sv21129812@student.edu.vn,0979912852,STUDENT
21129813,123456,Phan Kim Hùng,sv21129813@student.edu.vn,0945505297,STUDENT
21129814,123456,Huỳnh Anh Bảo,sv21129814@student.edu.vn,0950378524,STUDENT
21129815,123456,Phan Bảo Vân,sv21129815@student.edu.vn,0987430145,STUDENT
21129816,123456,Trần Kim Kiệt,sv21129816@student.edu.vn,0965416264,STUDENT
21129817,123456,Lê Nhật Minh,sv21129817@student.edu.vn,0942444862,STUDENT
21129818,123456,Hồ Kim Hiếu,sv21129818@student.edu.vn,0953403702,STUDENT
21129819,123456,Lê Hồng Thắng,sv21129819@student.edu.vn,0983914503,STUDENT
21129820,123456,Huỳnh Phương Khánh,sv21129820@student.edu.vn,0986522119,STUDENT
21129821,123456,Võ Thu Tùng,sv21129821@student.edu.vn,0998644524,STUDENT
21129822,123456,Trần Hải Vân,sv21129822@student.edu.vn,0991699727,STUDENT
21129823,123456,Vũ Minh Trí,sv21129823@student.edu.vn,0927535160,STUDENT
21129824,123456,Trịnh Ngọc An,sv21129824@student.edu.vn,0986837322,STUDENT
21129825,123456,Trần Thu Trinh,sv21129825@student.edu.vn,0943718814,STUDENT
21129826,123456,Trịnh Anh Thắng,sv21129826@student.edu.vn,0989169672,STUDENT
21129827,123456,Lý Trung Rạng,sv21129827@student.edu.vn,0948240834,STUDENT
21129828,123456,Mai Hoàng Toàn,sv21129828@student.edu.vn,0950468100,STUDENT
21129829,123456,Huỳnh Hải Trang,sv21129829@student.edu.vn,0942698672,STUDENT
21129830,123456,Trịnh Minh Thảo,sv21129830@student.edu.vn,0995989341,STUDENT
21129831,123456,Hà Minh Nhật,sv21129831@student.edu.vn,0994208427,STUDENT
21129832,123456,Võ Tuấn Tùng,sv21129832@student.edu.vn,0957501507,STUDENT
21129833,123456,Hà Quang Tùng,sv21129833@student.edu.vn,0914866877,STUDENT
21129834,123456,Hồ Duy Trí,sv21129834@student.edu.vn,0932816609,STUDENT
21129835,123456,Phan Thiện Nam,sv21129835@student.edu.vn,0948720614,STUDENT
21129836,123456,Cao Thu Khoa,sv21129836@student.edu.vn,0974555267,STUDENT
21129837,123456,Nguyễn Hữu Trung,sv21129837@student.edu.vn,0977423185,STUDENT
21129838,123456,Huỳnh Nhật Lộc,sv21129838@student.edu.vn,0919451704,STUDENT
21129839,123456,Vũ Hồng Trí,sv21129839@student.edu.vn,0984743496,STUDENT
21129840,123456,Đặng Nhật Nam,sv21129840@student.edu.vn,0949342735,STUDENT
21129841,123456,Võ Gia Đạt,sv21129841@student.edu.vn,0915078046,STUDENT
21129842,123456,Hoàng Hồng Linh,sv21129842@student.edu.vn,0999556948,STUDENT
21129843,123456,Tạ Nhật Hà,sv21129843@student.edu.vn,0932569675,STUDENT
21129844,123456,Lê Nhật An,sv21129844@student.edu.vn,0940253665,STUDENT
21129845,123456,Phạm Gia Lan,sv21129845@student.edu.vn,0938809466,STUDENT
21129846,123456,Lý Gia Oanh,sv21129846@student.edu.vn,0967349404,STUDENT
21129847,123456,Trịnh Minh Bảo,sv21129847@student.edu.vn,0929868626,STUDENT
21129848,123456,Lý Thị Thắng,sv21129848@student.edu.vn,0922039720,STUDENT
21129849,123456,Đỗ Hoàng Long,sv21129849@student.edu.vn,0961057563,STUDENT
21129850,123456,Đoàn Minh Cường,sv21129850@student.edu.vn,0986731380,STUDENT
21129851,123456,Lâm Nhật Hà,sv21129851@student.edu.vn,0948369544,STUDENT
21129852,123456,Lý Nhật Phát,sv21129852@student.edu.vn,0940275789,STUDENT
21129853,123456,Lý Thiện Vân,sv21129853@student.edu.vn,0916343849,STUDENT
21129854,123456,Võ Minh Trinh,sv21129854@student.edu.vn,0932976729,STUDENT
21129855,123456,Đinh Kim Hiếu,sv21129855@student.edu.vn,0911253967,STUDENT
21129856,123456,Hà Thị Trinh,sv21129856@student.edu.vn,0926048383,STUDENT
21129857,123456,Võ Đức Kiệt,sv21129857@student.edu.vn,0943035563,STUDENT
21129858,123456,Đỗ Trung Em,sv21129858@student.edu.vn,0911035717,STUDENT
21129859,123456,Lý Quang Minh,sv21129859@student.edu.vn,0987735650,STUDENT
21129860,123456,Dương Hải Phát,sv21129860@student.edu.vn,0992428011,STUDENT
21129861,123456,Đinh Kim Em,sv21129861@student.edu.vn,0964587129,STUDENT
21129862,123456,Cao Văn Nam,sv21129862@student.edu.vn,0917606213,STUDENT
21129863,123456,Đoàn Xuân Quân,sv21129863@student.edu.vn,0933790361,STUDENT
21129864,123456,Đỗ Minh Sơn,sv21129864@student.edu.vn,0927244635,STUDENT
21129865,123456,Đặng Thị Quân,sv21129865@student.edu.vn,0990747504,STUDENT
21129866,123456,Dương Thu Huy,sv21129866@student.edu.vn,0928675548,STUDENT
21129867,123456,Lê Phương Minh,sv21129867@student.edu.vn,0935553551,STUDENT
21129868,123456,Trần Hoàng Phúc,sv21129868@student.edu.vn,0933594691,STUDENT
21129869,123456,Ngô Hồng Thảo,sv21129869@student.edu.vn,0956609132,STUDENT
21129870,123456,Hà Duy Vân,sv21129870@student.edu.vn,0941187531,STUDENT
21129871,123456,Lý Anh Thành,sv21129871@student.edu.vn,0931763220,STUDENT
21129872,123456,Võ Phương Long,sv21129872@student.edu.vn,0942906235,STUDENT
21129873,123456,Mai Văn Nhật,sv21129873@student.edu.vn,0996425664,STUDENT
21129874,123456,Đặng Kim Nam,sv21129874@student.edu.vn,0929992458,STUDENT
21129875,123456,Phan Duy Vinh,sv21129875@student.edu.vn,0940866595,STUDENT
21129876,123456,Hồ Tuấn Đạt,sv21129876@student.edu.vn,0922504437,STUDENT
21129877,123456,Bùi Trung Hà,sv21129877@student.edu.vn,0948346138,STUDENT
21129878,123456,Lý Xuân Phát,sv21129878@student.edu.vn,0985167417,STUDENT
21129879,123456,Hoàng Trung Uyên,sv21129879@student.edu.vn,0949378298,STUDENT
21129880,123456,Lâm Kim Huy,sv21129880@student.edu.vn,0949359260,STUDENT
21129881,123456,Bùi Duy Hùng,sv21129881@student.edu.vn,0931501170,STUDENT
21129882,123456,Đỗ Hồng Hà,sv21129882@student.edu.vn,0925715063,STUDENT
21129883,123456,Lâm Ngọc Uyên,sv21129883@student.edu.vn,0955012739,STUDENT
21129884,123456,Võ Kim Lan,sv21129884@student.edu.vn,0916812941,STUDENT
21129885,123456,Phạm Gia Phong,sv21129885@student.edu.vn,0947286033,STUDENT
21129886,123456,Lê Quốc Em,sv21129886@student.edu.vn,0959424339,STUDENT
21129887,123456,Nguyễn Hữu Duy,sv21129887@student.edu.vn,0933152963,STUDENT
21129888,123456,Trần Bảo Đạt,sv21129888@student.edu.vn,0988660944,STUDENT
21129889,123456,Đoàn Quang Trang,sv21129889@student.edu.vn,0961330922,STUDENT
21129890,123456,Trịnh Thu Khánh,sv21129890@student.edu.vn,0992242006,STUDENT
21129891,123456,Ngô Đức Phúc,sv21129891@student.edu.vn,0915384963,STUDENT
21129892,123456,Vũ Xuân Quân,sv21129892@student.edu.vn,0959840917,STUDENT
21129893,123456,Dương Hải Trí,sv21129893@student.edu.vn,0987688017,STUDENT
21129894,123456,Đinh Duy Rạng,sv21129894@student.edu.vn,0926884672,STUDENT
21129895,123456,Ngô Hoàng Linh,sv21129895@student.edu.vn,0970835382,STUDENT
21129896,123456,Hoàng Trung Khánh,sv21129896@student.edu.vn,0943886072,STUDENT
21129897,123456,Lý Đức Hiếu,sv21129897@student.edu.vn,0973913200,STUDENT
21129898,123456,Dương Thiện Bình,sv21129898@student.edu.vn,0979474917,STUDENT
21129899,123456,Hà Văn Khoa,sv21129899@student.edu.vn,0980436746,STUDENT
21129900,123456,Hồ Thị Trang,sv21129900@student.edu.vn,0927006771,STUDENT
21129901,123456,Hoàng Thu Sơn,sv21129901@student.edu.vn,0953431999,STUDENT
21129902,123456,Mai Đức Tùng,sv21129902@student.edu.vn,0994703370,STUDENT
21129903,123456,Đặng Thu Sơn,sv21129903@student.edu.vn,0988205881,STUDENT
21129904,123456,Tạ Nhật An,sv21129904@student.edu.vn,0958539666,STUDENT
21129905,123456,Phan Hải Quân,sv21129905@student.edu.vn,0994679731,STUDENT
21129906,123456,Mai Quang Tâm,sv21129906@student.edu.vn,0962626130,STUDENT
21129907,123456,Mai Thanh Trung,sv21129907@student.edu.vn,0921856747,STUDENT
21129908,123456,Tạ Phương Hà,sv21129908@student.edu.vn,0953213630,STUDENT
21129909,123456,Đặng Xuân Nhật,sv21129909@student.edu.vn,0920255792,STUDENT
21129910,123456,Huỳnh Bảo Phát,sv21129910@student.edu.vn,0991980775,STUDENT
21129911,123456,Lâm Phương Lộc,sv21129911@student.edu.vn,0956333939,STUDENT
21129912,123456,Trịnh Thị Thành,sv21129912@student.edu.vn,0985650361,STUDENT
21129913,123456,Võ Tuấn An,sv21129913@student.edu.vn,0979698564,STUDENT
21129914,123456,Tạ Ngọc Lan,sv21129914@student.edu.vn,0980082746,STUDENT
21129915,123456,Hà Hồng Cường,sv21129915@student.edu.vn,0935533387,STUDENT
21129916,123456,Đỗ Bảo Sơn,sv21129916@student.edu.vn,0988960601,STUDENT
21129917,123456,Dương Trung Linh,sv21129917@student.edu.vn,0992219516,STUDENT
21129918,123456,Hồ Xuân Bảo,sv21129918@student.edu.vn,0975768774,STUDENT
21129919,123456,Trần Nhật Hương,sv21129919@student.edu.vn,0975936758,STUDENT
21129920,123456,Bùi Gia Tài,sv21129920@student.edu.vn,0944366379,STUDENT
21129921,123456,Vũ Nhật Toàn,sv21129921@student.edu.vn,0916103606,STUDENT
21129922,123456,Lý Hồng Hà,sv21129922@student.edu.vn,0931626557,STUDENT
21129923,123456,Lê Tuấn Bảo,sv21129923@student.edu.vn,0984134498,STUDENT
21129924,123456,Phạm Hoàng Tùng,sv21129924@student.edu.vn,0969751061,STUDENT
21129925,123456,Huỳnh Gia Trinh,sv21129925@student.edu.vn,0966989073,STUDENT
21129926,123456,Lâm Minh Khánh,sv21129926@student.edu.vn,0943394225,STUDENT
21129927,123456,Lý Hồng Khoa,sv21129927@student.edu.vn,0996306358,STUDENT
21129928,123456,Đoàn Văn Phúc,sv21129928@student.edu.vn,0986085435,STUDENT
21129929,123456,Vũ Nhật Nhật,sv21129929@student.edu.vn,0947857904,STUDENT
21129930,123456,Phạm Quang Long,sv21129930@student.edu.vn,0916662476,STUDENT
21129931,123456,Lâm Hồng Hiếu,sv21129931@student.edu.vn,0971821997,STUDENT
21129932,123456,Vũ Thị Bình,sv21129932@student.edu.vn,0984553683,STUDENT
21129933,123456,Lê Minh Thắng,sv21129933@student.edu.vn,0933692834,STUDENT
21129934,123456,Hà Đức Kiệt,sv21129934@student.edu.vn,0932531519,STUDENT
21129935,123456,Đoàn Thanh Cường,sv21129935@student.edu.vn,0977845885,STUDENT
21129936,123456,Lâm Hải Yến,sv21129936@student.edu.vn,0955793923,STUDENT
21129937,123456,Lâm Bảo Thảo,sv21129937@student.edu.vn,0942223151,STUDENT
21129938,123456,Dương Minh Hương,sv21129938@student.edu.vn,0984266738,STUDENT
21129939,123456,Tạ Trung Nga,sv21129939@student.edu.vn,0960939810,STUDENT
21129940,123456,Lê Phương Bình,sv21129940@student.edu.vn,0943303324,STUDENT
21129941,123456,Lâm Thiện Rạng,sv21129941@student.edu.vn,0991206506,STUDENT
21129942,123456,Trần Thị Bảo,sv21129942@student.edu.vn,0916756754,STUDENT
21129943,123456,Hồ Văn Hiếu,sv21129943@student.edu.vn,0914622001,STUDENT
21129944,123456,Nguyễn Anh Phong,sv21129944@student.edu.vn,0912269210,STUDENT
21129945,123456,Bùi Hữu Em,sv21129945@student.edu.vn,0945809773,STUDENT
21129946,123456,Mai Xuân Hà,sv21129946@student.edu.vn,0933793393,STUDENT
21129947,123456,Vũ Tuấn Hùng,sv21129947@student.edu.vn,0970305192,STUDENT
21129948,123456,Cao Minh Thảo,sv21129948@student.edu.vn,0912682789,STUDENT
21129949,123456,Võ Hồng Phát,sv21129949@student.edu.vn,0965946613,STUDENT
21129950,123456,Đặng Thanh Tài,sv21129950@student.edu.vn,0970481755,STUDENT
21129951,123456,Trần Bảo Sơn,sv21129951@student.edu.vn,0986578136,STUDENT
21129952,123456,Lâm Thu Rạng,sv21129952@student.edu.vn,0960300976,STUDENT
21129953,123456,Tạ Thu Vinh,sv21129953@student.edu.vn,0997607929,STUDENT
21129954,123456,Phạm Xuân Long,sv21129954@student.edu.vn,0988792994,STUDENT
21129955,123456,Ngô Kim Tài,sv21129955@student.edu.vn,0921416964,STUDENT
21129956,123456,Mai Phương Kiệt,sv21129956@student.edu.vn,0973598261,STUDENT
21129957,123456,Bùi Văn Long,sv21129957@student.edu.vn,0917378266,STUDENT
21129958,123456,Đoàn Văn Inh,sv21129958@student.edu.vn,0920918724,STUDENT
21129959,123456,Bùi Thiện Đạt,sv21129959@student.edu.vn,0964575144,STUDENT
21129960,123456,Đoàn Hữu Đạt,sv21129960@student.edu.vn,0930498591,STUDENT
21129961,123456,Lâm Đức Xuân,sv21129961@student.edu.vn,0930123934,STUDENT
21129962,123456,Ngô Thanh An,sv21129962@student.edu.vn,0995096626,STUDENT
21129963,123456,Đoàn Đức Phong,sv21129963@student.edu.vn,0981050332,STUDENT
21129964,123456,Hồ Hoàng Phúc,sv21129964@student.edu.vn,0954080755,STUDENT
21129965,123456,Đoàn Tuấn Quân,sv21129965@student.edu.vn,0947501679,STUDENT
21129966,123456,Tạ Thị Nam,sv21129966@student.edu.vn,0950274456,STUDENT
21129967,123456,Đặng Văn Sơn,sv21129967@student.edu.vn,0973730535,STUDENT
21129968,123456,Bùi Minh Giang,sv21129968@student.edu.vn,0919671728,STUDENT
21129969,123456,Võ Bảo Trung,sv21129969@student.edu.vn,0962518218,STUDENT
21129970,123456,Ngô Đức Uyên,sv21129970@student.edu.vn,0976068762,STUDENT
21129971,123456,Tạ Anh Hà,sv21129971@student.edu.vn,0945339271,STUDENT
21129972,123456,Tạ Gia Sơn,sv21129972@student.edu.vn,0936378217,STUDENT
21129973,123456,Lý Anh Huy,sv21129973@student.edu.vn,0984870731,STUDENT
21129974,123456,Trịnh Thanh Tâm,sv21129974@student.edu.vn,0967352112,STUDENT
21129975,123456,Đỗ Duy Long,sv21129975@student.edu.vn,0919723058,STUDENT
21129976,123456,Nguyễn Bảo Thảo,sv21129976@student.edu.vn,0985981477,STUDENT
21129977,123456,Bùi Đức Tài,sv21129977@student.edu.vn,0931948123,STUDENT
21129978,123456,Lê Văn Rạng,sv21129978@student.edu.vn,0912966210,STUDENT
21129979,123456,Vũ Hải Vân,sv21129979@student.edu.vn,0989323407,STUDENT
21129980,123456,Mai Xuân An,sv21129980@student.edu.vn,0941182561,STUDENT
21129981,123456,Phạm Hữu Cường,sv21129981@student.edu.vn,0983663159,STUDENT
21129982,123456,Nguyễn Đức Linh,sv21129982@student.edu.vn,0996690327,STUDENT
21129983,123456,Cao Trung Uyên,sv21129983@student.edu.vn,0926822213,STUDENT
21129984,123456,Đặng Nhật Quân,sv21129984@student.edu.vn,0967138586,STUDENT
21129985,123456,Đỗ Bảo Thảo,sv21129985@student.edu.vn,0974424581,STUDENT
21129986,123456,Lê Thanh Thắng,sv21129986@student.edu.vn,0920568763,STUDENT
21129987,123456,Nguyễn Quốc Bình,sv21129987@student.edu.vn,0931862059,STUDENT
21129988,123456,Đỗ Thị Trinh,sv21129988@student.edu.vn,0932177426,STUDENT
21129989,123456,Nguyễn Trung Sơn,sv21129989@student.edu.vn,0911545384,STUDENT
21129990,123456,Hồ Hải Đạt,sv21129990@student.edu.vn,0930813869,STUDENT
21129991,123456,Vũ Quang Cường,sv21129991@student.edu.vn,0929604478,STUDENT
21129992,123456,Phan Anh Inh,sv21129992@student.edu.vn,0936173501,STUDENT
21129993,123456,Phan Thị Lan,sv21129993@student.edu.vn,0954992388,STUDENT
21129994,123456,Đoàn Bảo Lộc,sv21129994@student.edu.vn,0994468837,STUDENT
21129995,123456,Lý Tuấn Phúc,sv21129995@student.edu.vn,0947228935,STUDENT
21129996,123456,Vũ Ngọc Phúc,sv21129996@student.edu.vn,0937725211,STUDENT
21129997,123456,Trịnh Anh Minh,sv21129997@student.edu.vn,0931193243,STUDENT
21129998,123456,Cao Bảo Thành,sv21129998@student.edu.vn,0986245066,STUDENT
21129999,123456,Đinh Văn Khánh,sv21129999@student.edu.vn,0944220802,STUDENT
21130000,123456,Huỳnh Xuân Tùng,sv21130000@student.edu.vn,0955501450,STUDENT
21130001,123456,Huỳnh Minh Hiếu,sv21130001@student.edu.vn,0964711688,STUDENT
21130002,123456,Huỳnh Quốc Sơn,sv21130002@student.edu.vn,0953729015,STUDENT
21130003,123456,Tạ Thanh Trang,sv21130003@student.edu.vn,0913196581,STUDENT
21130004,123456,Mai Thanh Kiệt,sv21130004@student.edu.vn,0919464362,STUDENT
21130005,123456,Hà Anh Khánh,sv21130005@student.edu.vn,0974615613,STUDENT
21130006,123456,Đặng Thiện Tài,sv21130006@student.edu.vn,0972588724,STUDENT
21130007,123456,Đặng Đức An,sv21130007@student.edu.vn,0911938613,STUDENT
21130008,123456,Lê Thị Toàn,sv21130008@student.edu.vn,0965767510,STUDENT
21130009,123456,Ngô Hồng Phát,sv21130009@student.edu.vn,0995880605,STUDENT
21130010,123456,Trịnh Nhật Tài,sv21130010@student.edu.vn,0951571862,STUDENT
21130011,123456,Hồ Văn Hà,sv21130011@student.edu.vn,0946048897,STUDENT
21130012,123456,Cao Đức Trang,sv21130012@student.edu.vn,0968794593,STUDENT
21130013,123456,Đặng Thị Kiệt,sv21130013@student.edu.vn,0950421339,STUDENT
21130014,123456,Phan Duy Phúc,sv21130014@student.edu.vn,0944065450,STUDENT
21130015,123456,Phạm Nhật Trang,sv21130015@student.edu.vn,0963900397,STUDENT
21130016,123456,Huỳnh Bảo Kiệt,sv21130016@student.edu.vn,0929783471,STUDENT
21130017,123456,Nguyễn Thu Duy,sv21130017@student.edu.vn,0974275089,STUDENT
21130018,123456,Đoàn Đức Trinh,sv21130018@student.edu.vn,0987358028,STUDENT
21130019,123456,Lê Nhật Nam,sv21130019@student.edu.vn,0935128279,STUDENT
21130020,123456,Đặng Phương Trung,sv21130020@student.edu.vn,0975462952,STUDENT
21130021,123456,Đặng Phương Vân,sv21130021@student.edu.vn,0949685670,STUDENT
21130022,123456,Đinh Minh Lộc,sv21130022@student.edu.vn,0918896078,STUDENT
21130023,123456,Trịnh Xuân Phát,sv21130023@student.edu.vn,0914874552,STUDENT
21130024,123456,Đỗ Văn Thắng,sv21130024@student.edu.vn,0977392132,STUDENT
21130025,123456,Hồ Thị Lộc,sv21130025@student.edu.vn,0948899647,STUDENT
21130026,123456,Mai Duy Quân,sv21130026@student.edu.vn,0928128788,STUDENT
21130027,123456,Võ Kim Phát,sv21130027@student.edu.vn,0972312218,STUDENT
21130028,123456,Nguyễn Thu Toàn,sv21130028@student.edu.vn,0935419189,STUDENT
21130029,123456,Hồ Quốc Lan,sv21130029@student.edu.vn,0998495813,STUDENT
21130030,123456,Đoàn Thiện Lộc,sv21130030@student.edu.vn,0914675410,STUDENT
21130031,123456,Bùi Quốc Lộc,sv21130031@student.edu.vn,0947677451,STUDENT
21130032,123456,Ngô Xuân Bình,sv21130032@student.edu.vn,0964771028,STUDENT
21130033,123456,Mai Xuân Trung,sv21130033@student.edu.vn,0958338658,STUDENT
21130034,123456,Lý Xuân Tài,sv21130034@student.edu.vn,0974456796,STUDENT
21130035,123456,Ngô Xuân Inh,sv21130035@student.edu.vn,0924804837,STUDENT
21130036,123456,Trịnh Văn Khánh,sv21130036@student.edu.vn,0932158348,STUDENT
21130037,123456,Hà Duy Nhật,sv21130037@student.edu.vn,0910673337,STUDENT
21130038,123456,Đoàn Ngọc Sơn,sv21130038@student.edu.vn,0967708611,STUDENT
21130039,123456,Đặng Thanh Giang,sv21130039@student.edu.vn,0984918515,STUDENT
21130040,123456,Đinh Trung Phúc,sv21130040@student.edu.vn,0992385795,STUDENT
21130041,123456,Phạm Thị Trí,sv21130041@student.edu.vn,0945316663,STUDENT
21130042,123456,Huỳnh Minh Inh,sv21130042@student.edu.vn,0987831586,STUDENT
21130043,123456,Lý Minh Sơn,sv21130043@student.edu.vn,0919086369,STUDENT
21130044,123456,Lý Thị Oanh,sv21130044@student.edu.vn,0921063288,STUDENT
21130045,123456,Cao Quốc Hiếu,sv21130045@student.edu.vn,0930111954,STUDENT
21130046,123456,Vũ Nhật Vinh,sv21130046@student.edu.vn,0934221136,STUDENT
21130047,123456,Hà Thanh Sơn,sv21130047@student.edu.vn,0998724589,STUDENT
21130048,123456,Đỗ Thị Lan,sv21130048@student.edu.vn,0973679986,STUDENT
21130049,123456,Huỳnh Hồng Uyên,sv21130049@student.edu.vn,0923043673,STUDENT
21130050,123456,Cao Anh Uyên,sv21130050@student.edu.vn,0938301339,STUDENT
21130051,123456,Đặng Gia Hiếu,sv21130051@student.edu.vn,0946137015,STUDENT
21130052,123456,Hà Hồng Trinh,sv21130052@student.edu.vn,0983212708,STUDENT
21130053,123456,Nguyễn Văn Phát,sv21130053@student.edu.vn,0940463799,STUDENT
21130054,123456,Trần Tuấn Quân,sv21130054@student.edu.vn,0971119040,STUDENT
21130055,123456,Vũ Nhật Hà,sv21130055@student.edu.vn,0955661870,STUDENT
21130056,123456,Huỳnh Anh Trung,sv21130056@student.edu.vn,0959542266,STUDENT
21130057,123456,Mai Thiện Khoa,sv21130057@student.edu.vn,0997478264,STUDENT
21130058,123456,Bùi Đức Trí,sv21130058@student.edu.vn,0934516068,STUDENT
21130059,123456,Bùi Ngọc Nga,sv21130059@student.edu.vn,0975898180,STUDENT
21130060,123456,Bùi Tuấn Sơn,sv21130060@student.edu.vn,0946339243,STUDENT
21130061,123456,Hồ Anh Kiệt,sv21130061@student.edu.vn,0998772430,STUDENT
21130062,123456,Đặng Thiện Tài,sv21130062@student.edu.vn,0981443601,STUDENT
21130063,123456,Cao Anh Quân,sv21130063@student.edu.vn,0994090767,STUDENT
21130064,123456,Ngô Ngọc Phong,sv21130064@student.edu.vn,0919751889,STUDENT
21130065,123456,Hoàng Hoàng Inh,sv21130065@student.edu.vn,0991663853,STUDENT
21130066,123456,Mai Bảo Lộc,sv21130066@student.edu.vn,0917216115,STUDENT
21130067,123456,Dương Minh Huy,sv21130067@student.edu.vn,0963019050,STUDENT
21130068,123456,Trịnh Hoàng Đạt,sv21130068@student.edu.vn,0966215305,STUDENT
21130069,123456,Ngô Tuấn Tùng,sv21130069@student.edu.vn,0960673637,STUDENT
21130070,123456,Phạm Anh Hùng,sv21130070@student.edu.vn,0982986914,STUDENT
21130071,123456,Tạ Bảo Nhật,sv21130071@student.edu.vn,0939193360,STUDENT
21130072,123456,Hà Hoàng Huy,sv21130072@student.edu.vn,0980726942,STUDENT
21130073,123456,Hoàng Thu Trí,sv21130073@student.edu.vn,0925983531,STUDENT
21130074,123456,Đinh Gia Inh,sv21130074@student.edu.vn,0958135924,STUDENT
21130075,123456,Lâm Hải Thảo,sv21130075@student.edu.vn,0938348542,STUDENT
21130076,123456,Ngô Trung Lộc,sv21130076@student.edu.vn,0912039564,STUDENT
21130077,123456,Tạ Ngọc Xuân,sv21130077@student.edu.vn,0918107243,STUDENT
21130078,123456,Hoàng Hữu Toàn,sv21130078@student.edu.vn,0942837419,STUDENT
21130079,123456,Mai Quốc Long,sv21130079@student.edu.vn,0914648001,STUDENT
21130080,123456,Hà Minh Đạt,sv21130080@student.edu.vn,0933954302,STUDENT
21130081,123456,Mai Hữu Hương,sv21130081@student.edu.vn,0959017326,STUDENT
21130082,123456,Võ Kim Nga,sv21130082@student.edu.vn,0944945283,STUDENT
21130083,123456,Dương Tuấn Trung,sv21130083@student.edu.vn,0954005435,STUDENT
21130084,123456,Hoàng Gia Lan,sv21130084@student.edu.vn,0992331421,STUDENT
21130085,123456,Bùi Hoàng An,sv21130085@student.edu.vn,0928807236,STUDENT
21130086,123456,Mai Minh An,sv21130086@student.edu.vn,0977968137,STUDENT
21130087,123456,Trần Tuấn Quân,sv21130087@student.edu.vn,0984936284,STUDENT
21130088,123456,Ngô Đức Toàn,sv21130088@student.edu.vn,0990746553,STUDENT
21130089,123456,Mai Duy Hương,sv21130089@student.edu.vn,0951992192,STUDENT
21130090,123456,Đỗ Thu Hiếu,sv21130090@student.edu.vn,0911742666,STUDENT
21130091,123456,Huỳnh Quốc Tâm,sv21130091@student.edu.vn,0988999916,STUDENT
21130092,123456,Lý Duy Thảo,sv21130092@student.edu.vn,0914035475,STUDENT
21130093,123456,Hồ Hoàng Trinh,sv21130093@student.edu.vn,0988938139,STUDENT
21130094,123456,Phan Duy Vinh,sv21130094@student.edu.vn,0925727111,STUDENT
21130095,123456,Võ Hải Inh,sv21130095@student.edu.vn,0940333197,STUDENT
21130096,123456,Mai Phương Nhật,sv21130096@student.edu.vn,0984927620,STUDENT
21130097,123456,Trần Anh An,sv21130097@student.edu.vn,0959435333,STUDENT
21130098,123456,Nguyễn Văn Phong,sv21130098@student.edu.vn,0944628319,STUDENT
21130099,123456,Võ Ngọc Cường,sv21130099@student.edu.vn,0966237538,STUDENT
21130100,123456,Lê Gia Oanh,sv21130100@student.edu.vn,0972861575,STUDENT
21130101,123456,Đinh Nhật Tùng,sv21130101@student.edu.vn,0996410025,STUDENT
21130102,123456,Cao Quốc Thắng,sv21130102@student.edu.vn,0984309243,STUDENT
21130103,123456,Nguyễn Tuấn Toàn,sv21130103@student.edu.vn,0951298566,STUDENT
21130104,123456,Cao Anh Cường,sv21130104@student.edu.vn,0937429750,STUDENT
21130105,123456,Cao Hải Linh,sv21130105@student.edu.vn,0942240147,STUDENT
21130106,123456,Nguyễn Đức Thắng,sv21130106@student.edu.vn,0936756600,STUDENT
21130107,123456,Lê Minh Duy,sv21130107@student.edu.vn,0984904835,STUDENT
21130108,123456,Mai Minh Inh,sv21130108@student.edu.vn,0995959472,STUDENT
21130109,123456,Cao Tuấn Minh,sv21130109@student.edu.vn,0973534282,STUDENT
21130110,123456,Hồ Anh Kiệt,sv21130110@student.edu.vn,0947018777,STUDENT
21130111,123456,Đinh Thu Lan,sv21130111@student.edu.vn,0925044897,STUDENT
21130112,123456,Cao Anh Tùng,sv21130112@student.edu.vn,0933222385,STUDENT
21130113,123456,Đặng Tuấn Minh,sv21130113@student.edu.vn,0947806175,STUDENT
21130114,123456,Vũ Hồng An,sv21130114@student.edu.vn,0986144765,STUDENT
21130115,123456,Cao Đức Hương,sv21130115@student.edu.vn,0960171286,STUDENT
21130116,123456,Nguyễn Anh Trung,sv21130116@student.edu.vn,0917334749,STUDENT
21130117,123456,Nguyễn Nhật Tâm,sv21130117@student.edu.vn,0955742655,STUDENT
21130118,123456,Mai Duy Minh,sv21130118@student.edu.vn,0970466843,STUDENT
21130119,123456,Võ Xuân Kiệt,sv21130119@student.edu.vn,0921418204,STUDENT
21130120,123456,Dương Quang Lan,sv21130120@student.edu.vn,0975108068,STUDENT
21130121,123456,Bùi Nhật Vân,sv21130121@student.edu.vn,0961175147,STUDENT
21130122,123456,Cao Kim Nhật,sv21130122@student.edu.vn,0970089877,STUDENT
21130123,123456,Lê Đức Xuân,sv21130123@student.edu.vn,0951229217,STUDENT
21130124,123456,Tạ Anh Vân,sv21130124@student.edu.vn,0966412970,STUDENT
21130125,123456,Đoàn Hữu Sơn,sv21130125@student.edu.vn,0987733295,STUDENT
21130126,123456,Ngô Thiện Duy,sv21130126@student.edu.vn,0962233761,STUDENT
21130127,123456,Hồ Thiện Nhật,sv21130127@student.edu.vn,0938148820,STUDENT
21130128,123456,Dương Minh Hiếu,sv21130128@student.edu.vn,0926907508,STUDENT
21130129,123456,Tạ Thu Linh,sv21130129@student.edu.vn,0978420289,STUDENT
21130130,123456,Bùi Thu Thảo,sv21130130@student.edu.vn,0995440511,STUDENT
21130131,123456,Đặng Quang Vinh,sv21130131@student.edu.vn,0922133503,STUDENT
21130132,123456,Mai Tuấn Inh,sv21130132@student.edu.vn,0948452965,STUDENT
21130133,123456,Đặng Minh Uyên,sv21130133@student.edu.vn,0967363543,STUDENT
21130134,123456,Tạ Thiện Oanh,sv21130134@student.edu.vn,0997469125,STUDENT
21130135,123456,Đặng Gia Khánh,sv21130135@student.edu.vn,0942322712,STUDENT
21130136,123456,Lý Hoàng Thắng,sv21130136@student.edu.vn,0924470333,STUDENT
21130137,123456,Huỳnh Thiện Thắng,sv21130137@student.edu.vn,0991430673,STUDENT
21130138,123456,Cao Thị Tùng,sv21130138@student.edu.vn,0932852082,STUDENT
21130139,123456,Võ Minh Lan,sv21130139@student.edu.vn,0916965466,STUDENT
21130140,123456,Trần Ngọc Khánh,sv21130140@student.edu.vn,0965055138,STUDENT
21130141,123456,Đinh Thu Vinh,sv21130141@student.edu.vn,0919519673,STUDENT
21130142,123456,Đỗ Bảo Hùng,sv21130142@student.edu.vn,0940721528,STUDENT
21130143,123456,Cao Đức Phong,sv21130143@student.edu.vn,0932176259,STUDENT
21130144,123456,Võ Ngọc Nam,sv21130144@student.edu.vn,0970134208,STUDENT
21130145,123456,Lê Nhật Nam,sv21130145@student.edu.vn,0929539166,STUDENT
21130146,123456,Lâm Thu Đạt,sv21130146@student.edu.vn,0982823245,STUDENT
21130147,123456,Trần Hải Giang,sv21130147@student.edu.vn,0985102642,STUDENT
21130148,123456,Hà Thanh Oanh,sv21130148@student.edu.vn,0927569382,STUDENT
21130149,123456,Vũ Xuân Duy,sv21130149@student.edu.vn,0970640051,STUDENT
21130150,123456,Đinh Tuấn Huy,sv21130150@student.edu.vn,0972190578,STUDENT
21130151,123456,Phạm Duy Giang,sv21130151@student.edu.vn,0932454462,STUDENT
21130152,123456,Đoàn Thị Lan,sv21130152@student.edu.vn,0926023101,STUDENT
21130153,123456,Huỳnh Thu Hà,sv21130153@student.edu.vn,0995508969,STUDENT
21130154,123456,Trịnh Thu Linh,sv21130154@student.edu.vn,0974084938,STUDENT
21130155,123456,Mai Hồng Uyên,sv21130155@student.edu.vn,0913046312,STUDENT
21130156,123456,Dương Quốc Long,sv21130156@student.edu.vn,0971548435,STUDENT
21130157,123456,Huỳnh Thiện An,sv21130157@student.edu.vn,0996154949,STUDENT
21130158,123456,Dương Phương Lan,sv21130158@student.edu.vn,0982920135,STUDENT
21130159,123456,Hồ Tuấn Inh,sv21130159@student.edu.vn,0943560859,STUDENT
21130160,123456,Võ Quang Long,sv21130160@student.edu.vn,0988335339,STUDENT
21130161,123456,Phạm Thu Hương,sv21130161@student.edu.vn,0941146439,STUDENT
21130162,123456,Nguyễn Thu Minh,sv21130162@student.edu.vn,0943963523,STUDENT
21130163,123456,Dương Văn Nam,sv21130163@student.edu.vn,0956901245,STUDENT
21130164,123456,Cao Hải Giang,sv21130164@student.edu.vn,0953610043,STUDENT
21130165,123456,Đinh Minh Nhật,sv21130165@student.edu.vn,0999272743,STUDENT
21130166,123456,Hà Gia Kiệt,sv21130166@student.edu.vn,0941552879,STUDENT
21130167,123456,Nguyễn Minh Giang,sv21130167@student.edu.vn,0969185567,STUDENT
21130168,123456,Đinh Thanh Thảo,sv21130168@student.edu.vn,0939267115,STUDENT
21130169,123456,Trịnh Trung Lan,sv21130169@student.edu.vn,0912870403,STUDENT
21130170,123456,Phạm Bảo Quân,sv21130170@student.edu.vn,0947481348,STUDENT
21130171,123456,Đỗ Hữu Tài,sv21130171@student.edu.vn,0961274624,STUDENT
21130172,123456,Dương Quốc Đạt,sv21130172@student.edu.vn,0950998802,STUDENT
21130173,123456,Hồ Văn Duy,sv21130173@student.edu.vn,0961047445,STUDENT
21130174,123456,Đặng Hoàng Tài,sv21130174@student.edu.vn,0948631489,STUDENT
21130175,123456,Hồ Kim Hà,sv21130175@student.edu.vn,0995472542,STUDENT
21130176,123456,Phan Hoàng Vân,sv21130176@student.edu.vn,0914066574,STUDENT
21130177,123456,Trần Đức Hiếu,sv21130177@student.edu.vn,0965702011,STUDENT
21130178,123456,Lý Thị Khoa,sv21130178@student.edu.vn,0944055967,STUDENT
21130179,123456,Vũ Trung Hùng,sv21130179@student.edu.vn,0915777470,STUDENT
21130180,123456,Ngô Thị Khánh,sv21130180@student.edu.vn,0958958189,STUDENT
21130181,123456,Mai Đức Lộc,sv21130181@student.edu.vn,0956315536,STUDENT
21130182,123456,Vũ Thiện Xuân,sv21130182@student.edu.vn,0982074826,STUDENT
21130183,123456,Đinh Đức Toàn,sv21130183@student.edu.vn,0933030275,STUDENT
21130184,123456,Lý Kim Cường,sv21130184@student.edu.vn,0947512934,STUDENT
21130185,123456,Bùi Duy Linh,sv21130185@student.edu.vn,0985165925,STUDENT
21130186,123456,Tạ Phương Hà,sv21130186@student.edu.vn,0976496264,STUDENT
21130187,123456,Lý Quốc Đạt,sv21130187@student.edu.vn,0932807175,STUDENT
21130188,123456,Trần Hoàng Yến,sv21130188@student.edu.vn,0932744103,STUDENT
21130189,123456,Hà Nhật Linh,sv21130189@student.edu.vn,0929934943,STUDENT
21130190,123456,Lâm Ngọc Hiếu,sv21130190@student.edu.vn,0983166628,STUDENT
21130191,123456,Hà Thanh Duy,sv21130191@student.edu.vn,0914563510,STUDENT
21130192,123456,Cao Quang Bảo,sv21130192@student.edu.vn,0926815154,STUDENT
21130193,123456,Huỳnh Tuấn Thảo,sv21130193@student.edu.vn,0969920754,STUDENT
21130194,123456,Bùi Quang Nam,sv21130194@student.edu.vn,0933888922,STUDENT
21130195,123456,Phạm Gia Tài,sv21130195@student.edu.vn,0912198537,STUDENT
21130196,123456,Mai Anh Tâm,sv21130196@student.edu.vn,0981074019,STUDENT
21130197,123456,Phan Thu Hùng,sv21130197@student.edu.vn,0913232825,STUDENT
21130198,123456,Tạ Ngọc Long,sv21130198@student.edu.vn,0934678290,STUDENT
21130199,123456,Cao Duy Hà,sv21130199@student.edu.vn,0995989212,STUDENT
21130200,123456,Đỗ Hải Linh,sv21130200@student.edu.vn,0954529213,STUDENT
21130201,123456,Dương Văn Tùng,sv21130201@student.edu.vn,0984312684,STUDENT
21130202,123456,Lý Quốc Nga,sv21130202@student.edu.vn,0963685750,STUDENT
21130203,123456,Võ Thị Khoa,sv21130203@student.edu.vn,0918063303,STUDENT
21130204,123456,Vũ Gia Duy,sv21130204@student.edu.vn,0928056983,STUDENT
21130205,123456,Huỳnh Trung Huy,sv21130205@student.edu.vn,0923818401,STUDENT
21130206,123456,Phan Hữu Lộc,sv21130206@student.edu.vn,0969809010,STUDENT
21130207,123456,Đoàn Hữu Vinh,sv21130207@student.edu.vn,0910826544,STUDENT
21130208,123456,Nguyễn Thị Sơn,sv21130208@student.edu.vn,0916098912,STUDENT
21130209,123456,Trịnh Thị Phúc,sv21130209@student.edu.vn,0978213878,STUDENT
21130210,123456,Phan Minh Vinh,sv21130210@student.edu.vn,0911574865,STUDENT
21130211,123456,Hoàng Hải Kiệt,sv21130211@student.edu.vn,0930933637,STUDENT
21130212,123456,Hoàng Nhật Phong,sv21130212@student.edu.vn,0949624189,STUDENT
21130213,123456,Đoàn Hải Cường,sv21130213@student.edu.vn,0985170347,STUDENT
21130214,123456,Hoàng Hữu Hương,sv21130214@student.edu.vn,0941608000,STUDENT
21130215,123456,Hoàng Hoàng Rạng,sv21130215@student.edu.vn,0984394288,STUDENT
21130216,123456,Lý Phương Cường,sv21130216@student.edu.vn,0987160545,STUDENT
21130217,123456,Ngô Tuấn Lan,sv21130217@student.edu.vn,0960854168,STUDENT
21130218,123456,Trịnh Thanh Cường,sv21130218@student.edu.vn,0958806852,STUDENT
21130219,123456,Hà Tuấn Inh,sv21130219@student.edu.vn,0922053685,STUDENT
21130220,123456,Lý Bảo Minh,sv21130220@student.edu.vn,0912259311,STUDENT
21130221,123456,Tạ Duy Trinh,sv21130221@student.edu.vn,0992018409,STUDENT
21130222,123456,Hồ Hải Huy,sv21130222@student.edu.vn,0952733313,STUDENT
21130223,123456,Đỗ Phương Lộc,sv21130223@student.edu.vn,0941180624,STUDENT
21130224,123456,Đoàn Xuân Lộc,sv21130224@student.edu.vn,0972465698,STUDENT
21130225,123456,Nguyễn Trung Trinh,sv21130225@student.edu.vn,0997528831,STUDENT
21130226,123456,Phan Thu Phát,sv21130226@student.edu.vn,0970339765,STUDENT
21130227,123456,Võ Tuấn Long,sv21130227@student.edu.vn,0974992052,STUDENT
21130228,123456,Lý Văn Hương,sv21130228@student.edu.vn,0962276449,STUDENT
21130229,123456,Hà Trung Nam,sv21130229@student.edu.vn,0991562084,STUDENT
21130230,123456,Hồ Bảo Vân,sv21130230@student.edu.vn,0925514973,STUDENT
21130231,123456,Cao Hoàng Hương,sv21130231@student.edu.vn,0967244345,STUDENT
21130232,123456,Đinh Thiện Long,sv21130232@student.edu.vn,0929507580,STUDENT
21130233,123456,Trịnh Phương Giang,sv21130233@student.edu.vn,0999959578,STUDENT
21130234,123456,Trần Quốc Bình,sv21130234@student.edu.vn,0924718846,STUDENT
21130235,123456,Phan Phương Tùng,sv21130235@student.edu.vn,0934227186,STUDENT
21130236,123456,Ngô Tuấn Nam,sv21130236@student.edu.vn,0916157295,STUDENT
21130237,123456,Hà Thiện Oanh,sv21130237@student.edu.vn,0936552675,STUDENT
21130238,123456,Huỳnh Trung Vân,sv21130238@student.edu.vn,0932549355,STUDENT
21130239,123456,Trịnh Nhật Kiệt,sv21130239@student.edu.vn,0946512360,STUDENT
21130240,123456,Phan Kim Lộc,sv21130240@student.edu.vn,0945531118,STUDENT
21130241,123456,Đặng Anh Tùng,sv21130241@student.edu.vn,0949515765,STUDENT
21130242,123456,Trịnh Quốc Bảo,sv21130242@student.edu.vn,0965952051,STUDENT
21130243,123456,Bùi Kim Uyên,sv21130243@student.edu.vn,0938569233,STUDENT
21130244,123456,Đinh Quốc Yến,sv21130244@student.edu.vn,0943841194,STUDENT
21130245,123456,Võ Duy Phát,sv21130245@student.edu.vn,0979248036,STUDENT
21130246,123456,Đinh Nhật Hà,sv21130246@student.edu.vn,0976720471,STUDENT
21130247,123456,Vũ Nhật Quân,sv21130247@student.edu.vn,0985757776,STUDENT
21130248,123456,Tạ Thu Trung,sv21130248@student.edu.vn,0948564058,STUDENT
21130249,123456,Dương Hoàng Quân,sv21130249@student.edu.vn,0996078348,STUDENT
21130250,123456,Ngô Duy Lộc,sv21130250@student.edu.vn,0956393790,STUDENT
21130251,123456,Đỗ Xuân Minh,sv21130251@student.edu.vn,0944894652,STUDENT
21130252,123456,Trần Kim Duy,sv21130252@student.edu.vn,0927824537,STUDENT
21130253,123456,Đặng Xuân Bình,sv21130253@student.edu.vn,0948415020,STUDENT
21130254,123456,Phạm Kim Linh,sv21130254@student.edu.vn,0939731275,STUDENT
21130255,123456,Phan Tuấn Bảo,sv21130255@student.edu.vn,0968091656,STUDENT
21130256,123456,Đinh Thiện Khoa,sv21130256@student.edu.vn,0917531722,STUDENT
21130257,123456,Phan Đức Nam,sv21130257@student.edu.vn,0971329526,STUDENT
21130258,123456,Ngô Hoàng Hiếu,sv21130258@student.edu.vn,0913521164,STUDENT
21130259,123456,Nguyễn Hồng Oanh,sv21130259@student.edu.vn,0955984736,STUDENT
21130260,123456,Lý Văn Giang,sv21130260@student.edu.vn,0999838307,STUDENT
21130261,123456,Cao Trung Thảo,sv21130261@student.edu.vn,0967468128,STUDENT
21130262,123456,Phạm Duy Phúc,sv21130262@student.edu.vn,0937282393,STUDENT
21130263,123456,Mai Phương Duy,sv21130263@student.edu.vn,0997993765,STUDENT
21130264,123456,Đặng Thu Uyên,sv21130264@student.edu.vn,0975473416,STUDENT
21130265,123456,Cao Thiện Bảo,sv21130265@student.edu.vn,0942410919,STUDENT
21130266,123456,Dương Hoàng Duy,sv21130266@student.edu.vn,0919475326,STUDENT
21130267,123456,Huỳnh Quốc Long,sv21130267@student.edu.vn,0973396114,STUDENT
21130268,123456,Trịnh Quang Cường,sv21130268@student.edu.vn,0944079580,STUDENT
21130269,123456,Đỗ Hải Lộc,sv21130269@student.edu.vn,0921999832,STUDENT
21130270,123456,Vũ Văn Giang,sv21130270@student.edu.vn,0953181184,STUDENT
21130271,123456,Huỳnh Thiện Inh,sv21130271@student.edu.vn,0966989771,STUDENT
21130272,123456,Vũ Minh Duy,sv21130272@student.edu.vn,0950715408,STUDENT
21130273,123456,Đinh Kim Phúc,sv21130273@student.edu.vn,0943342408,STUDENT
21130274,123456,Đoàn Kim Duy,sv21130274@student.edu.vn,0920996593,STUDENT
21130275,123456,Cao Xuân Tùng,sv21130275@student.edu.vn,0966788330,STUDENT
21130276,123456,Lý Hữu Toàn,sv21130276@student.edu.vn,0982224011,STUDENT
21130277,123456,Trịnh Ngọc Uyên,sv21130277@student.edu.vn,0964036343,STUDENT
21130278,123456,Mai Minh Huy,sv21130278@student.edu.vn,0911747848,STUDENT
21130279,123456,Nguyễn Trung Phúc,sv21130279@student.edu.vn,0910390495,STUDENT
21130280,123456,Hồ Gia Yến,sv21130280@student.edu.vn,0950308706,STUDENT
21130281,123456,Nguyễn Quang Duy,sv21130281@student.edu.vn,0932524101,STUDENT
21130282,123456,Hồ Văn Uyên,sv21130282@student.edu.vn,0998179865,STUDENT
21130283,123456,Phạm Phương Thành,sv21130283@student.edu.vn,0944415490,STUDENT
21130284,123456,Nguyễn Gia Long,sv21130284@student.edu.vn,0972468325,STUDENT
21130285,123456,Lê Đức Vân,sv21130285@student.edu.vn,0962490819,STUDENT
21130286,123456,Phạm Tuấn Quân,sv21130286@student.edu.vn,0988187788,STUDENT
21130287,123456,Trịnh Minh Xuân,sv21130287@student.edu.vn,0949169038,STUDENT
21130288,123456,Bùi Văn Cường,sv21130288@student.edu.vn,0950805193,STUDENT
21130289,123456,Hồ Quang Toàn,sv21130289@student.edu.vn,0999418947,STUDENT
21130290,123456,Nguyễn Hữu Bảo,sv21130290@student.edu.vn,0910767280,STUDENT
21130291,123456,Lý Hoàng Tùng,sv21130291@student.edu.vn,0914813749,STUDENT
21130292,123456,Vũ Nhật Hương,sv21130292@student.edu.vn,0959509954,STUDENT
21130293,123456,Đoàn Tuấn Lan,sv21130293@student.edu.vn,0948416236,STUDENT
21130294,123456,Đoàn Thị Vân,sv21130294@student.edu.vn,0936218017,STUDENT
21130295,123456,Hồ Duy Phúc,sv21130295@student.edu.vn,0960928212,STUDENT
21130296,123456,Vũ Bảo Trung,sv21130296@student.edu.vn,0926851982,STUDENT
21130297,123456,Đặng Đức Duy,sv21130297@student.edu.vn,0977784297,STUDENT
21130298,123456,Phạm Hồng Em,sv21130298@student.edu.vn,0979604661,STUDENT
21130299,123456,Phạm Anh Quân,sv21130299@student.edu.vn,0954864447,STUDENT
21130300,123456,Tạ Thiện Bình,sv21130300@student.edu.vn,0925592911,STUDENT
21130301,123456,Lê Minh Rạng,sv21130301@student.edu.vn,0988429126,STUDENT
21130302,123456,Vũ Thiện Sơn,sv21130302@student.edu.vn,0926536785,STUDENT
21130303,123456,Phan Quang Tùng,sv21130303@student.edu.vn,0992428788,STUDENT
21130304,123456,Đỗ Gia Trí,sv21130304@student.edu.vn,0968156867,STUDENT
21130305,123456,Nguyễn Minh Tâm,sv21130305@student.edu.vn,0963064701,STUDENT
21130306,123456,Hà Hữu Minh,sv21130306@student.edu.vn,0995022481,STUDENT
21130307,123456,Đỗ Văn Kiệt,sv21130307@student.edu.vn,0951662160,STUDENT
21130308,123456,Huỳnh Quốc Em,sv21130308@student.edu.vn,0992290477,STUDENT
21130309,123456,Vũ Minh Bảo,sv21130309@student.edu.vn,0975204900,STUDENT
21130310,123456,Phạm Thị Bình,sv21130310@student.edu.vn,0920568531,STUDENT
21130311,123456,Phạm Gia Xuân,sv21130311@student.edu.vn,0968906136,STUDENT
21130312,123456,Ngô Thiện Phát,sv21130312@student.edu.vn,0959051009,STUDENT
21130313,123456,Ngô Anh Bảo,sv21130313@student.edu.vn,0953359569,STUDENT
21130314,123456,Lý Hoàng Trí,sv21130314@student.edu.vn,0923726013,STUDENT
21130315,123456,Trịnh Đức Tài,sv21130315@student.edu.vn,0999629160,STUDENT
21130316,123456,Mai Gia Hiếu,sv21130316@student.edu.vn,0956602190,STUDENT
21130317,123456,Dương Phương Hùng,sv21130317@student.edu.vn,0996601633,STUDENT
21130318,123456,Tạ Nhật Tâm,sv21130318@student.edu.vn,0989574689,STUDENT
21130319,123456,Đinh Nhật Toàn,sv21130319@student.edu.vn,0929136758,STUDENT
21130320,123456,Phan Hữu Em,sv21130320@student.edu.vn,0976766892,STUDENT
21130321,123456,Võ Nhật Trí,sv21130321@student.edu.vn,0953403525,STUDENT
21130322,123456,Trần Quốc Inh,sv21130322@student.edu.vn,0941905011,STUDENT
21130323,123456,Đoàn Hồng Tùng,sv21130323@student.edu.vn,0913663132,STUDENT
21130324,123456,Ngô Nhật Lộc,sv21130324@student.edu.vn,0975674853,STUDENT
21130325,123456,Hồ Thiện Quân,sv21130325@student.edu.vn,0982533989,STUDENT
21130326,123456,Trịnh Hoàng Kiệt,sv21130326@student.edu.vn,0988640073,STUDENT
21130327,123456,Cao Gia Thảo,sv21130327@student.edu.vn,0990690056,STUDENT
21130328,123456,Hồ Anh Nam,sv21130328@student.edu.vn,0985016339,STUDENT
21130329,123456,Huỳnh Thu Bình,sv21130329@student.edu.vn,0959356429,STUDENT
21130330,123456,Nguyễn Nhật Thành,sv21130330@student.edu.vn,0924325392,STUDENT
21130331,123456,Phạm Nhật Toàn,sv21130331@student.edu.vn,0955911610,STUDENT
21130332,123456,Võ Quang Yến,sv21130332@student.edu.vn,0954957761,STUDENT
21130333,123456,Vũ Bảo Thành,sv21130333@student.edu.vn,0936637946,STUDENT
21130334,123456,Lê Hữu Trung,sv21130334@student.edu.vn,0959395815,STUDENT
21130335,123456,Hà Quốc Khánh,sv21130335@student.edu.vn,0910740842,STUDENT
21130336,123456,Đinh Minh Vinh,sv21130336@student.edu.vn,0911851687,STUDENT
21130337,123456,Dương Kim Phát,sv21130337@student.edu.vn,0966337073,STUDENT
21130338,123456,Mai Duy Kiệt,sv21130338@student.edu.vn,0941100057,STUDENT
21130339,123456,Vũ Văn Trung,sv21130339@student.edu.vn,0959216131,STUDENT
21130340,123456,Dương Hữu Long,sv21130340@student.edu.vn,0978019748,STUDENT
21130341,123456,Huỳnh Minh Thắng,sv21130341@student.edu.vn,0962209518,STUDENT
21130342,123456,Lê Thiện Trung,sv21130342@student.edu.vn,0929168709,STUDENT
21130343,123456,Hồ Minh Inh,sv21130343@student.edu.vn,0938943927,STUDENT
21130344,123456,Hồ Đức Vinh,sv21130344@student.edu.vn,0955781879,STUDENT
21130345,123456,Trần Đức Bảo,sv21130345@student.edu.vn,0955391984,STUDENT
21130346,123456,Nguyễn Thị Hà,sv21130346@student.edu.vn,0991995200,STUDENT
21130347,123456,Lâm Ngọc Thành,sv21130347@student.edu.vn,0976919666,STUDENT
21130348,123456,Hà Thiện Nga,sv21130348@student.edu.vn,0919652020,STUDENT
21130349,123456,Lâm Hải Nam,sv21130349@student.edu.vn,0945846043,STUDENT
21130350,123456,Vũ Kim Lộc,sv21130350@student.edu.vn,0933132732,STUDENT
21130351,123456,Mai Hoàng Nam,sv21130351@student.edu.vn,0968781656,STUDENT
21130352,123456,Đinh Nhật Hà,sv21130352@student.edu.vn,0973586683,STUDENT
21130353,123456,Đinh Quang Thảo,sv21130353@student.edu.vn,0933829990,STUDENT
21130354,123456,Bùi Phương Lộc,sv21130354@student.edu.vn,0981669251,STUDENT
21130355,123456,Cao Hải Yến,sv21130355@student.edu.vn,0911282252,STUDENT
21130356,123456,Bùi Thị Inh,sv21130356@student.edu.vn,0959206913,STUDENT
21130357,123456,Mai Văn Huy,sv21130357@student.edu.vn,0997944908,STUDENT
21130358,123456,Tạ Đức Duy,sv21130358@student.edu.vn,0980447513,STUDENT
21130359,123456,Vũ Xuân Lộc,sv21130359@student.edu.vn,0983854956,STUDENT
21130360,123456,Lê Hoàng Rạng,sv21130360@student.edu.vn,0967746589,STUDENT
21130361,123456,Lê Hải Em,sv21130361@student.edu.vn,0924814621,STUDENT
21130362,123456,Mai Phương Uyên,sv21130362@student.edu.vn,0922145632,STUDENT
21130363,123456,Hồ Hồng Vân,sv21130363@student.edu.vn,0926640003,STUDENT
21130364,123456,Đỗ Thanh Oanh,sv21130364@student.edu.vn,0914875466,STUDENT
21130365,123456,Bùi Hải Hà,sv21130365@student.edu.vn,0979413874,STUDENT
21130366,123456,Hồ Anh Nga,sv21130366@student.edu.vn,0985249419,STUDENT
21130367,123456,Lê Trung Uyên,sv21130367@student.edu.vn,0966860451,STUDENT
21130368,123456,Hồ Quang Xuân,sv21130368@student.edu.vn,0947867234,STUDENT
21130369,123456,Võ Tuấn Trang,sv21130369@student.edu.vn,0966420062,STUDENT
21130370,123456,Cao Tuấn Bình,sv21130370@student.edu.vn,0952128926,STUDENT
21130371,123456,Bùi Bảo Phát,sv21130371@student.edu.vn,0949820384,STUDENT
21130372,123456,Tạ Minh Linh,sv21130372@student.edu.vn,0981942907,STUDENT
21130373,123456,Đoàn Thu An,sv21130373@student.edu.vn,0991417688,STUDENT
21130374,123456,Huỳnh Hải Nhật,sv21130374@student.edu.vn,0926225857,STUDENT
21130375,123456,Huỳnh Hồng Em,sv21130375@student.edu.vn,0945837676,STUDENT
21130376,123456,Đoàn Kim Tùng,sv21130376@student.edu.vn,0975183281,STUDENT
21130377,123456,Trịnh Gia Hiếu,sv21130377@student.edu.vn,0981791902,STUDENT
21130378,123456,Đặng Đức Trí,sv21130378@student.edu.vn,0928200930,STUDENT
21130379,123456,Hồ Hữu Toàn,sv21130379@student.edu.vn,0972730938,STUDENT
21130380,123456,Vũ Xuân Tài,sv21130380@student.edu.vn,0916429764,STUDENT
21130381,123456,Trịnh Tuấn Cường,sv21130381@student.edu.vn,0974035626,STUDENT
21130382,123456,Bùi Anh Phát,sv21130382@student.edu.vn,0914560239,STUDENT
21130383,123456,Đặng Thị Đạt,sv21130383@student.edu.vn,0924966004,STUDENT
21130384,123456,Mai Thu Quân,sv21130384@student.edu.vn,0928210878,STUDENT
21130385,123456,Phạm Thị Tài,sv21130385@student.edu.vn,0994835262,STUDENT
21130386,123456,Dương Kim Bảo,sv21130386@student.edu.vn,0968330276,STUDENT
21130387,123456,Nguyễn Quốc Hùng,sv21130387@student.edu.vn,0945326328,STUDENT
21130388,123456,Trần Kim Hương,sv21130388@student.edu.vn,0960219456,STUDENT
21130389,123456,Đinh Hoàng Bảo,sv21130389@student.edu.vn,0929030430,STUDENT
21130390,123456,Hoàng Quang An,sv21130390@student.edu.vn,0964313688,STUDENT
21130391,123456,Bùi Hoàng Tùng,sv21130391@student.edu.vn,0970193594,STUDENT
21130392,123456,Trần Văn Khoa,sv21130392@student.edu.vn,0952861933,STUDENT
21130393,123456,Hoàng Quốc Tùng,sv21130393@student.edu.vn,0952476541,STUDENT
21130394,123456,Phan Hữu Nhật,sv21130394@student.edu.vn,0993042074,STUDENT
21130395,123456,Trần Trung Trung,sv21130395@student.edu.vn,0911364423,STUDENT
21130396,123456,Nguyễn Tuấn Vinh,sv21130396@student.edu.vn,0975452935,STUDENT
21130397,123456,Trịnh Hữu Kiệt,sv21130397@student.edu.vn,0966585316,STUDENT
21130398,123456,Vũ Quang Em,sv21130398@student.edu.vn,0917716909,STUDENT
21130399,123456,Trịnh Duy Oanh,sv21130399@student.edu.vn,0960697607,STUDENT
21130400,123456,Hoàng Thị Huy,sv21130400@student.edu.vn,0917012553,STUDENT
21130401,123456,Cao Anh Giang,sv21130401@student.edu.vn,0980858870,STUDENT
21130402,123456,Lâm Văn Trinh,sv21130402@student.edu.vn,0924547956,STUDENT
21130403,123456,Lê Thanh Trang,sv21130403@student.edu.vn,0988380189,STUDENT
21130404,123456,Lâm Hải Hiếu,sv21130404@student.edu.vn,0918858624,STUDENT
21130405,123456,Trịnh Văn Bảo,sv21130405@student.edu.vn,0927721145,STUDENT
21130406,123456,Huỳnh Văn Em,sv21130406@student.edu.vn,0939297190,STUDENT
21130407,123456,Đỗ Quốc Trung,sv21130407@student.edu.vn,0937420926,STUDENT
21130408,123456,Đinh Tuấn Giang,sv21130408@student.edu.vn,0976542572,STUDENT
21130409,123456,Tạ Đức Oanh,sv21130409@student.edu.vn,0934062287,STUDENT
21130410,123456,Lý Xuân Vân,sv21130410@student.edu.vn,0993086428,STUDENT
21130411,123456,Đặng Quốc Trung,sv21130411@student.edu.vn,0998453861,STUDENT
21130412,123456,Huỳnh Nhật Sơn,sv21130412@student.edu.vn,0982022425,STUDENT
21130413,123456,Bùi Thu Trinh,sv21130413@student.edu.vn,0913019966,STUDENT
21130414,123456,Đoàn Trung Nam,sv21130414@student.edu.vn,0993716207,STUDENT
21130415,123456,Hoàng Thị Duy,sv21130415@student.edu.vn,0966514126,STUDENT
21130416,123456,Trần Duy Uyên,sv21130416@student.edu.vn,0978969191,STUDENT
21130417,123456,Bùi Quang Lan,sv21130417@student.edu.vn,0967009426,STUDENT
21130418,123456,Đinh Thiện Minh,sv21130418@student.edu.vn,0949140853,STUDENT
21130419,123456,Nguyễn Đức Hùng,sv21130419@student.edu.vn,0992556214,STUDENT
21130420,123456,Tạ Quang Khoa,sv21130420@student.edu.vn,0938572941,STUDENT
21130421,123456,Đinh Hải Đạt,sv21130421@student.edu.vn,0958668486,STUDENT
21130422,123456,Bùi Văn Xuân,sv21130422@student.edu.vn,0985085374,STUDENT
21130423,123456,Phạm Bảo Em,sv21130423@student.edu.vn,0979968130,STUDENT
21130424,123456,Bùi Thị Long,sv21130424@student.edu.vn,0951257687,STUDENT
21130425,123456,Huỳnh Hồng Bảo,sv21130425@student.edu.vn,0993980172,STUDENT
21130426,123456,Võ Quốc Thắng,sv21130426@student.edu.vn,0959295964,STUDENT
21130427,123456,Lê Thanh Thảo,sv21130427@student.edu.vn,0983348025,STUDENT
21130428,123456,Tạ Kim Uyên,sv21130428@student.edu.vn,0973492973,STUDENT
21130429,123456,Bùi Thanh Khánh,sv21130429@student.edu.vn,0935216665,STUDENT
21130430,123456,Lâm Hải Khoa,sv21130430@student.edu.vn,0967162747,STUDENT
21130431,123456,Nguyễn Hữu Inh,sv21130431@student.edu.vn,0948789839,STUDENT
21130432,123456,Lý Anh Phong,sv21130432@student.edu.vn,0919550771,STUDENT
21130433,123456,Ngô Hồng Khoa,sv21130433@student.edu.vn,0976628880,STUDENT
21130434,123456,Đoàn Phương Hiếu,sv21130434@student.edu.vn,0962648500,STUDENT
21130435,123456,Vũ Anh Phát,sv21130435@student.edu.vn,0969194258,STUDENT
21130436,123456,Phạm Tuấn Trinh,sv21130436@student.edu.vn,0965895399,STUDENT
21130437,123456,Phạm Minh Thành,sv21130437@student.edu.vn,0949934572,STUDENT
21130438,123456,Hồ Hữu Duy,sv21130438@student.edu.vn,0926310221,STUDENT
21130439,123456,Nguyễn Ngọc Bảo,sv21130439@student.edu.vn,0980590033,STUDENT
21130440,123456,Lâm Trung Sơn,sv21130440@student.edu.vn,0928820130,STUDENT
21130441,123456,Nguyễn Quang Trí,sv21130441@student.edu.vn,0931462859,STUDENT
21130442,123456,Đặng Ngọc Long,sv21130442@student.edu.vn,0986998989,STUDENT
21130443,123456,Dương Anh Huy,sv21130443@student.edu.vn,0968469700,STUDENT
21130444,123456,Phạm Ngọc Linh,sv21130444@student.edu.vn,0962318649,STUDENT
21130445,123456,Ngô Kim Sơn,sv21130445@student.edu.vn,0922253788,STUDENT
21130446,123456,Tạ Anh Hùng,sv21130446@student.edu.vn,0922475900,STUDENT
21130447,123456,Lê Hoàng Quân,sv21130447@student.edu.vn,0913321184,STUDENT
21130448,123456,Trịnh Phương Hà,sv21130448@student.edu.vn,0915817174,STUDENT
21130449,123456,Hoàng Quang Hà,sv21130449@student.edu.vn,0990870313,STUDENT
21130450,123456,Lý Minh Huy,sv21130450@student.edu.vn,0922960165,STUDENT
21130451,123456,Tạ Xuân Hiếu,sv21130451@student.edu.vn,0978283579,STUDENT
21130452,123456,Cao Tuấn Em,sv21130452@student.edu.vn,0942368527,STUDENT
21130453,123456,Hà Thị Long,sv21130453@student.edu.vn,0910605446,STUDENT
21130454,123456,Phan Thanh Phong,sv21130454@student.edu.vn,0948284411,STUDENT
21130455,123456,Lâm Hồng Phúc,sv21130455@student.edu.vn,0922967137,STUDENT
21130456,123456,Đỗ Gia Long,sv21130456@student.edu.vn,0976753196,STUDENT
21130457,123456,Hoàng Tuấn Kiệt,sv21130457@student.edu.vn,0912543063,STUDENT
21130458,123456,Đặng Ngọc Quân,sv21130458@student.edu.vn,0997187922,STUDENT
21130459,123456,Đinh Gia Hương,sv21130459@student.edu.vn,0944645748,STUDENT
21130460,123456,Tạ Đức Phong,sv21130460@student.edu.vn,0992513655,STUDENT
21130461,123456,Trần Kim Linh,sv21130461@student.edu.vn,0990158788,STUDENT
21130462,123456,Đoàn Hoàng Thắng,sv21130462@student.edu.vn,0959279216,STUDENT
21130463,123456,Phạm Duy Trung,sv21130463@student.edu.vn,0959706432,STUDENT
21130464,123456,Hồ Tuấn Linh,sv21130464@student.edu.vn,0990060648,STUDENT
21130465,123456,Vũ Thanh Phúc,sv21130465@student.edu.vn,0998125471,STUDENT
21130466,123456,Hoàng Hải Tùng,sv21130466@student.edu.vn,0979058312,STUDENT
21130467,123456,Lâm Tuấn Thành,sv21130467@student.edu.vn,0928936410,STUDENT
21130468,123456,Huỳnh Thiện Xuân,sv21130468@student.edu.vn,0948591426,STUDENT
21130469,123456,Hà Hồng Uyên,sv21130469@student.edu.vn,0972300799,STUDENT
21130470,123456,Hồ Đức Duy,sv21130470@student.edu.vn,0951910940,STUDENT
21130471,123456,Mai Ngọc Toàn,sv21130471@student.edu.vn,0986322826,STUDENT
21130472,123456,Vũ Hải Tâm,sv21130472@student.edu.vn,0950202459,STUDENT
21130473,123456,Đoàn Gia Bảo,sv21130473@student.edu.vn,0916080306,STUDENT
21130474,123456,Phạm Hồng Huy,sv21130474@student.edu.vn,0954956911,STUDENT
21130475,123456,Vũ Đức Lan,sv21130475@student.edu.vn,0994606256,STUDENT
21130476,123456,Cao Thiện Bình,sv21130476@student.edu.vn,0980393790,STUDENT
21130477,123456,Cao Bảo Minh,sv21130477@student.edu.vn,0984305247,STUDENT
21130478,123456,Hoàng Hoàng Hiếu,sv21130478@student.edu.vn,0984507355,STUDENT
21130479,123456,Phạm Minh Toàn,sv21130479@student.edu.vn,0928804955,STUDENT
21130480,123456,Đoàn Phương Tài,sv21130480@student.edu.vn,0938920126,STUDENT
21130481,123456,Phạm Quốc Yến,sv21130481@student.edu.vn,0974584487,STUDENT
21130482,123456,Nguyễn Văn Vân,sv21130482@student.edu.vn,0983355239,STUDENT
21130483,123456,Nguyễn Quốc Thảo,sv21130483@student.edu.vn,0917252554,STUDENT
21130484,123456,Nguyễn Gia Tùng,sv21130484@student.edu.vn,0925327670,STUDENT
21130485,123456,Huỳnh Quốc Đạt,sv21130485@student.edu.vn,0971773247,STUDENT
21130486,123456,Vũ Trung Minh,sv21130486@student.edu.vn,0983283178,STUDENT
21130487,123456,Trịnh Ngọc Em,sv21130487@student.edu.vn,0920491744,STUDENT
21130488,123456,Lâm Ngọc Long,sv21130488@student.edu.vn,0938054389,STUDENT
21130489,123456,Lê Hải Bảo,sv21130489@student.edu.vn,0927241137,STUDENT
21130490,123456,Lâm Thanh Bình,sv21130490@student.edu.vn,0952436423,STUDENT
21130491,123456,Huỳnh Hữu Duy,sv21130491@student.edu.vn,0951017738,STUDENT
21130492,123456,Bùi Phương Tùng,sv21130492@student.edu.vn,0958152903,STUDENT
21130493,123456,Võ Phương Trung,sv21130493@student.edu.vn,0984236653,STUDENT
21130494,123456,Ngô Trung Hùng,sv21130494@student.edu.vn,0935267119,STUDENT
21130495,123456,Trịnh Bảo Phúc,sv21130495@student.edu.vn,0930172529,STUDENT
21130496,123456,Phan Gia Hương,sv21130496@student.edu.vn,0972079285,STUDENT
21130497,123456,Bùi Duy Vinh,sv21130497@student.edu.vn,0912443758,STUDENT
21130498,123456,Đinh Bảo Xuân,sv21130498@student.edu.vn,0983507098,STUDENT
21130499,123456,Lê Tuấn Vinh,sv21130499@student.edu.vn,0973541426,STUDENT
21130500,123456,Đinh Hoàng Thành,sv21130500@student.edu.vn,0995045267,STUDENT
21130501,123456,Lý Phương Hùng,sv21130501@student.edu.vn,0996877334,STUDENT
21130502,123456,Mai Bảo Khoa,sv21130502@student.edu.vn,0953945922,STUDENT
21130503,123456,Hà Phương Uyên,sv21130503@student.edu.vn,0996691030,STUDENT
21130504,123456,Hà Duy Kiệt,sv21130504@student.edu.vn,0920954582,STUDENT
21130505,123456,Hoàng Thu Trung,sv21130505@student.edu.vn,0925478289,STUDENT
21130506,123456,Tạ Hải Lan,sv21130506@student.edu.vn,0935852788,STUDENT
21130507,123456,Đinh Thiện Tài,sv21130507@student.edu.vn,0981926152,STUDENT
21130508,123456,Hà Quốc Inh,sv21130508@student.edu.vn,0958757571,STUDENT
21130509,123456,Mai Trung Lộc,sv21130509@student.edu.vn,0970289264,STUDENT
21130510,123456,Dương Anh Trí,sv21130510@student.edu.vn,0982297114,STUDENT
21130511,123456,Huỳnh Minh Hiếu,sv21130511@student.edu.vn,0963561298,STUDENT
21130512,123456,Đoàn Thị Vân,sv21130512@student.edu.vn,0990508968,STUDENT
21130513,123456,Võ Hoàng Thành,sv21130513@student.edu.vn,0927235162,STUDENT
21130514,123456,Tạ Quang Em,sv21130514@student.edu.vn,0963509929,STUDENT
21130515,123456,Đỗ Quốc Lộc,sv21130515@student.edu.vn,0975673769,STUDENT
21130516,123456,Hà Gia Em,sv21130516@student.edu.vn,0972885865,STUDENT
21130517,123456,Ngô Phương Trinh,sv21130517@student.edu.vn,0932052122,STUDENT
21130518,123456,Lê Duy Vân,sv21130518@student.edu.vn,0969083011,STUDENT
21130519,123456,Tạ Bảo Thành,sv21130519@student.edu.vn,0933326574,STUDENT
21130520,123456,Nguyễn Thị Nam,sv21130520@student.edu.vn,0946328304,STUDENT
21130521,123456,Mai Thị Cường,sv21130521@student.edu.vn,0952914018,STUDENT
21130522,123456,Đoàn Văn Hương,sv21130522@student.edu.vn,0941419188,STUDENT
21130523,123456,Hà Thị Uyên,sv21130523@student.edu.vn,0972089923,STUDENT
21130524,123456,Trần Văn Yến,sv21130524@student.edu.vn,0968729092,STUDENT
21130525,123456,Hồ Anh Lộc,sv21130525@student.edu.vn,0923597452,STUDENT
21130526,123456,Ngô Bảo Inh,sv21130526@student.edu.vn,0937331812,STUDENT
21130527,123456,Lê Trung Hiếu,sv21130527@student.edu.vn,0910625184,STUDENT
21130528,123456,Mai Ngọc Trung,sv21130528@student.edu.vn,0943178627,STUDENT
21130529,123456,Hoàng Duy Trí,sv21130529@student.edu.vn,0951464096,STUDENT
21130530,123456,Đỗ Trung Nga,sv21130530@student.edu.vn,0946850850,STUDENT
21130531,123456,Đặng Quang Huy,sv21130531@student.edu.vn,0966504409,STUDENT
21130532,123456,Đinh Thiện Hà,sv21130532@student.edu.vn,0946676613,STUDENT
21130533,123456,Trịnh Đức Trinh,sv21130533@student.edu.vn,0989415952,STUDENT
21130534,123456,Phan Phương Minh,sv21130534@student.edu.vn,0910872603,STUDENT
21130535,123456,Hoàng Gia Linh,sv21130535@student.edu.vn,0992315611,STUDENT
21130536,123456,Đỗ Ngọc Bình,sv21130536@student.edu.vn,0941195461,STUDENT
21130537,123456,Nguyễn Quốc Oanh,sv21130537@student.edu.vn,0992168154,STUDENT
21130538,123456,Đặng Trung Oanh,sv21130538@student.edu.vn,0915729666,STUDENT
21130539,123456,Đặng Ngọc Trí,sv21130539@student.edu.vn,0964493367,STUDENT
21130540,123456,Nguyễn Thu Hùng,sv21130540@student.edu.vn,0916416583,STUDENT
21130541,123456,Lê Bảo Trí,sv21130541@student.edu.vn,0929099271,STUDENT
21130542,123456,Huỳnh Bảo Huy,sv21130542@student.edu.vn,0980437357,STUDENT
21130543,123456,Mai Đức Hương,sv21130543@student.edu.vn,0992664534,STUDENT
21130544,123456,Phạm Hải Hùng,sv21130544@student.edu.vn,0963283579,STUDENT
21130545,123456,Cao Thu Nam,sv21130545@student.edu.vn,0913244988,STUDENT
21130546,123456,Ngô Trung Oanh,sv21130546@student.edu.vn,0948168618,STUDENT
21130547,123456,Dương Đức Yến,sv21130547@student.edu.vn,0947376367,STUDENT
21130548,123456,Huỳnh Trung Hùng,sv21130548@student.edu.vn,0917081914,STUDENT
21130549,123456,Đỗ Hải Thắng,sv21130549@student.edu.vn,0953145338,STUDENT
21130550,123456,Vũ Xuân Tùng,sv21130550@student.edu.vn,0915345691,STUDENT
21130551,123456,Ngô Văn Nam,sv21130551@student.edu.vn,0995729505,STUDENT
21130552,123456,Hồ Xuân Vân,sv21130552@student.edu.vn,0991915282,STUDENT
21130553,123456,Trần Đức Uyên,sv21130553@student.edu.vn,0951068103,STUDENT
21130554,123456,Ngô Gia Vinh,sv21130554@student.edu.vn,0912917730,STUDENT
21130555,123456,Đặng Hải Thảo,sv21130555@student.edu.vn,0960709772,STUDENT
21130556,123456,Đỗ Hải Sơn,sv21130556@student.edu.vn,0957691072,STUDENT
21130557,123456,Hồ Bảo Cường,sv21130557@student.edu.vn,0913935899,STUDENT
21130558,123456,Lý Xuân Bảo,sv21130558@student.edu.vn,0961313663,STUDENT
21130559,123456,Lâm Phương Nhật,sv21130559@student.edu.vn,0998461528,STUDENT
21130560,123456,Huỳnh Thanh Trinh,sv21130560@student.edu.vn,0925650887,STUDENT
21130561,123456,Trịnh Quang Sơn,sv21130561@student.edu.vn,0942150133,STUDENT
21130562,123456,Cao Tuấn Hương,sv21130562@student.edu.vn,0945394833,STUDENT
21130563,123456,Tạ Thiện Phúc,sv21130563@student.edu.vn,0996270440,STUDENT
21130564,123456,Đinh Bảo Nam,sv21130564@student.edu.vn,0966432105,STUDENT
21130565,123456,Lê Gia Em,sv21130565@student.edu.vn,0925126564,STUDENT
21130566,123456,Lâm Trung Inh,sv21130566@student.edu.vn,0980973241,STUDENT
21130567,123456,Phạm Quang Inh,sv21130567@student.edu.vn,0927473193,STUDENT
21130568,123456,Đinh Gia Trí,sv21130568@student.edu.vn,0923066631,STUDENT
21130569,123456,Phạm Hải Sơn,sv21130569@student.edu.vn,0964932457,STUDENT
21130570,123456,Lý Văn Bảo,sv21130570@student.edu.vn,0938389838,STUDENT
21130571,123456,Đặng Duy Nhật,sv21130571@student.edu.vn,0975146064,STUDENT
21130572,123456,Dương Nhật Minh,sv21130572@student.edu.vn,0920394304,STUDENT
21130573,123456,Đinh Xuân Uyên,sv21130573@student.edu.vn,0911666185,STUDENT
21130574,123456,Hoàng Trung Oanh,sv21130574@student.edu.vn,0934700113,STUDENT
21130575,123456,Phan Phương Xuân,sv21130575@student.edu.vn,0972574101,STUDENT
21130576,123456,Đinh Quang Inh,sv21130576@student.edu.vn,0938938638,STUDENT
21130577,123456,Đoàn Đức Hà,sv21130577@student.edu.vn,0963131308,STUDENT
21130578,123456,Huỳnh Tuấn Tùng,sv21130578@student.edu.vn,0981537734,STUDENT
21130579,123456,Nguyễn Hoàng Oanh,sv21130579@student.edu.vn,0966626235,STUDENT
21130580,123456,Bùi Tuấn Vinh,sv21130580@student.edu.vn,0994415230,STUDENT
21130581,123456,Hoàng Bảo Thảo,sv21130581@student.edu.vn,0978146079,STUDENT
21130582,123456,Nguyễn Xuân Sơn,sv21130582@student.edu.vn,0996388468,STUDENT
21130583,123456,Đoàn Bảo Nga,sv21130583@student.edu.vn,0988025426,STUDENT
21130584,123456,Mai Xuân Trung,sv21130584@student.edu.vn,0964061206,STUDENT
21130585,123456,Hoàng Bảo Huy,sv21130585@student.edu.vn,0999280758,STUDENT
21130586,123456,Trần Hữu Tâm,sv21130586@student.edu.vn,0934645161,STUDENT
21130587,123456,Hà Gia Inh,sv21130587@student.edu.vn,0982776914,STUDENT
21130588,123456,Phan Gia Oanh,sv21130588@student.edu.vn,0968894881,STUDENT
21130589,123456,Bùi Nhật Nga,sv21130589@student.edu.vn,0956976176,STUDENT
21130590,123456,Lê Kim Lan,sv21130590@student.edu.vn,0993128352,STUDENT
21130591,123456,Ngô Thị Bảo,sv21130591@student.edu.vn,0976273341,STUDENT
21130592,123456,Vũ Đức Thành,sv21130592@student.edu.vn,0910608141,STUDENT
21130593,123456,Lý Phương Giang,sv21130593@student.edu.vn,0941862810,STUDENT
21130594,123456,Dương Bảo Hương,sv21130594@student.edu.vn,0954331823,STUDENT
21130595,123456,Dương Tuấn Hà,sv21130595@student.edu.vn,0994698440,STUDENT
21130596,123456,Hồ Trung Trung,sv21130596@student.edu.vn,0931334782,STUDENT
21130597,123456,Trần Thiện Trí,sv21130597@student.edu.vn,0974631333,STUDENT
21130598,123456,Tạ Hoàng Yến,sv21130598@student.edu.vn,0979869692,STUDENT
21130599,123456,Hà Tuấn Tâm,sv21130599@student.edu.vn,0994711549,STUDENT
21130600,123456,Phạm Quốc Linh,sv21130600@student.edu.vn,0989404158,STUDENT
21130601,123456,Đinh Kim Hiếu,sv21130601@student.edu.vn,0936848339,STUDENT
21130602,123456,Hồ Quốc Oanh,sv21130602@student.edu.vn,0932493953,STUDENT
21130603,123456,Nguyễn Hoàng Khoa,sv21130603@student.edu.vn,0920577353,STUDENT
21130604,123456,Đỗ Xuân Vinh,sv21130604@student.edu.vn,0935707140,STUDENT
21130605,123456,Hồ Thanh Giang,sv21130605@student.edu.vn,0929390593,STUDENT
21130606,123456,Lâm Trung Inh,sv21130606@student.edu.vn,0975596395,STUDENT
21130607,123456,Nguyễn Hải Quân,sv21130607@student.edu.vn,0975245775,STUDENT
21130608,123456,Vũ Hồng Lan,sv21130608@student.edu.vn,0948750902,STUDENT
21130609,123456,Hoàng Xuân Trang,sv21130609@student.edu.vn,0997528001,STUDENT
21130610,123456,Võ Văn Cường,sv21130610@student.edu.vn,0951540726,STUDENT
21130611,123456,Đỗ Phương Sơn,sv21130611@student.edu.vn,0947774328,STUDENT
21130612,123456,Dương Kim Yến,sv21130612@student.edu.vn,0944240214,STUDENT
21130613,123456,Phan Thị Nga,sv21130613@student.edu.vn,0971354127,STUDENT
21130614,123456,Đinh Xuân Nhật,sv21130614@student.edu.vn,0910662030,STUDENT
21130615,123456,Hoàng Hồng Nam,sv21130615@student.edu.vn,0959904739,STUDENT
21130616,123456,Huỳnh Đức Long,sv21130616@student.edu.vn,0971721349,STUDENT
21130617,123456,Hà Duy Nga,sv21130617@student.edu.vn,0972558388,STUDENT
21130618,123456,Nguyễn Trung Kiệt,sv21130618@student.edu.vn,0926028812,STUDENT
21130619,123456,Lê Thị Khoa,sv21130619@student.edu.vn,0929168427,STUDENT
21130620,123456,Lâm Anh Trung,sv21130620@student.edu.vn,0932099944,STUDENT
21130621,123456,Đinh Gia Thắng,sv21130621@student.edu.vn,0920016339,STUDENT
21130622,123456,Cao Anh Thắng,sv21130622@student.edu.vn,0959245115,STUDENT
21130623,123456,Võ Gia Khánh,sv21130623@student.edu.vn,0969378842,STUDENT
21130624,123456,Dương Duy Thành,sv21130624@student.edu.vn,0911537476,STUDENT
21130625,123456,Tạ Đức Quân,sv21130625@student.edu.vn,0929570253,STUDENT
21130626,123456,Ngô Đức Linh,sv21130626@student.edu.vn,0979868873,STUDENT
21130627,123456,Phan Trung Oanh,sv21130627@student.edu.vn,0996658909,STUDENT
21130628,123456,Phan Thị Khoa,sv21130628@student.edu.vn,0920440994,STUDENT
21130629,123456,Vũ Quang Phát,sv21130629@student.edu.vn,0925895547,STUDENT
21130630,123456,Trịnh Thiện Yến,sv21130630@student.edu.vn,0965820765,STUDENT
21130631,123456,Võ Thiện Quân,sv21130631@student.edu.vn,0965750822,STUDENT
21130632,123456,Hà Thị Vân,sv21130632@student.edu.vn,0972706228,STUDENT
21130633,123456,Huỳnh Quang Trí,sv21130633@student.edu.vn,0937437890,STUDENT
21130634,123456,Đỗ Bảo Bình,sv21130634@student.edu.vn,0953670847,STUDENT
21130635,123456,Phạm Đức Minh,sv21130635@student.edu.vn,0992769725,STUDENT
21130636,123456,Hoàng Trung Linh,sv21130636@student.edu.vn,0982289848,STUDENT
21130637,123456,Hoàng Thị Hiếu,sv21130637@student.edu.vn,0985384745,STUDENT
21130638,123456,Lý Hải Huy,sv21130638@student.edu.vn,0955397551,STUDENT
21130639,123456,Vũ Đức Tùng,sv21130639@student.edu.vn,0915928063,STUDENT
21130640,123456,Hoàng Quang Trinh,sv21130640@student.edu.vn,0955211293,STUDENT
21130641,123456,Phạm Văn Thảo,sv21130641@student.edu.vn,0980283925,STUDENT
21130642,123456,Đỗ Đức Khánh,sv21130642@student.edu.vn,0948244960,STUDENT
21130643,123456,Lâm Quang Trinh,sv21130643@student.edu.vn,0956735788,STUDENT
21130644,123456,Vũ Hữu Hà,sv21130644@student.edu.vn,0969861489,STUDENT
21130645,123456,Trần Xuân Long,sv21130645@student.edu.vn,0919470184,STUDENT
21130646,123456,Lê Trung Linh,sv21130646@student.edu.vn,0934692446,STUDENT
21130647,123456,Trần Phương Tùng,sv21130647@student.edu.vn,0939808924,STUDENT
21130648,123456,Lê Nhật Cường,sv21130648@student.edu.vn,0979269978,STUDENT
21130649,123456,Huỳnh Bảo Lan,sv21130649@student.edu.vn,0987112764,STUDENT
21130650,123456,Vũ Quốc Inh,sv21130650@student.edu.vn,0995110827,STUDENT
21130651,123456,Nguyễn Hồng Khánh,sv21130651@student.edu.vn,0964509573,STUDENT
21130652,123456,Dương Minh Phát,sv21130652@student.edu.vn,0983076514,STUDENT
21130653,123456,Cao Hữu Thảo,sv21130653@student.edu.vn,0936370638,STUDENT
21130654,123456,Nguyễn Kim Bảo,sv21130654@student.edu.vn,0946985454,STUDENT
21130655,123456,Lý Hoàng Oanh,sv21130655@student.edu.vn,0935550449,STUDENT
21130656,123456,Bùi Hoàng Trí,sv21130656@student.edu.vn,0953156198,STUDENT
21130657,123456,Hoàng Quang Em,sv21130657@student.edu.vn,0958725308,STUDENT
21130658,123456,Trần Duy Thảo,sv21130658@student.edu.vn,0990270241,STUDENT
21130659,123456,Hà Anh Linh,sv21130659@student.edu.vn,0950377243,STUDENT
21130660,123456,Hoàng Thu Tùng,sv21130660@student.edu.vn,0969591951,STUDENT
21130661,123456,Lâm Duy Đạt,sv21130661@student.edu.vn,0926117802,STUDENT
21130662,123456,Hoàng Thu Khánh,sv21130662@student.edu.vn,0991867244,STUDENT
21130663,123456,Đoàn Quốc Nhật,sv21130663@student.edu.vn,0946832455,STUDENT
21130664,123456,Đoàn Hồng Phong,sv21130664@student.edu.vn,0931922719,STUDENT
21130665,123456,Hà Gia Trinh,sv21130665@student.edu.vn,0967176434,STUDENT
21130666,123456,Trịnh Quang Em,sv21130666@student.edu.vn,0971937428,STUDENT
21130667,123456,Ngô Quốc Nam,sv21130667@student.edu.vn,0957611599,STUDENT
21130668,123456,Vũ Hữu Bảo,sv21130668@student.edu.vn,0971167995,STUDENT
21130669,123456,Bùi Văn Hương,sv21130669@student.edu.vn,0922584167,STUDENT
21130670,123456,Huỳnh Hồng Lộc,sv21130670@student.edu.vn,0981044131,STUDENT
21130671,123456,Hà Bảo Quân,sv21130671@student.edu.vn,0940080752,STUDENT
21130672,123456,Vũ Quốc Long,sv21130672@student.edu.vn,0935787794,STUDENT
21130673,123456,Bùi Duy Hùng,sv21130673@student.edu.vn,0941384853,STUDENT
21130674,123456,Ngô Anh Minh,sv21130674@student.edu.vn,0920651403,STUDENT
21130675,123456,Đoàn Văn Giang,sv21130675@student.edu.vn,0980886580,STUDENT
21130676,123456,Trần Gia Huy,sv21130676@student.edu.vn,0967704692,STUDENT
21130677,123456,Võ Thanh Vinh,sv21130677@student.edu.vn,0918476080,STUDENT
21130678,123456,Lê Quang Trang,sv21130678@student.edu.vn,0995366081,STUDENT
21130679,123456,Vũ Tuấn Hà,sv21130679@student.edu.vn,0995913832,STUDENT
21130680,123456,Trịnh Kim Linh,sv21130680@student.edu.vn,0938204767,STUDENT
21130681,123456,Trần Kim Em,sv21130681@student.edu.vn,0982310863,STUDENT
21130682,123456,Huỳnh Hồng Tùng,sv21130682@student.edu.vn,0927414120,STUDENT
21130683,123456,Dương Bảo Phát,sv21130683@student.edu.vn,0961628696,STUDENT
21130684,123456,Nguyễn Đức Toàn,sv21130684@student.edu.vn,0994639279,STUDENT
21130685,123456,Đoàn Hồng Long,sv21130685@student.edu.vn,0938610945,STUDENT
21130686,123456,Dương Hữu Long,sv21130686@student.edu.vn,0993126395,STUDENT
21130687,123456,Hồ Xuân Lộc,sv21130687@student.edu.vn,0987539250,STUDENT
21130688,123456,Phan Hữu Lộc,sv21130688@student.edu.vn,0977162943,STUDENT
21130689,123456,Dương Tuấn Hùng,sv21130689@student.edu.vn,0971188318,STUDENT
21130690,123456,Mai Văn Thành,sv21130690@student.edu.vn,0934437717,STUDENT
21130691,123456,Vũ Bảo Duy,sv21130691@student.edu.vn,0956227521,STUDENT
21130692,123456,Võ Thanh Huy,sv21130692@student.edu.vn,0928460130,STUDENT
21130693,123456,Tạ Tuấn Phúc,sv21130693@student.edu.vn,0918403723,STUDENT
21130694,123456,Đặng Xuân Thành,sv21130694@student.edu.vn,0917259167,STUDENT
21130695,123456,Lý Tuấn Thắng,sv21130695@student.edu.vn,0950377778,STUDENT
21130696,123456,Hà Văn Thành,sv21130696@student.edu.vn,0959362475,STUDENT
21130697,123456,Lý Thị Kiệt,sv21130697@student.edu.vn,0978233100,STUDENT
21130698,123456,Đỗ Bảo Trung,sv21130698@student.edu.vn,0963128787,STUDENT
21130699,123456,Mai Hồng Huy,sv21130699@student.edu.vn,0952737549,STUDENT
21130700,123456,Hà Tuấn Hiếu,sv21130700@student.edu.vn,0957921827,STUDENT
21130701,123456,Cao Nhật Hùng,sv21130701@student.edu.vn,0939284065,STUDENT
21130702,123456,Mai Quang Thắng,sv21130702@student.edu.vn,0998116271,STUDENT
21130703,123456,Lâm Thu Nga,sv21130703@student.edu.vn,0922414842,STUDENT
21130704,123456,Dương Thiện Nhật,sv21130704@student.edu.vn,0917275493,STUDENT
21130705,123456,Huỳnh Anh Nga,sv21130705@student.edu.vn,0968876110,STUDENT
21130706,123456,Trần Ngọc Trinh,sv21130706@student.edu.vn,0949085927,STUDENT
21130707,123456,Huỳnh Minh Phát,sv21130707@student.edu.vn,0918903387,STUDENT
21130708,123456,Hồ Đức Tâm,sv21130708@student.edu.vn,0930650696,STUDENT
21130709,123456,Nguyễn Hoàng Uyên,sv21130709@student.edu.vn,0932916696,STUDENT
21130710,123456,Đoàn Thị Uyên,sv21130710@student.edu.vn,0995611076,STUDENT
21130711,123456,Lý Thu Oanh,sv21130711@student.edu.vn,0987909203,STUDENT
21130712,123456,Bùi Hồng Giang,sv21130712@student.edu.vn,0948240656,STUDENT
21130713,123456,Lâm Hoàng Hiếu,sv21130713@student.edu.vn,0962858400,STUDENT
21130714,123456,Dương Đức Xuân,sv21130714@student.edu.vn,0940056791,STUDENT
21130715,123456,Vũ Kim Vinh,sv21130715@student.edu.vn,0918368564,STUDENT
21130716,123456,Phạm Thu Nga,sv21130716@student.edu.vn,0939505881,STUDENT
21130717,123456,Lý Thanh Nga,sv21130717@student.edu.vn,0994306381,STUDENT
21130718,123456,Ngô Thu Inh,sv21130718@student.edu.vn,0957554975,STUDENT
21130719,123456,Hà Thanh Thành,sv21130719@student.edu.vn,0941586925,STUDENT
21130720,123456,Phạm Nhật Duy,sv21130720@student.edu.vn,0980861441,STUDENT
21130721,123456,Dương Thu Oanh,sv21130721@student.edu.vn,0991089885,STUDENT
21130722,123456,Mai Đức Lộc,sv21130722@student.edu.vn,0911258382,STUDENT
21130723,123456,Đỗ Xuân Thành,sv21130723@student.edu.vn,0973498578,STUDENT
21130724,123456,Vũ Hải Xuân,sv21130724@student.edu.vn,0957814661,STUDENT
21130725,123456,Đinh Ngọc Thành,sv21130725@student.edu.vn,0989200785,STUDENT
21130726,123456,Hồ Thị Quân,sv21130726@student.edu.vn,0946109482,STUDENT
21130727,123456,Đỗ Bảo Hiếu,sv21130727@student.edu.vn,0926035244,STUDENT
21130728,123456,Hà Văn Hùng,sv21130728@student.edu.vn,0969128640,STUDENT
21130729,123456,Hoàng Quang Phúc,sv21130729@student.edu.vn,0970516713,STUDENT
21130730,123456,Ngô Ngọc Phong,sv21130730@student.edu.vn,0969861729,STUDENT
21130731,123456,Phạm Hồng Khoa,sv21130731@student.edu.vn,0966941447,STUDENT
21130732,123456,Nguyễn Kim Phong,sv21130732@student.edu.vn,0955004245,STUDENT
21130733,123456,Vũ Phương Khánh,sv21130733@student.edu.vn,0951700630,STUDENT
21130734,123456,Phan Hữu Xuân,sv21130734@student.edu.vn,0945208741,STUDENT
21130735,123456,Vũ Thanh Long,sv21130735@student.edu.vn,0953760440,STUDENT
21130736,123456,Đặng Văn Bình,sv21130736@student.edu.vn,0970841763,STUDENT
21130737,123456,Hà Thị Hiếu,sv21130737@student.edu.vn,0988095390,STUDENT
21130738,123456,Đinh Thanh Kiệt,sv21130738@student.edu.vn,0925080679,STUDENT
21130739,123456,Nguyễn Quốc Nam,sv21130739@student.edu.vn,0968431454,STUDENT
21130740,123456,Lý Minh Trung,sv21130740@student.edu.vn,0978014818,STUDENT
21130741,123456,Ngô Tuấn Bảo,sv21130741@student.edu.vn,0979178389,STUDENT
21130742,123456,Võ Tuấn Xuân,sv21130742@student.edu.vn,0975158431,STUDENT
21130743,123456,Võ Thiện Inh,sv21130743@student.edu.vn,0946264086,STUDENT
21130744,123456,Dương Hoàng Tùng,sv21130744@student.edu.vn,0932025317,STUDENT
21130745,123456,Đặng Minh Bình,sv21130745@student.edu.vn,0936012589,STUDENT
21130746,123456,Hà Gia Cường,sv21130746@student.edu.vn,0947658874,STUDENT
21130747,123456,Trần Hải Thảo,sv21130747@student.edu.vn,0951936849,STUDENT
21130748,123456,Lý Minh Duy,sv21130748@student.edu.vn,0980526732,STUDENT
21130749,123456,Phạm Ngọc Tài,sv21130749@student.edu.vn,0924669046,STUDENT
21130750,123456,Ngô Thị Phúc,sv21130750@student.edu.vn,0946404319,STUDENT
21130751,123456,Ngô Văn Thành,sv21130751@student.edu.vn,0987996317,STUDENT
21130752,123456,Vũ Ngọc Đạt,sv21130752@student.edu.vn,0999654285,STUDENT
21130753,123456,Đặng Hồng Thắng,sv21130753@student.edu.vn,0921237280,STUDENT
21130754,123456,Đinh Quốc Long,sv21130754@student.edu.vn,0932412432,STUDENT
21130755,123456,Trần Quang Đạt,sv21130755@student.edu.vn,0932492921,STUDENT
21130756,123456,Trịnh Thu Hà,sv21130756@student.edu.vn,0922499788,STUDENT
21130757,123456,Hồ Quang Phong,sv21130757@student.edu.vn,0915169135,STUDENT
21130758,123456,Phạm Quốc Phúc,sv21130758@student.edu.vn,0980285373,STUDENT
21130759,123456,Phan Hữu Tùng,sv21130759@student.edu.vn,0970353161,STUDENT
21130760,123456,Hà Duy Vân,sv21130760@student.edu.vn,0990054856,STUDENT
21130761,123456,Bùi Thanh Lan,sv21130761@student.edu.vn,0962780679,STUDENT
21130762,123456,Đoàn Tuấn Lộc,sv21130762@student.edu.vn,0935543443,STUDENT
21130763,123456,Mai Phương Kiệt,sv21130763@student.edu.vn,0953032821,STUDENT
21130764,123456,Võ Văn Hương,sv21130764@student.edu.vn,0970610472,STUDENT
21130765,123456,Võ Hữu Nam,sv21130765@student.edu.vn,0956567388,STUDENT
21130766,123456,Hoàng Thị Tài,sv21130766@student.edu.vn,0975481387,STUDENT
21130767,123456,Võ Thu Sơn,sv21130767@student.edu.vn,0929091100,STUDENT
21130768,123456,Đinh Nhật Thảo,sv21130768@student.edu.vn,0961818919,STUDENT
21130769,123456,Ngô Gia Toàn,sv21130769@student.edu.vn,0910298224,STUDENT
21130770,123456,Trịnh Anh Nga,sv21130770@student.edu.vn,0935680392,STUDENT
21130771,123456,Đoàn Tuấn Linh,sv21130771@student.edu.vn,0949403311,STUDENT
21130772,123456,Ngô Duy Uyên,sv21130772@student.edu.vn,0960105840,STUDENT
21130773,123456,Võ Hồng Lộc,sv21130773@student.edu.vn,0993337325,STUDENT
21130774,123456,Hà Thiện Uyên,sv21130774@student.edu.vn,0976808604,STUDENT
21130775,123456,Tạ Hải Lan,sv21130775@student.edu.vn,0956231257,STUDENT
21130776,123456,Đỗ Hữu Giang,sv21130776@student.edu.vn,0933842155,STUDENT
21130777,123456,Tạ Nhật Thắng,sv21130777@student.edu.vn,0947844762,STUDENT
21130778,123456,Cao Hữu Nam,sv21130778@student.edu.vn,0931434047,STUDENT
21130779,123456,Đặng Đức Rạng,sv21130779@student.edu.vn,0957472100,STUDENT
21130780,123456,Võ Hữu Vinh,sv21130780@student.edu.vn,0982993145,STUDENT
21130781,123456,Đặng Thiện Trí,sv21130781@student.edu.vn,0934977438,STUDENT
21130782,123456,Dương Thị Em,sv21130782@student.edu.vn,0967931027,STUDENT
21130783,123456,Hà Minh Inh,sv21130783@student.edu.vn,0913729910,STUDENT
21130784,123456,Võ Thị Trang,sv21130784@student.edu.vn,0939971656,STUDENT
21130785,123456,Nguyễn Hồng Tùng,sv21130785@student.edu.vn,0955182498,STUDENT
21130786,123456,Đoàn Hữu Uyên,sv21130786@student.edu.vn,0974435028,STUDENT
21130787,123456,Cao Hoàng Uyên,sv21130787@student.edu.vn,0977038607,STUDENT
21130788,123456,Hồ Thiện Vân,sv21130788@student.edu.vn,0988032578,STUDENT
21130789,123456,Lâm Quang Minh,sv21130789@student.edu.vn,0912126182,STUDENT
21130790,123456,Trịnh Thu Thảo,sv21130790@student.edu.vn,0961289248,STUDENT
21130791,123456,Cao Trung Lộc,sv21130791@student.edu.vn,0919661091,STUDENT
21130792,123456,Mai Phương Hương,sv21130792@student.edu.vn,0967042505,STUDENT
21130793,123456,Đinh Thị Phong,sv21130793@student.edu.vn,0948115838,STUDENT
21130794,123456,Trần Đức Thành,sv21130794@student.edu.vn,0930413872,STUDENT
21130795,123456,Tạ Quốc Hà,sv21130795@student.edu.vn,0982817232,STUDENT
21130796,123456,Lê Phương Linh,sv21130796@student.edu.vn,0927854680,STUDENT
21130797,123456,Hà Hải Lộc,sv21130797@student.edu.vn,0924668220,STUDENT
21130798,123456,Dương Thanh Cường,sv21130798@student.edu.vn,0952459570,STUDENT
21130799,123456,Bùi Bảo Lan,sv21130799@student.edu.vn,0928078077,STUDENT
21130800,123456,Hà Hữu Khánh,sv21130800@student.edu.vn,0946508623,STUDENT
21130801,123456,Lê Trung Minh,sv21130801@student.edu.vn,0928341539,STUDENT
21130802,123456,Hà Kim An,sv21130802@student.edu.vn,0927428214,STUDENT
21130803,123456,Ngô Tuấn Tâm,sv21130803@student.edu.vn,0995469133,STUDENT
21130804,123456,Trịnh Quang Nam,sv21130804@student.edu.vn,0983410394,STUDENT
21130805,123456,Phan Thanh Tùng,sv21130805@student.edu.vn,0912812391,STUDENT
21130806,123456,Nguyễn Thu Toàn,sv21130806@student.edu.vn,0936813370,STUDENT
21130807,123456,Đinh Kim Nhật,sv21130807@student.edu.vn,0970927221,STUDENT
21130808,123456,Võ Ngọc Uyên,sv21130808@student.edu.vn,0929972002,STUDENT
21130809,123456,Vũ Minh Rạng,sv21130809@student.edu.vn,0966995586,STUDENT
21130810,123456,Trần Hải Xuân,sv21130810@student.edu.vn,0916858995,STUDENT
21130811,123456,Ngô Nhật Yến,sv21130811@student.edu.vn,0981201975,STUDENT
21130812,123456,Ngô Tuấn Bình,sv21130812@student.edu.vn,0990374536,STUDENT
21130813,123456,Mai Thiện Phong,sv21130813@student.edu.vn,0920053434,STUDENT
21130814,123456,Đinh Hồng Khoa,sv21130814@student.edu.vn,0981027829,STUDENT
21130815,123456,Võ Trung An,sv21130815@student.edu.vn,0978783040,STUDENT
21130816,123456,Mai Hoàng Tâm,sv21130816@student.edu.vn,0997226044,STUDENT
21130817,123456,Đoàn Thanh Long,sv21130817@student.edu.vn,0921235402,STUDENT
21130818,123456,Nguyễn Hồng Duy,sv21130818@student.edu.vn,0979430406,STUDENT
21130819,123456,Bùi Thanh Tùng,sv21130819@student.edu.vn,0916645141,STUDENT
21130820,123456,Mai Quốc Tài,sv21130820@student.edu.vn,0911702617,STUDENT
21130821,123456,Nguyễn Duy Toàn,sv21130821@student.edu.vn,0921013312,STUDENT
21130822,123456,Lâm Hoàng Trung,sv21130822@student.edu.vn,0925515419,STUDENT
21130823,123456,Vũ Bảo Giang,sv21130823@student.edu.vn,0945736871,STUDENT
21130824,123456,Dương Thanh Phong,sv21130824@student.edu.vn,0946271061,STUDENT
21130825,123456,Hoàng Hoàng Thắng,sv21130825@student.edu.vn,0925701432,STUDENT
21130826,123456,Đinh Văn Inh,sv21130826@student.edu.vn,0955492280,STUDENT
21130827,123456,Phạm Hải Oanh,sv21130827@student.edu.vn,0941975035,STUDENT
21130828,123456,Nguyễn Xuân Nhật,sv21130828@student.edu.vn,0991903424,STUDENT
21130829,123456,Đinh Nhật Tài,sv21130829@student.edu.vn,0920139656,STUDENT
21130830,123456,Lý Duy Bình,sv21130830@student.edu.vn,0978484409,STUDENT
21130831,123456,Hà Hồng Hà,sv21130831@student.edu.vn,0996227943,STUDENT
21130832,123456,Lý Kim Phát,sv21130832@student.edu.vn,0992291433,STUDENT
21130833,123456,Đoàn Ngọc Thành,sv21130833@student.edu.vn,0989332070,STUDENT
21130834,123456,Trịnh Minh Lan,sv21130834@student.edu.vn,0962507627,STUDENT
21130835,123456,Lý Gia Khoa,sv21130835@student.edu.vn,0994185795,STUDENT
21130836,123456,Trịnh Văn Phúc,sv21130836@student.edu.vn,0985088093,STUDENT
21130837,123456,Phạm Văn Xuân,sv21130837@student.edu.vn,0995941636,STUDENT
21130838,123456,Nguyễn Trung Cường,sv21130838@student.edu.vn,0928260509,STUDENT
21130839,123456,Phạm Xuân Huy,sv21130839@student.edu.vn,0920566080,STUDENT
21130840,123456,Tạ Quang Trang,sv21130840@student.edu.vn,0939003909,STUDENT
21130841,123456,Lâm Xuân Uyên,sv21130841@student.edu.vn,0947875809,STUDENT
21130842,123456,Võ Kim Rạng,sv21130842@student.edu.vn,0998420963,STUDENT
21130843,123456,Võ Thanh Trang,sv21130843@student.edu.vn,0971958141,STUDENT
21130844,123456,Trần Đức Uyên,sv21130844@student.edu.vn,0988674472,STUDENT
21130845,123456,Bùi Quang Em,sv21130845@student.edu.vn,0910599807,STUDENT
21130846,123456,Hà Phương Xuân,sv21130846@student.edu.vn,0923475409,STUDENT
21130847,123456,Vũ Hữu Kiệt,sv21130847@student.edu.vn,0963134052,STUDENT
21130848,123456,Vũ Hải Quân,sv21130848@student.edu.vn,0926106821,STUDENT
21130849,123456,Ngô Quốc Thắng,sv21130849@student.edu.vn,0915568904,STUDENT
21130850,123456,Đặng Bảo Hương,sv21130850@student.edu.vn,0975168307,STUDENT
21130851,123456,Lâm Hải Kiệt,sv21130851@student.edu.vn,0968437175,STUDENT
21130852,123456,Hồ Anh Minh,sv21130852@student.edu.vn,0956652265,STUDENT
21130853,123456,Hồ Ngọc Trung,sv21130853@student.edu.vn,0925408025,STUDENT
21130854,123456,Hoàng Thị Nam,sv21130854@student.edu.vn,0986059330,STUDENT
21130855,123456,Hồ Gia Huy,sv21130855@student.edu.vn,0920424952,STUDENT
21130856,123456,Đặng Gia Thắng,sv21130856@student.edu.vn,0928557660,STUDENT
21130857,123456,Dương Phương Hùng,sv21130857@student.edu.vn,0916696921,STUDENT
21130858,123456,Đoàn Bảo Lan,sv21130858@student.edu.vn,0992731522,STUDENT
21130859,123456,Lê Thanh Giang,sv21130859@student.edu.vn,0946243929,STUDENT
21130860,123456,Đỗ Quốc Cường,sv21130860@student.edu.vn,0982358502,STUDENT
21130861,123456,Tạ Anh Thắng,sv21130861@student.edu.vn,0978397502,STUDENT
21130862,123456,Mai Quang An,sv21130862@student.edu.vn,0986494441,STUDENT
21130863,123456,Đặng Nhật Khoa,sv21130863@student.edu.vn,0977756870,STUDENT
21130864,123456,Đỗ Đức Thành,sv21130864@student.edu.vn,0989983886,STUDENT
21130865,123456,Đinh Đức Thảo,sv21130865@student.edu.vn,0992948014,STUDENT
21130866,123456,Lâm Nhật Phúc,sv21130866@student.edu.vn,0943152478,STUDENT
21130867,123456,Trịnh Đức Hùng,sv21130867@student.edu.vn,0992480605,STUDENT
21130868,123456,Hoàng Xuân Thảo,sv21130868@student.edu.vn,0964672817,STUDENT
21130869,123456,Hoàng Đức Tâm,sv21130869@student.edu.vn,0996262918,STUDENT
21130870,123456,Phan Bảo Bình,sv21130870@student.edu.vn,0961284271,STUDENT
21130871,123456,Đỗ Hữu Tâm,sv21130871@student.edu.vn,0975363359,STUDENT
21130872,123456,Lý Minh An,sv21130872@student.edu.vn,0972417982,STUDENT
21130873,123456,Cao Quang Quân,sv21130873@student.edu.vn,0928916451,STUDENT
21130874,123456,Võ Trung Nga,sv21130874@student.edu.vn,0998352730,STUDENT
21130875,123456,Hồ Quốc Hiếu,sv21130875@student.edu.vn,0985118896,STUDENT
21130876,123456,Lê Thu An,sv21130876@student.edu.vn,0971087521,STUDENT
21130877,123456,Bùi Kim Lan,sv21130877@student.edu.vn,0975644062,STUDENT
21130878,123456,Phan Ngọc Kiệt,sv21130878@student.edu.vn,0928298192,STUDENT
21130879,123456,Hoàng Hữu Long,sv21130879@student.edu.vn,0998735090,STUDENT
21130880,123456,Huỳnh Quang Vinh,sv21130880@student.edu.vn,0998082243,STUDENT
21130881,123456,Đặng Quang Vinh,sv21130881@student.edu.vn,0970739007,STUDENT
21130882,123456,Lê Ngọc Uyên,sv21130882@student.edu.vn,0932148182,STUDENT
21130883,123456,Lê Hải Hà,sv21130883@student.edu.vn,0931570341,STUDENT
21130884,123456,Cao Ngọc Sơn,sv21130884@student.edu.vn,0951151782,STUDENT
21130885,123456,Đoàn Gia Khoa,sv21130885@student.edu.vn,0959701204,STUDENT
21130886,123456,Hà Kim Trung,sv21130886@student.edu.vn,0956822277,STUDENT
21130887,123456,Bùi Thu Thảo,sv21130887@student.edu.vn,0969211647,STUDENT
21130888,123456,Nguyễn Thanh Em,sv21130888@student.edu.vn,0915991430,STUDENT
21130889,123456,Lý Hoàng Long,sv21130889@student.edu.vn,0915015739,STUDENT
21130890,123456,Bùi Thanh Tài,sv21130890@student.edu.vn,0976961134,STUDENT
21130891,123456,Mai Đức Vân,sv21130891@student.edu.vn,0976573374,STUDENT
21130892,123456,Bùi Hoàng Phúc,sv21130892@student.edu.vn,0917498485,STUDENT
21130893,123456,Hoàng Gia Vân,sv21130893@student.edu.vn,0994651944,STUDENT
21130894,123456,Lý Đức Xuân,sv21130894@student.edu.vn,0921524258,STUDENT
21130895,123456,Nguyễn Đức Phát,sv21130895@student.edu.vn,0950279360,STUDENT
21130896,123456,Ngô Thiện Tùng,sv21130896@student.edu.vn,0977792632,STUDENT
21130897,123456,Đỗ Xuân Thảo,sv21130897@student.edu.vn,0954161788,STUDENT
21130898,123456,Đinh Trung Bảo,sv21130898@student.edu.vn,0959599144,STUDENT
21130899,123456,Lý Tuấn Nga,sv21130899@student.edu.vn,0913473733,STUDENT
21130900,123456,Hồ Văn Uyên,sv21130900@student.edu.vn,0951320548,STUDENT
21130901,123456,Mai Kim Lan,sv21130901@student.edu.vn,0959449622,STUDENT
21130902,123456,Đoàn Văn Lộc,sv21130902@student.edu.vn,0970959832,STUDENT
21130903,123456,Trịnh Nhật Hiếu,sv21130903@student.edu.vn,0997784240,STUDENT
21130904,123456,Đỗ Minh Trinh,sv21130904@student.edu.vn,0939996679,STUDENT
21130905,123456,Đỗ Hồng Nga,sv21130905@student.edu.vn,0995157984,STUDENT
21130906,123456,Dương Kim Oanh,sv21130906@student.edu.vn,0943217958,STUDENT
21130907,123456,Đặng Ngọc Bình,sv21130907@student.edu.vn,0969344236,STUDENT
21130908,123456,Nguyễn Hồng Trang,sv21130908@student.edu.vn,0910792036,STUDENT
21130909,123456,Hồ Tuấn Thành,sv21130909@student.edu.vn,0922663994,STUDENT
21130910,123456,Tạ Quốc Tùng,sv21130910@student.edu.vn,0925589669,STUDENT
21130911,123456,Phan Quang Rạng,sv21130911@student.edu.vn,0975820981,STUDENT
21130912,123456,Võ Minh An,sv21130912@student.edu.vn,0927563383,STUDENT
21130913,123456,Hồ Phương Sơn,sv21130913@student.edu.vn,0982810513,STUDENT
21130914,123456,Đỗ Minh An,sv21130914@student.edu.vn,0960148368,STUDENT
21130915,123456,Lý Hải Huy,sv21130915@student.edu.vn,0983492626,STUDENT
21130916,123456,Lâm Văn Lộc,sv21130916@student.edu.vn,0945389000,STUDENT
21130917,123456,Lâm Quốc Giang,sv21130917@student.edu.vn,0983451385,STUDENT
21130918,123456,Đinh Phương Hương,sv21130918@student.edu.vn,0991000445,STUDENT
21130919,123456,Huỳnh Thanh Nga,sv21130919@student.edu.vn,0917334053,STUDENT
21130920,123456,Trần Gia Hiếu,sv21130920@student.edu.vn,0936270276,STUDENT
21130921,123456,Lê Phương Giang,sv21130921@student.edu.vn,0919603488,STUDENT
21130922,123456,Huỳnh Ngọc Tùng,sv21130922@student.edu.vn,0963898678,STUDENT
21130923,123456,Cao Kim Xuân,sv21130923@student.edu.vn,0978254656,STUDENT
21130924,123456,Nguyễn Văn Hùng,sv21130924@student.edu.vn,0933008270,STUDENT
21130925,123456,Hồ Hoàng Trang,sv21130925@student.edu.vn,0920154141,STUDENT
21130926,123456,Hà Ngọc Hương,sv21130926@student.edu.vn,0937262374,STUDENT
21130927,123456,Đỗ Đức Khánh,sv21130927@student.edu.vn,0930609081,STUDENT
21130928,123456,Mai Đức An,sv21130928@student.edu.vn,0917413087,STUDENT
21130929,123456,Tạ Tuấn Hùng,sv21130929@student.edu.vn,0958835680,STUDENT
21130930,123456,Mai Quốc Nga,sv21130930@student.edu.vn,0964192263,STUDENT
21130931,123456,Tạ Hồng Minh,sv21130931@student.edu.vn,0999043358,STUDENT
21130932,123456,Hồ Kim Cường,sv21130932@student.edu.vn,0919190215,STUDENT
21130933,123456,Cao Ngọc Linh,sv21130933@student.edu.vn,0923997207,STUDENT
21130934,123456,Tạ Hồng Vinh,sv21130934@student.edu.vn,0917431917,STUDENT
21130935,123456,Phạm Thị Trí,sv21130935@student.edu.vn,0910340202,STUDENT
21130936,123456,Lý Ngọc Trinh,sv21130936@student.edu.vn,0911008301,STUDENT
21130937,123456,Cao Đức Trung,sv21130937@student.edu.vn,0919118514,STUDENT
21130938,123456,Hồ Minh Giang,sv21130938@student.edu.vn,0943024014,STUDENT
21130939,123456,Lê Thị Giang,sv21130939@student.edu.vn,0950889455,STUDENT
21130940,123456,Phạm Kim Long,sv21130940@student.edu.vn,0960655056,STUDENT
21130941,123456,Đỗ Trung Thành,sv21130941@student.edu.vn,0937870193,STUDENT
21130942,123456,Đoàn Nhật Cường,sv21130942@student.edu.vn,0979388811,STUDENT
21130943,123456,Trần Quốc Uyên,sv21130943@student.edu.vn,0954549565,STUDENT
21130944,123456,Vũ Hoàng Trinh,sv21130944@student.edu.vn,0930757867,STUDENT
21130945,123456,Hà Hữu Bảo,sv21130945@student.edu.vn,0966231479,STUDENT
21130946,123456,Lê Gia Thắng,sv21130946@student.edu.vn,0980740620,STUDENT
21130947,123456,Lê Quốc Minh,sv21130947@student.edu.vn,0975610718,STUDENT
21130948,123456,Phan Xuân Inh,sv21130948@student.edu.vn,0997060455,STUDENT
21130949,123456,Vũ Trung Lan,sv21130949@student.edu.vn,0951666424,STUDENT
21130950,123456,Mai Phương Oanh,sv21130950@student.edu.vn,0912583110,STUDENT
21130951,123456,Nguyễn Ngọc Vinh,sv21130951@student.edu.vn,0970176452,STUDENT
21130952,123456,Cao Quang Phong,sv21130952@student.edu.vn,0946380909,STUDENT
21130953,123456,Vũ Đức Duy,sv21130953@student.edu.vn,0930679292,STUDENT
21130954,123456,Hoàng Hải Thảo,sv21130954@student.edu.vn,0917885397,STUDENT
21130955,123456,Mai Anh Trinh,sv21130955@student.edu.vn,0970177128,STUDENT
21130956,123456,Vũ Văn An,sv21130956@student.edu.vn,0935611046,STUDENT
21130957,123456,Hồ Kim Inh,sv21130957@student.edu.vn,0986585427,STUDENT
21130958,123456,Lý Thiện Nhật,sv21130958@student.edu.vn,0917802024,STUDENT
21130959,123456,Hà Quang Phong,sv21130959@student.edu.vn,0952016332,STUDENT
21130960,123456,Lê Ngọc Oanh,sv21130960@student.edu.vn,0983194177,STUDENT
21130961,123456,Đinh Xuân Nhật,sv21130961@student.edu.vn,0963594009,STUDENT
21130962,123456,Võ Tuấn Tùng,sv21130962@student.edu.vn,0952982715,STUDENT
21130963,123456,Phạm Bảo Tâm,sv21130963@student.edu.vn,0911810942,STUDENT
21130964,123456,Đặng Tuấn Khánh,sv21130964@student.edu.vn,0993133231,STUDENT
21130965,123456,Hoàng Phương Em,sv21130965@student.edu.vn,0949874238,STUDENT
21130966,123456,Hà Hoàng Giang,sv21130966@student.edu.vn,0916893276,STUDENT
21130967,123456,Phạm Quang Nhật,sv21130967@student.edu.vn,0968542163,STUDENT
21130968,123456,Cao Hoàng An,sv21130968@student.edu.vn,0966492014,STUDENT
21130969,123456,Hà Phương Duy,sv21130969@student.edu.vn,0930207903,STUDENT
21130970,123456,Lâm Thanh Trí,sv21130970@student.edu.vn,0960014425,STUDENT
21130971,123456,Trịnh Phương Vân,sv21130971@student.edu.vn,0949272677,STUDENT
21130972,123456,Bùi Hồng Nam,sv21130972@student.edu.vn,0926750915,STUDENT
21130973,123456,Lý Văn Nga,sv21130973@student.edu.vn,0914191134,STUDENT
21130974,123456,Trần Thị Sơn,sv21130974@student.edu.vn,0948860393,STUDENT
21130975,123456,Bùi Quốc Trung,sv21130975@student.edu.vn,0915708560,STUDENT
21130976,123456,Dương Văn Rạng,sv21130976@student.edu.vn,0951578053,STUDENT
21130977,123456,Huỳnh Đức Thảo,sv21130977@student.edu.vn,0955040885,STUDENT
21130978,123456,Mai Hữu Lan,sv21130978@student.edu.vn,0980432300,STUDENT
21130979,123456,Hồ Thanh Lan,sv21130979@student.edu.vn,0913250464,STUDENT
21130980,123456,Cao Hải Duy,sv21130980@student.edu.vn,0912659837,STUDENT
21130981,123456,Mai Anh Kiệt,sv21130981@student.edu.vn,0985315013,STUDENT
21130982,123456,Mai Hoàng An,sv21130982@student.edu.vn,0973660703,STUDENT
21130983,123456,Đoàn Văn Đạt,sv21130983@student.edu.vn,0983827422,STUDENT
21130984,123456,Dương Nhật Nga,sv21130984@student.edu.vn,0921328165,STUDENT
21130985,123456,Phạm Hữu Tài,sv21130985@student.edu.vn,0993080390,STUDENT
21130986,123456,Đỗ Xuân An,sv21130986@student.edu.vn,0988691047,STUDENT
21130987,123456,Bùi Kim Cường,sv21130987@student.edu.vn,0973692327,STUDENT
21130988,123456,Nguyễn Trung Rạng,sv21130988@student.edu.vn,0910398184,STUDENT
21130989,123456,Phan Anh Trang,sv21130989@student.edu.vn,0984138106,STUDENT
21130990,123456,Đặng Hải Oanh,sv21130990@student.edu.vn,0958797785,STUDENT
21130991,123456,Mai Ngọc Trinh,sv21130991@student.edu.vn,0928719856,STUDENT
21130992,123456,Lý Bảo Quân,sv21130992@student.edu.vn,0951754837,STUDENT
21130993,123456,Hoàng Văn Oanh,sv21130993@student.edu.vn,0995858480,STUDENT
21130994,123456,Trần Hải Trí,sv21130994@student.edu.vn,0954988601,STUDENT
21130995,123456,Đỗ Thiện Phong,sv21130995@student.edu.vn,0911664840,STUDENT
21130996,123456,Võ Xuân Kiệt,sv21130996@student.edu.vn,0912635148,STUDENT
21130997,123456,Lý Gia Rạng,sv21130997@student.edu.vn,0953920582,STUDENT
21130998,123456,Nguyễn Ngọc Hùng,sv21130998@student.edu.vn,0969841304,STUDENT
21130999,123456,Ngô Nhật Sơn,sv21130999@student.edu.vn,0952566943,STUDENT
21131000,123456,Phan Văn Phúc,sv21131000@student.edu.vn,0939606219,STUDENT
21131001,123456,Phan Thiện Phúc,sv21131001@student.edu.vn,0998061302,STUDENT
21131002,123456,Phan Nhật Trinh,sv21131002@student.edu.vn,0942306713,STUDENT
21131003,123456,Mai Ngọc Linh,sv21131003@student.edu.vn,0918780182,STUDENT
21131004,123456,Phạm Đức Duy,sv21131004@student.edu.vn,0997383650,STUDENT
21131005,123456,Võ Thu Sơn,sv21131005@student.edu.vn,0950428039,STUDENT
21131006,123456,Vũ Tuấn Cường,sv21131006@student.edu.vn,0952250651,STUDENT
21131007,123456,Trần Kim Hà,sv21131007@student.edu.vn,0937955273,STUDENT
21131008,123456,Đỗ Đức Hà,sv21131008@student.edu.vn,0989070620,STUDENT
21131009,123456,Ngô Thu Hùng,sv21131009@student.edu.vn,0952563816,STUDENT
21131010,123456,Nguyễn Hải Tùng,sv21131010@student.edu.vn,0971035099,STUDENT
21131011,123456,Phạm Nhật Nam,sv21131011@student.edu.vn,0984486672,STUDENT
21131012,123456,Nguyễn Hải Tài,sv21131012@student.edu.vn,0925009806,STUDENT
21131013,123456,Võ Ngọc Toàn,sv21131013@student.edu.vn,0930215163,STUDENT
21131014,123456,Tạ Hữu Lộc,sv21131014@student.edu.vn,0987894832,STUDENT
21131015,123456,Phạm Hồng Trang,sv21131015@student.edu.vn,0916665864,STUDENT
21131016,123456,Vũ Hải Duy,sv21131016@student.edu.vn,0983676877,STUDENT
21131017,123456,Tạ Thanh Trang,sv21131017@student.edu.vn,0982528418,STUDENT
21131018,123456,Lý Hữu Bảo,sv21131018@student.edu.vn,0982497037,STUDENT
21131019,123456,Hồ Thị Tùng,sv21131019@student.edu.vn,0950343722,STUDENT
21131020,123456,Bùi Quang Trang,sv21131020@student.edu.vn,0957067117,STUDENT
21131021,123456,Huỳnh Quang Khoa,sv21131021@student.edu.vn,0910179182,STUDENT
21131022,123456,Đinh Quang Phúc,sv21131022@student.edu.vn,0988833275,STUDENT
21131023,123456,Tạ Anh Khánh,sv21131023@student.edu.vn,0974148700,STUDENT
21131024,123456,Phạm Văn Giang,sv21131024@student.edu.vn,0943636829,STUDENT
21131025,123456,Phạm Xuân Linh,sv21131025@student.edu.vn,0970565760,STUDENT
21131026,123456,Hà Duy Rạng,sv21131026@student.edu.vn,0974169368,STUDENT
21131027,123456,Tạ Kim Cường,sv21131027@student.edu.vn,0980534106,STUDENT
21131028,123456,Bùi Thu Tài,sv21131028@student.edu.vn,0923093376,STUDENT
21131029,123456,Phan Nhật Bảo,sv21131029@student.edu.vn,0913257438,STUDENT
21131030,123456,Đinh Thanh Oanh,sv21131030@student.edu.vn,0980604592,STUDENT
21131031,123456,Cao Văn Nam,sv21131031@student.edu.vn,0928574254,STUDENT
21131032,123456,Hà Hoàng Inh,sv21131032@student.edu.vn,0921845889,STUDENT
21131033,123456,Đoàn Thanh Thành,sv21131033@student.edu.vn,0983637539,STUDENT
21131034,123456,Hoàng Hữu Tâm,sv21131034@student.edu.vn,0951845234,STUDENT
21131035,123456,Trịnh Duy An,sv21131035@student.edu.vn,0998278934,STUDENT
21131036,123456,Đinh Anh Khoa,sv21131036@student.edu.vn,0925310581,STUDENT
21131037,123456,Phan Hồng Minh,sv21131037@student.edu.vn,0942648837,STUDENT
21131038,123456,Ngô Hải Bảo,sv21131038@student.edu.vn,0984115083,STUDENT
21131039,123456,Đoàn Gia Tài,sv21131039@student.edu.vn,0990640078,STUDENT
21131040,123456,Trần Xuân Sơn,sv21131040@student.edu.vn,0943306085,STUDENT
21131041,123456,Dương Duy Xuân,sv21131041@student.edu.vn,0978512306,STUDENT
21131042,123456,Phạm Phương Thảo,sv21131042@student.edu.vn,0986449845,STUDENT
21131043,123456,Hà Kim Giang,sv21131043@student.edu.vn,0955914680,STUDENT
21131044,123456,Phạm Hữu Phúc,sv21131044@student.edu.vn,0954588700,STUDENT
21131045,123456,Lê Kim Nam,sv21131045@student.edu.vn,0981833467,STUDENT
21131046,123456,Lê Duy Lộc,sv21131046@student.edu.vn,0927155405,STUDENT
21131047,123456,Phan Gia Tài,sv21131047@student.edu.vn,0959997362,STUDENT
21131048,123456,Phan Phương Nhật,sv21131048@student.edu.vn,0936000124,STUDENT
21131049,123456,Đinh Duy Minh,sv21131049@student.edu.vn,0996817208,STUDENT
21131050,123456,Nguyễn Minh Duy,sv21131050@student.edu.vn,0935560279,STUDENT
21131051,123456,Tạ Trung Phát,sv21131051@student.edu.vn,0920070975,STUDENT
21131052,123456,Trịnh Thu Nam,sv21131052@student.edu.vn,0989236892,STUDENT
21131053,123456,Lê Quốc Trung,sv21131053@student.edu.vn,0925335881,STUDENT
21131054,123456,Võ Duy Hùng,sv21131054@student.edu.vn,0958890578,STUDENT
21131055,123456,Đinh Nhật Phát,sv21131055@student.edu.vn,0979057794,STUDENT
21131056,123456,Lâm Anh Long,sv21131056@student.edu.vn,0970312184,STUDENT
21131057,123456,Lê Bảo Phúc,sv21131057@student.edu.vn,0964695019,STUDENT
21131058,123456,Đặng Thanh Thành,sv21131058@student.edu.vn,0950517328,STUDENT
21131059,123456,Cao Minh Toàn,sv21131059@student.edu.vn,0964493740,STUDENT
21131060,123456,Hà Anh Nhật,sv21131060@student.edu.vn,0912593675,STUDENT
21131061,123456,Mai Hải Vinh,sv21131061@student.edu.vn,0986627038,STUDENT
21131062,123456,Cao Thanh Cường,sv21131062@student.edu.vn,0940934652,STUDENT
21131063,123456,Hồ Thiện Xuân,sv21131063@student.edu.vn,0924382707,STUDENT
21131064,123456,Hoàng Anh Xuân,sv21131064@student.edu.vn,0944464346,STUDENT
21131065,123456,Tạ Xuân Trung,sv21131065@student.edu.vn,0921741202,STUDENT
21131066,123456,Võ Minh Trí,sv21131066@student.edu.vn,0947302464,STUDENT
21131067,123456,Nguyễn Quang Minh,sv21131067@student.edu.vn,0973742293,STUDENT
21131068,123456,Mai Ngọc Khoa,sv21131068@student.edu.vn,0934066808,STUDENT
21131069,123456,Hoàng Hoàng Hương,sv21131069@student.edu.vn,0954982810,STUDENT
21131070,123456,Ngô Thu Nga,sv21131070@student.edu.vn,0961939599,STUDENT
21131071,123456,Trần Anh Uyên,sv21131071@student.edu.vn,0957609956,STUDENT
21131072,123456,Huỳnh Bảo Phong,sv21131072@student.edu.vn,0970634767,STUDENT
21131073,123456,Lâm Duy Hùng,sv21131073@student.edu.vn,0922538865,STUDENT
21131074,123456,Đoàn Thu Xuân,sv21131074@student.edu.vn,0941189463,STUDENT
21131075,123456,Lâm Hồng Giang,sv21131075@student.edu.vn,0928323607,STUDENT
21131076,123456,Đoàn Hồng Kiệt,sv21131076@student.edu.vn,0991151446,STUDENT
21131077,123456,Đoàn Trung Xuân,sv21131077@student.edu.vn,0989505052,STUDENT
21131078,123456,Đinh Thanh Xuân,sv21131078@student.edu.vn,0973393650,STUDENT
21131079,123456,Huỳnh Phương Tâm,sv21131079@student.edu.vn,0944319604,STUDENT
21131080,123456,Lê Hoàng Nhật,sv21131080@student.edu.vn,0967722682,STUDENT
21131081,123456,Hồ Thiện Lan,sv21131081@student.edu.vn,0953127248,STUDENT
21131082,123456,Hoàng Phương Nhật,sv21131082@student.edu.vn,0910832483,STUDENT
21131083,123456,Đinh Kim Thắng,sv21131083@student.edu.vn,0960642121,STUDENT
21131084,123456,Cao Hồng Duy,sv21131084@student.edu.vn,0960292432,STUDENT
21131085,123456,Đinh Quang Nam,sv21131085@student.edu.vn,0929283808,STUDENT
21131086,123456,Hoàng Nhật Giang,sv21131086@student.edu.vn,0942635546,STUDENT
21131087,123456,Dương Thị Em,sv21131087@student.edu.vn,0910886715,STUDENT
21131088,123456,Vũ Thu Tâm,sv21131088@student.edu.vn,0926301607,STUDENT
21131089,123456,Võ Văn Sơn,sv21131089@student.edu.vn,0930215496,STUDENT
21131090,123456,Hồ Quốc Lộc,sv21131090@student.edu.vn,0975337683,STUDENT
21131091,123456,Phan Quang Bảo,sv21131091@student.edu.vn,0937831124,STUDENT
21131092,123456,Lâm Hoàng Lộc,sv21131092@student.edu.vn,0929563268,STUDENT
21131093,123456,Hà Tuấn Tâm,sv21131093@student.edu.vn,0911962530,STUDENT
21131094,123456,Phan Đức Trung,sv21131094@student.edu.vn,0971171132,STUDENT
21131095,123456,Trịnh Nhật Bình,sv21131095@student.edu.vn,0969397087,STUDENT
21131096,123456,Lý Gia Lan,sv21131096@student.edu.vn,0977488582,STUDENT
21131097,123456,Cao Xuân Khánh,sv21131097@student.edu.vn,0947693876,STUDENT
21131098,123456,Trần Hải Đạt,sv21131098@student.edu.vn,0933814060,STUDENT
21131099,123456,Huỳnh Xuân Phát,sv21131099@student.edu.vn,0920235187,STUDENT
21131100,123456,Bùi Hồng Nga,sv21131100@student.edu.vn,0957216167,STUDENT
21131101,123456,Đặng Thu Sơn,sv21131101@student.edu.vn,0948986054,STUDENT
21131102,123456,Cao Tuấn An,sv21131102@student.edu.vn,0954358459,STUDENT
21131103,123456,Hà Văn Cường,sv21131103@student.edu.vn,0991689774,STUDENT
21131104,123456,Đặng Quốc Inh,sv21131104@student.edu.vn,0982049381,STUDENT
21131105,123456,Mai Duy Phúc,sv21131105@student.edu.vn,0915602073,STUDENT
21131106,123456,Lâm Xuân Nhật,sv21131106@student.edu.vn,0983970918,STUDENT
21131107,123456,Đinh Thanh Cường,sv21131107@student.edu.vn,0918958833,STUDENT
21131108,123456,Cao Anh Rạng,sv21131108@student.edu.vn,0934833000,STUDENT
21131109,123456,Huỳnh Thiện Thắng,sv21131109@student.edu.vn,0936983857,STUDENT
21131110,123456,Dương Ngọc Uyên,sv21131110@student.edu.vn,0981392206,STUDENT
21131111,123456,Hà Phương Phát,sv21131111@student.edu.vn,0970881686,STUDENT
21131112,123456,Cao Quốc Vân,sv21131112@student.edu.vn,0994829301,STUDENT
21131113,123456,Huỳnh Hoàng Nga,sv21131113@student.edu.vn,0981029720,STUDENT
21131114,123456,Lý Hồng Cường,sv21131114@student.edu.vn,0994502250,STUDENT
21131115,123456,Lâm Thiện Giang,sv21131115@student.edu.vn,0984500679,STUDENT
21131116,123456,Trịnh Anh Hương,sv21131116@student.edu.vn,0996999496,STUDENT
21131117,123456,Ngô Tuấn Bảo,sv21131117@student.edu.vn,0922656071,STUDENT
21131118,123456,Hoàng Anh Trinh,sv21131118@student.edu.vn,0964747240,STUDENT
21131119,123456,Lê Thị Giang,sv21131119@student.edu.vn,0978191513,STUDENT
21131120,123456,Bùi Trung Vinh,sv21131120@student.edu.vn,0936548600,STUDENT
21131121,123456,Đinh Xuân Nhật,sv21131121@student.edu.vn,0953915194,STUDENT
21131122,123456,Lê Nhật Toàn,sv21131122@student.edu.vn,0930011208,STUDENT
21131123,123456,Tạ Phương Yến,sv21131123@student.edu.vn,0950197998,STUDENT
21131124,123456,Dương Xuân Hiếu,sv21131124@student.edu.vn,0961576944,STUDENT
21131125,123456,Phạm Minh Yến,sv21131125@student.edu.vn,0927727773,STUDENT
21131126,123456,Hoàng Hữu Đạt,sv21131126@student.edu.vn,0949552089,STUDENT
21131127,123456,Hà Kim Phát,sv21131127@student.edu.vn,0937912762,STUDENT
21131128,123456,Đặng Quốc Trung,sv21131128@student.edu.vn,0976064147,STUDENT
21131129,123456,Võ Thu Thắng,sv21131129@student.edu.vn,0956462165,STUDENT
21131130,123456,Phan Văn Bình,sv21131130@student.edu.vn,0941966097,STUDENT
21131131,123456,Hà Anh Toàn,sv21131131@student.edu.vn,0960141180,STUDENT
21131132,123456,Ngô Đức Huy,sv21131132@student.edu.vn,0993019798,STUDENT
21131133,123456,Đinh Minh Minh,sv21131133@student.edu.vn,0939505254,STUDENT
21131134,123456,Mai Quốc Tùng,sv21131134@student.edu.vn,0940127142,STUDENT
21131135,123456,Bùi Thu Bình,sv21131135@student.edu.vn,0973239998,STUDENT
21131136,123456,Đặng Hoàng Đạt,sv21131136@student.edu.vn,0964118044,STUDENT
21131137,123456,Hồ Thu Thảo,sv21131137@student.edu.vn,0925116659,STUDENT
21131138,123456,Lê Kim Nam,sv21131138@student.edu.vn,0998944824,STUDENT
21131139,123456,Mai Tuấn Phúc,sv21131139@student.edu.vn,0980988139,STUDENT
21131140,123456,Lâm Hoàng Hương,sv21131140@student.edu.vn,0921315175,STUDENT
21131141,123456,Lâm Gia Minh,sv21131141@student.edu.vn,0979755962,STUDENT
21131142,123456,Vũ Nhật Kiệt,sv21131142@student.edu.vn,0966847773,STUDENT
21131143,123456,Dương Hải Tài,sv21131143@student.edu.vn,0989680861,STUDENT
21131144,123456,Ngô Kim Xuân,sv21131144@student.edu.vn,0943830846,STUDENT
21131145,123456,Bùi Thiện Trung,sv21131145@student.edu.vn,0944224026,STUDENT
21131146,123456,Trần Minh Hiếu,sv21131146@student.edu.vn,0910498960,STUDENT
21131147,123456,Hồ Đức Kiệt,sv21131147@student.edu.vn,0998184025,STUDENT
21131148,123456,Đỗ Bảo Phát,sv21131148@student.edu.vn,0994487653,STUDENT
21131149,123456,Huỳnh Anh Oanh,sv21131149@student.edu.vn,0923286165,STUDENT
21131150,123456,Bùi Trung Bình,sv21131150@student.edu.vn,0941488793,STUDENT
21131151,123456,Lê Quang Phúc,sv21131151@student.edu.vn,0955623335,STUDENT
21131152,123456,Phạm Thiện Oanh,sv21131152@student.edu.vn,0939510292,STUDENT
21131153,123456,Nguyễn Hoàng Hùng,sv21131153@student.edu.vn,0925499818,STUDENT
21131154,123456,Cao Thu Trang,sv21131154@student.edu.vn,0950507187,STUDENT
21131155,123456,Vũ Hải Lan,sv21131155@student.edu.vn,0987239863,STUDENT
21131156,123456,Phan Thanh Tài,sv21131156@student.edu.vn,0916884442,STUDENT
21131157,123456,Trịnh Xuân Xuân,sv21131157@student.edu.vn,0978648000,STUDENT
21131158,123456,Đoàn Hữu Vinh,sv21131158@student.edu.vn,0958246786,STUDENT
21131159,123456,Hồ Tuấn Trang,sv21131159@student.edu.vn,0912382154,STUDENT
21131160,123456,Vũ Hoàng Hương,sv21131160@student.edu.vn,0989876616,STUDENT
21131161,123456,Cao Phương Thành,sv21131161@student.edu.vn,0958047844,STUDENT
21131162,123456,Nguyễn Quang Trang,sv21131162@student.edu.vn,0930080275,STUDENT
21131163,123456,Lâm Văn Vân,sv21131163@student.edu.vn,0991012497,STUDENT
21131164,123456,Hà Ngọc Bảo,sv21131164@student.edu.vn,0989886447,STUDENT
21131165,123456,Hoàng Tuấn Quân,sv21131165@student.edu.vn,0937169672,STUDENT
21131166,123456,Trịnh Thị Linh,sv21131166@student.edu.vn,0999184755,STUDENT
21131167,123456,Hồ Anh Phát,sv21131167@student.edu.vn,0929268921,STUDENT
21131168,123456,Nguyễn Ngọc Kiệt,sv21131168@student.edu.vn,0911478604,STUDENT
21131169,123456,Phan Thiện Vinh,sv21131169@student.edu.vn,0943523276,STUDENT
21131170,123456,Huỳnh Trung Linh,sv21131170@student.edu.vn,0978864877,STUDENT
21131171,123456,Bùi Duy Vinh,sv21131171@student.edu.vn,0941126085,STUDENT
21131172,123456,Vũ Gia Nam,sv21131172@student.edu.vn,0973812430,STUDENT
21131173,123456,Đinh Xuân Trung,sv21131173@student.edu.vn,0949522128,STUDENT
21131174,123456,Đoàn Hoàng Hùng,sv21131174@student.edu.vn,0932489960,STUDENT
21131175,123456,Lê Hải Hương,sv21131175@student.edu.vn,0983604923,STUDENT
21131176,123456,Trần Thanh Huy,sv21131176@student.edu.vn,0979441550,STUDENT
21131177,123456,Vũ Minh Tùng,sv21131177@student.edu.vn,0985204148,STUDENT
21131178,123456,Ngô Trung Nhật,sv21131178@student.edu.vn,0950324801,STUDENT
21131179,123456,Võ Quốc Bảo,sv21131179@student.edu.vn,0957124637,STUDENT
21131180,123456,Tạ Ngọc Vinh,sv21131180@student.edu.vn,0972541095,STUDENT
21131181,123456,Hà Thanh Sơn,sv21131181@student.edu.vn,0922177475,STUDENT
21131182,123456,Cao Thanh Phát,sv21131182@student.edu.vn,0923564247,STUDENT
21131183,123456,Đinh Xuân Tâm,sv21131183@student.edu.vn,0970689409,STUDENT
21131184,123456,Tạ Kim Bảo,sv21131184@student.edu.vn,0972884059,STUDENT
21131185,123456,Trịnh Thanh Toàn,sv21131185@student.edu.vn,0991317850,STUDENT
21131186,123456,Vũ Văn Bảo,sv21131186@student.edu.vn,0956605068,STUDENT
21131187,123456,Ngô Bảo Hà,sv21131187@student.edu.vn,0967619621,STUDENT
21131188,123456,Dương Thanh Minh,sv21131188@student.edu.vn,0943605704,STUDENT
21131189,123456,Vũ Đức Đạt,sv21131189@student.edu.vn,0964760134,STUDENT
21131190,123456,Hoàng Hữu Trí,sv21131190@student.edu.vn,0929986807,STUDENT
21131191,123456,Nguyễn Gia Em,sv21131191@student.edu.vn,0916745583,STUDENT
21131192,123456,Lê Bảo Thắng,sv21131192@student.edu.vn,0996958619,STUDENT
21131193,123456,Trịnh Quốc Inh,sv21131193@student.edu.vn,0974745260,STUDENT
21131194,123456,Nguyễn Hải Oanh,sv21131194@student.edu.vn,0996445341,STUDENT
21131195,123456,Hoàng Quang Cường,sv21131195@student.edu.vn,0985417391,STUDENT
21131196,123456,Hồ Tuấn Trung,sv21131196@student.edu.vn,0939461176,STUDENT
21131197,123456,Hồ Minh Thảo,sv21131197@student.edu.vn,0996542679,STUDENT
21131198,123456,Lâm Thiện Inh,sv21131198@student.edu.vn,0928616394,STUDENT
21131199,123456,Vũ Trung Em,sv21131199@student.edu.vn,0936968995,STUDENT
21131200,123456,Võ Bảo Vinh,sv21131200@student.edu.vn,0931327885,STUDENT
21131201,123456,Tạ Kim Nhật,sv21131201@student.edu.vn,0982995913,STUDENT
21131202,123456,Mai Văn Vân,sv21131202@student.edu.vn,0996634284,STUDENT
21131203,123456,Lê Kim Xuân,sv21131203@student.edu.vn,0954685993,STUDENT
21131204,123456,Hoàng Gia An,sv21131204@student.edu.vn,0910038394,STUDENT
21131205,123456,Hà Xuân Hà,sv21131205@student.edu.vn,0961802983,STUDENT
21131206,123456,Lê Anh Minh,sv21131206@student.edu.vn,0948186459,STUDENT
21131207,123456,Đinh Thu Rạng,sv21131207@student.edu.vn,0968246536,STUDENT
21131208,123456,Lê Hoàng Thảo,sv21131208@student.edu.vn,0942865266,STUDENT
21131209,123456,Hà Hoàng Sơn,sv21131209@student.edu.vn,0918889919,STUDENT
21131210,123456,Hồ Anh Oanh,sv21131210@student.edu.vn,0910148915,STUDENT
21131211,123456,Bùi Nhật Xuân,sv21131211@student.edu.vn,0917209517,STUDENT
21131212,123456,Nguyễn Thanh Hương,sv21131212@student.edu.vn,0951174961,STUDENT
21131213,123456,Lê Hoàng Inh,sv21131213@student.edu.vn,0996109127,STUDENT
21131214,123456,Đặng Anh Uyên,sv21131214@student.edu.vn,0979475984,STUDENT
21131215,123456,Phan Ngọc Thành,sv21131215@student.edu.vn,0930626593,STUDENT
21131216,123456,Ngô Minh Phát,sv21131216@student.edu.vn,0945228337,STUDENT
21131217,123456,Vũ Duy Minh,sv21131217@student.edu.vn,0966112199,STUDENT
21131218,123456,Cao Văn Uyên,sv21131218@student.edu.vn,0935036510,STUDENT
21131219,123456,Lâm Tuấn Phong,sv21131219@student.edu.vn,0918122851,STUDENT
21131220,123456,Mai Ngọc Trang,sv21131220@student.edu.vn,0937579175,STUDENT
21131221,123456,Đặng Trung Trí,sv21131221@student.edu.vn,0925551505,STUDENT
21131222,123456,Bùi Quang Nam,sv21131222@student.edu.vn,0978474384,STUDENT
21131223,123456,Trần Thanh Phong,sv21131223@student.edu.vn,0958619288,STUDENT
21131224,123456,Vũ Kim Lộc,sv21131224@student.edu.vn,0915759910,STUDENT
21131225,123456,Đoàn Quang Bình,sv21131225@student.edu.vn,0979517538,STUDENT
21131226,123456,Trịnh Nhật Lan,sv21131226@student.edu.vn,0962382557,STUDENT
21131227,123456,Hà Quang Linh,sv21131227@student.edu.vn,0962974734,STUDENT
21131228,123456,Phan Bảo Trang,sv21131228@student.edu.vn,0952672026,STUDENT
21131229,123456,Đặng Thị Nhật,sv21131229@student.edu.vn,0920104009,STUDENT
21131230,123456,Võ Hải Phúc,sv21131230@student.edu.vn,0935803270,STUDENT
21131231,123456,Bùi Xuân Lan,sv21131231@student.edu.vn,0913046054,STUDENT
21131232,123456,Đặng Xuân Huy,sv21131232@student.edu.vn,0922687708,STUDENT
21131233,123456,Ngô Xuân An,sv21131233@student.edu.vn,0937813344,STUDENT
21131234,123456,Vũ Trung Phúc,sv21131234@student.edu.vn,0929754484,STUDENT
21131235,123456,Lâm Xuân Oanh,sv21131235@student.edu.vn,0969694986,STUDENT
21131236,123456,Hồ Thu Lan,sv21131236@student.edu.vn,0932256658,STUDENT
21131237,123456,Võ Phương Phát,sv21131237@student.edu.vn,0985015810,STUDENT
21131238,123456,Dương Quang Trinh,sv21131238@student.edu.vn,0973702268,STUDENT
21131239,123456,Hoàng Hoàng Phong,sv21131239@student.edu.vn,0977503375,STUDENT
21131240,123456,Lâm Bảo Huy,sv21131240@student.edu.vn,0941511920,STUDENT
21131241,123456,Đinh Nhật Giang,sv21131241@student.edu.vn,0973483789,STUDENT
21131242,123456,Phạm Quang An,sv21131242@student.edu.vn,0915522448,STUDENT
21131243,123456,Lâm Xuân Rạng,sv21131243@student.edu.vn,0990840672,STUDENT
21131244,123456,Phạm Thanh Nga,sv21131244@student.edu.vn,0920118173,STUDENT
21131245,123456,Đặng Gia Khoa,sv21131245@student.edu.vn,0974010557,STUDENT
21131246,123456,Tạ Hữu Khoa,sv21131246@student.edu.vn,0965746448,STUDENT
21131247,123456,Đặng Hồng Bình,sv21131247@student.edu.vn,0984821448,STUDENT
21131248,123456,Nguyễn Kim Hà,sv21131248@student.edu.vn,0922298276,STUDENT
21131249,123456,Đoàn Thu Sơn,sv21131249@student.edu.vn,0931555563,STUDENT
21131250,123456,Đỗ Hồng Uyên,sv21131250@student.edu.vn,0925859306,STUDENT
21131251,123456,Võ Ngọc Sơn,sv21131251@student.edu.vn,0987025131,STUDENT
21131252,123456,Tạ Thanh Sơn,sv21131252@student.edu.vn,0984083861,STUDENT
21131253,123456,Hà Duy Cường,sv21131253@student.edu.vn,0938365634,STUDENT
21131254,123456,Phan Thiện Duy,sv21131254@student.edu.vn,0929504963,STUDENT
21131255,123456,Trịnh Duy Vân,sv21131255@student.edu.vn,0967079033,STUDENT
21131256,123456,Lý Hoàng Lan,sv21131256@student.edu.vn,0933484268,STUDENT
21131257,123456,Phan Văn Huy,sv21131257@student.edu.vn,0941680670,STUDENT
21131258,123456,Trịnh Tuấn Phúc,sv21131258@student.edu.vn,0993596243,STUDENT
21131259,123456,Hoàng Kim Thảo,sv21131259@student.edu.vn,0992012688,STUDENT
21131260,123456,Phan Bảo Linh,sv21131260@student.edu.vn,0937588566,STUDENT
21131261,123456,Lâm Gia Hùng,sv21131261@student.edu.vn,0958567870,STUDENT
21131262,123456,Lê Hữu Hương,sv21131262@student.edu.vn,0953099323,STUDENT
21131263,123456,Ngô Xuân Khánh,sv21131263@student.edu.vn,0962191094,STUDENT
21131264,123456,Hoàng Tuấn Hương,sv21131264@student.edu.vn,0997226815,STUDENT
21131265,123456,Vũ Thu Inh,sv21131265@student.edu.vn,0971335763,STUDENT
21131266,123456,Lê Thiện Thành,sv21131266@student.edu.vn,0978577525,STUDENT
21131267,123456,Ngô Xuân Linh,sv21131267@student.edu.vn,0910256390,STUDENT
21131268,123456,Lâm Trung Nhật,sv21131268@student.edu.vn,0947541137,STUDENT
21131269,123456,Lê Kim Sơn,sv21131269@student.edu.vn,0973131896,STUDENT
21131270,123456,Phan Quang Vinh,sv21131270@student.edu.vn,0913543720,STUDENT
21131271,123456,Đoàn Minh Thành,sv21131271@student.edu.vn,0980317011,STUDENT
21131272,123456,Tạ Kim Khoa,sv21131272@student.edu.vn,0962042998,STUDENT
21131273,123456,Huỳnh Tuấn Em,sv21131273@student.edu.vn,0951905848,STUDENT
21131274,123456,Đỗ Bảo Tài,sv21131274@student.edu.vn,0926521347,STUDENT
21131275,123456,Đinh Quang An,sv21131275@student.edu.vn,0982299456,STUDENT
21131276,123456,Đỗ Thu Trí,sv21131276@student.edu.vn,0910834471,STUDENT
21131277,123456,Tạ Thanh Tài,sv21131277@student.edu.vn,0926198717,STUDENT
21131278,123456,Đoàn Hải Bình,sv21131278@student.edu.vn,0911559415,STUDENT
21131279,123456,Lý Ngọc Trí,sv21131279@student.edu.vn,0988836818,STUDENT
21131280,123456,Phạm Quang Em,sv21131280@student.edu.vn,0983624783,STUDENT
21131281,123456,Huỳnh Ngọc Bình,sv21131281@student.edu.vn,0939848872,STUDENT
21131282,123456,Võ Hồng Quân,sv21131282@student.edu.vn,0956187240,STUDENT
21131283,123456,Lý Tuấn Kiệt,sv21131283@student.edu.vn,0918107499,STUDENT
21131284,123456,Bùi Gia Long,sv21131284@student.edu.vn,0998297567,STUDENT
21131285,123456,Võ Gia Trang,sv21131285@student.edu.vn,0929899377,STUDENT
21131286,123456,Võ Gia Em,sv21131286@student.edu.vn,0982642953,STUDENT
21131287,123456,Ngô Minh Trinh,sv21131287@student.edu.vn,0987772229,STUDENT
21131288,123456,Nguyễn Anh Tùng,sv21131288@student.edu.vn,0934443108,STUDENT
21131289,123456,Cao Ngọc Oanh,sv21131289@student.edu.vn,0978327806,STUDENT
21131290,123456,Hoàng Thu An,sv21131290@student.edu.vn,0971171952,STUDENT
21131291,123456,Hồ Quốc An,sv21131291@student.edu.vn,0945986621,STUDENT
21131292,123456,Ngô Thị Huy,sv21131292@student.edu.vn,0986915110,STUDENT
21131293,123456,Huỳnh Ngọc Thảo,sv21131293@student.edu.vn,0995723358,STUDENT
21131294,123456,Lâm Thiện Tài,sv21131294@student.edu.vn,0963584725,STUDENT
21131295,123456,Tạ Thanh Xuân,sv21131295@student.edu.vn,0922747314,STUDENT
21131296,123456,Dương Hữu Nam,sv21131296@student.edu.vn,0973701698,STUDENT
21131297,123456,Lâm Anh Trang,sv21131297@student.edu.vn,0949030066,STUDENT
21131298,123456,Hà Xuân Tùng,sv21131298@student.edu.vn,0985665726,STUDENT
21131299,123456,Đặng Hữu Nhật,sv21131299@student.edu.vn,0957627724,STUDENT
21131300,123456,Hồ Bảo Oanh,sv21131300@student.edu.vn,0964177580,STUDENT
21131301,123456,Lâm Văn Em,sv21131301@student.edu.vn,0943403526,STUDENT
21131302,123456,Phạm Bảo An,sv21131302@student.edu.vn,0913770786,STUDENT
21131303,123456,Lâm Hoàng Phong,sv21131303@student.edu.vn,0924221153,STUDENT
21131304,123456,Lê Anh Tùng,sv21131304@student.edu.vn,0937698534,STUDENT
21131305,123456,Đinh Nhật Inh,sv21131305@student.edu.vn,0943715611,STUDENT
21131306,123456,Đinh Thanh Xuân,sv21131306@student.edu.vn,0986749453,STUDENT
21131307,123456,Đỗ Xuân Nga,sv21131307@student.edu.vn,0948454788,STUDENT
21131308,123456,Trịnh Hồng Duy,sv21131308@student.edu.vn,0921874050,STUDENT
21131309,123456,Phan Hải Xuân,sv21131309@student.edu.vn,0961229265,STUDENT
21131310,123456,Lý Trung Hiếu,sv21131310@student.edu.vn,0957712043,STUDENT
21131311,123456,Võ Trung Vinh,sv21131311@student.edu.vn,0935836422,STUDENT
21131312,123456,Cao Anh Nam,sv21131312@student.edu.vn,0911345258,STUDENT
21131313,123456,Trịnh Thanh Hiếu,sv21131313@student.edu.vn,0994500126,STUDENT
21131314,123456,Lý Gia Uyên,sv21131314@student.edu.vn,0968003953,STUDENT
21131315,123456,Hà Kim Huy,sv21131315@student.edu.vn,0954561923,STUDENT
21131316,123456,Trần Quốc Sơn,sv21131316@student.edu.vn,0990532659,STUDENT
21131317,123456,Ngô Hồng Nga,sv21131317@student.edu.vn,0932463693,STUDENT
21131318,123456,Lý Xuân Tài,sv21131318@student.edu.vn,0972418259,STUDENT
21131319,123456,Ngô Trung Tùng,sv21131319@student.edu.vn,0917617941,STUDENT
21131320,123456,Bùi Kim Oanh,sv21131320@student.edu.vn,0915570938,STUDENT
21131321,123456,Phan Gia Quân,sv21131321@student.edu.vn,0973627416,STUDENT
21131322,123456,Đỗ Quang Hùng,sv21131322@student.edu.vn,0986114208,STUDENT
21131323,123456,Mai Quang Thành,sv21131323@student.edu.vn,0996902749,STUDENT
21131324,123456,Lý Hải Trung,sv21131324@student.edu.vn,0964680466,STUDENT
21131325,123456,Huỳnh Nhật Phúc,sv21131325@student.edu.vn,0997730958,STUDENT
21131326,123456,Cao Hải Thảo,sv21131326@student.edu.vn,0981283086,STUDENT
21131327,123456,Hồ Anh Vinh,sv21131327@student.edu.vn,0961530091,STUDENT
21131328,123456,Võ Thanh Hà,sv21131328@student.edu.vn,0921613432,STUDENT
21131329,123456,Lê Ngọc Thảo,sv21131329@student.edu.vn,0937380139,STUDENT
21131330,123456,Cao Hồng Vân,sv21131330@student.edu.vn,0950354693,STUDENT
21131331,123456,Phan Văn Nam,sv21131331@student.edu.vn,0987571164,STUDENT
21131332,123456,Đoàn Tuấn Inh,sv21131332@student.edu.vn,0931218601,STUDENT
21131333,123456,Đoàn Thu Sơn,sv21131333@student.edu.vn,0969295003,STUDENT
21131334,123456,Đinh Hoàng Khánh,sv21131334@student.edu.vn,0919346522,STUDENT
21131335,123456,Mai Tuấn Lan,sv21131335@student.edu.vn,0968383191,STUDENT
21131336,123456,Huỳnh Gia Nhật,sv21131336@student.edu.vn,0925187820,STUDENT
21131337,123456,Nguyễn Hải Rạng,sv21131337@student.edu.vn,0911024994,STUDENT
21131338,123456,Hoàng Anh Quân,sv21131338@student.edu.vn,0988409990,STUDENT
21131339,123456,Hồ Hồng Lan,sv21131339@student.edu.vn,0944051440,STUDENT
21131340,123456,Huỳnh Đức Tùng,sv21131340@student.edu.vn,0947991297,STUDENT
21131341,123456,Dương Hữu Nam,sv21131341@student.edu.vn,0991927861,STUDENT
21131342,123456,Mai Thiện Hà,sv21131342@student.edu.vn,0926921991,STUDENT
21131343,123456,Lâm Hồng Tâm,sv21131343@student.edu.vn,0943315328,STUDENT
21131344,123456,Lâm Thanh Linh,sv21131344@student.edu.vn,0957843509,STUDENT
21131345,123456,Cao Thiện Tùng,sv21131345@student.edu.vn,0996092045,STUDENT
21131346,123456,Đặng Thu Duy,sv21131346@student.edu.vn,0947071656,STUDENT
21131347,123456,Mai Anh Trung,sv21131347@student.edu.vn,0984597595,STUDENT
21131348,123456,Bùi Thiện Uyên,sv21131348@student.edu.vn,0965574005,STUDENT
21131349,123456,Võ Thiện Vinh,sv21131349@student.edu.vn,0981778206,STUDENT
21131350,123456,Trần Gia Thành,sv21131350@student.edu.vn,0967882046,STUDENT
21131351,123456,Tạ Xuân Trinh,sv21131351@student.edu.vn,0983221182,STUDENT
21131352,123456,Đinh Quốc Khoa,sv21131352@student.edu.vn,0948141233,STUDENT
21131353,123456,Nguyễn Xuân Kiệt,sv21131353@student.edu.vn,0932633961,STUDENT
21131354,123456,Trịnh Trung Giang,sv21131354@student.edu.vn,0920196537,STUDENT
21131355,123456,Đoàn Thiện Phát,sv21131355@student.edu.vn,0914330046,STUDENT
21131356,123456,Phan Phương Uyên,sv21131356@student.edu.vn,0916241606,STUDENT
21131357,123456,Đặng Hoàng Kiệt,sv21131357@student.edu.vn,0952367497,STUDENT
21131358,123456,Phan Xuân Hà,sv21131358@student.edu.vn,0944267979,STUDENT
21131359,123456,Lâm Kim Lộc,sv21131359@student.edu.vn,0951458910,STUDENT
21131360,123456,Võ Anh Thảo,sv21131360@student.edu.vn,0945713419,STUDENT
21131361,123456,Lâm Phương Uyên,sv21131361@student.edu.vn,0930530270,STUDENT
21131362,123456,Mai Phương Tâm,sv21131362@student.edu.vn,0970924687,STUDENT
21131363,123456,Võ Hữu Vinh,sv21131363@student.edu.vn,0989026952,STUDENT
21131364,123456,Lê Minh Tâm,sv21131364@student.edu.vn,0918661535,STUDENT
21131365,123456,Vũ Bảo Rạng,sv21131365@student.edu.vn,0940158265,STUDENT
21131366,123456,Ngô Gia Khoa,sv21131366@student.edu.vn,0957472297,STUDENT
21131367,123456,Vũ Phương Uyên,sv21131367@student.edu.vn,0945869504,STUDENT
21131368,123456,Hồ Duy Cường,sv21131368@student.edu.vn,0963707644,STUDENT
21131369,123456,Đoàn Kim Đạt,sv21131369@student.edu.vn,0936316829,STUDENT
21131370,123456,Bùi Hoàng Vân,sv21131370@student.edu.vn,0965499816,STUDENT
21131371,123456,Nguyễn Nhật Giang,sv21131371@student.edu.vn,0996546985,STUDENT
21131372,123456,Ngô Hải Hương,sv21131372@student.edu.vn,0916260624,STUDENT
21131373,123456,Phan Tuấn Giang,sv21131373@student.edu.vn,0968777391,STUDENT
21131374,123456,Nguyễn Nhật Trang,sv21131374@student.edu.vn,0956959566,STUDENT
21131375,123456,Vũ Duy Thắng,sv21131375@student.edu.vn,0958900153,STUDENT
21131376,123456,Đinh Thu Giang,sv21131376@student.edu.vn,0998650856,STUDENT
21131377,123456,Lê Đức Bình,sv21131377@student.edu.vn,0987285586,STUDENT
21131378,123456,Ngô Tuấn Giang,sv21131378@student.edu.vn,0946978477,STUDENT
21131379,123456,Đỗ Minh Hương,sv21131379@student.edu.vn,0950408641,STUDENT
21131380,123456,Ngô Thu Hùng,sv21131380@student.edu.vn,0921997966,STUDENT
21131381,123456,Vũ Quốc Uyên,sv21131381@student.edu.vn,0969430913,STUDENT
21131382,123456,Võ Duy An,sv21131382@student.edu.vn,0938247612,STUDENT
21131383,123456,Lý Xuân Lan,sv21131383@student.edu.vn,0919699499,STUDENT
21131384,123456,Phan Thanh Lộc,sv21131384@student.edu.vn,0912182446,STUDENT
21131385,123456,Phạm Duy Tài,sv21131385@student.edu.vn,0973066671,STUDENT
21131386,123456,Dương Văn Đạt,sv21131386@student.edu.vn,0919318604,STUDENT
21131387,123456,Bùi Hữu Cường,sv21131387@student.edu.vn,0944470640,STUDENT
21131388,123456,Hồ Văn Nam,sv21131388@student.edu.vn,0976425768,STUDENT
21131389,123456,Phan Anh Đạt,sv21131389@student.edu.vn,0935381699,STUDENT
21131390,123456,Phạm Đức Yến,sv21131390@student.edu.vn,0955043532,STUDENT
21131391,123456,Cao Nhật Tùng,sv21131391@student.edu.vn,0975897248,STUDENT
21131392,123456,Vũ Văn Khánh,sv21131392@student.edu.vn,0915072380,STUDENT
21131393,123456,Tạ Hoàng Bảo,sv21131393@student.edu.vn,0942714876,STUDENT
21131394,123456,Hồ Hồng Hà,sv21131394@student.edu.vn,0971128758,STUDENT
21131395,123456,Đỗ Kim Trang,sv21131395@student.edu.vn,0975188620,STUDENT
21131396,123456,Lý Quốc Lan,sv21131396@student.edu.vn,0990238790,STUDENT
21131397,123456,Trịnh Kim Inh,sv21131397@student.edu.vn,0919200874,STUDENT
21131398,123456,Hồ Thanh Đạt,sv21131398@student.edu.vn,0957363038,STUDENT
21131399,123456,Lâm Anh Bình,sv21131399@student.edu.vn,0962105238,STUDENT
21131400,123456,Đỗ Duy Tâm,sv21131400@student.edu.vn,0983239545,STUDENT
21131401,123456,Võ Trung Kiệt,sv21131401@student.edu.vn,0990490433,STUDENT
21131402,123456,Nguyễn Trung Cường,sv21131402@student.edu.vn,0956916374,STUDENT
21131403,123456,Cao Đức Hùng,sv21131403@student.edu.vn,0929726799,STUDENT
21131404,123456,Dương Thị Vân,sv21131404@student.edu.vn,0953823323,STUDENT
21131405,123456,Lý Thanh Inh,sv21131405@student.edu.vn,0968990136,STUDENT
21131406,123456,Cao Duy Tùng,sv21131406@student.edu.vn,0930662613,STUDENT
21131407,123456,Lê Văn Thảo,sv21131407@student.edu.vn,0941275797,STUDENT
21131408,123456,Võ Đức Hùng,sv21131408@student.edu.vn,0967268257,STUDENT
21131409,123456,Hà Thu Cường,sv21131409@student.edu.vn,0986884678,STUDENT
21131410,123456,Mai Hồng Trang,sv21131410@student.edu.vn,0943643278,STUDENT
21131411,123456,Bùi Bảo Đạt,sv21131411@student.edu.vn,0922975227,STUDENT
21131412,123456,Mai Hải Phúc,sv21131412@student.edu.vn,0998080439,STUDENT
21131413,123456,Trịnh Duy Khoa,sv21131413@student.edu.vn,0937515240,STUDENT
21131414,123456,Dương Quốc Minh,sv21131414@student.edu.vn,0991908378,STUDENT
21131415,123456,Hoàng Hữu Trang,sv21131415@student.edu.vn,0978971845,STUDENT
21131416,123456,Dương Bảo Phát,sv21131416@student.edu.vn,0989313601,STUDENT
21131417,123456,Trịnh Minh Bình,sv21131417@student.edu.vn,0915111156,STUDENT
21131418,123456,Nguyễn Thiện Rạng,sv21131418@student.edu.vn,0933458489,STUDENT
21131419,123456,Hà Đức Thảo,sv21131419@student.edu.vn,0955648172,STUDENT
21131420,123456,Đặng Bảo Vân,sv21131420@student.edu.vn,0963269847,STUDENT
21131421,123456,Đặng Tuấn Cường,sv21131421@student.edu.vn,0976135370,STUDENT
21131422,123456,Ngô Văn Rạng,sv21131422@student.edu.vn,0978320319,STUDENT
21131423,123456,Tạ Kim Nhật,sv21131423@student.edu.vn,0971398936,STUDENT
21131424,123456,Dương Đức Quân,sv21131424@student.edu.vn,0995303515,STUDENT
21131425,123456,Phạm Hồng Rạng,sv21131425@student.edu.vn,0992138121,STUDENT
21131426,123456,Bùi Quốc Trang,sv21131426@student.edu.vn,0988455057,STUDENT
21131427,123456,Mai Quốc Vân,sv21131427@student.edu.vn,0978762401,STUDENT
21131428,123456,Lý Thu Yến,sv21131428@student.edu.vn,0924927651,STUDENT
21131429,123456,Bùi Gia Rạng,sv21131429@student.edu.vn,0941617505,STUDENT
21131430,123456,Hoàng Thị Hà,sv21131430@student.edu.vn,0952565279,STUDENT
21131431,123456,Huỳnh Hải Trung,sv21131431@student.edu.vn,0996217131,STUDENT
21131432,123456,Ngô Xuân Tâm,sv21131432@student.edu.vn,0974906223,STUDENT
21131433,123456,Hồ Quang Minh,sv21131433@student.edu.vn,0991508383,STUDENT
21131434,123456,Vũ Minh Khoa,sv21131434@student.edu.vn,0946926166,STUDENT
21131435,123456,Mai Ngọc Giang,sv21131435@student.edu.vn,0911340316,STUDENT
21131436,123456,Đinh Anh Nga,sv21131436@student.edu.vn,0940915810,STUDENT
21131437,123456,Lâm Xuân Nga,sv21131437@student.edu.vn,0926631224,STUDENT
21131438,123456,Lý Kim Bảo,sv21131438@student.edu.vn,0937784499,STUDENT
21131439,123456,Bùi Thiện Vân,sv21131439@student.edu.vn,0941852475,STUDENT
21131440,123456,Đỗ Minh Xuân,sv21131440@student.edu.vn,0957346115,STUDENT
21131441,123456,Phạm Tuấn Phong,sv21131441@student.edu.vn,0916540180,STUDENT
21131442,123456,Võ Thiện Nam,sv21131442@student.edu.vn,0951725448,STUDENT
21131443,123456,Dương Gia Nhật,sv21131443@student.edu.vn,0938702286,STUDENT
21131444,123456,Võ Thiện Phong,sv21131444@student.edu.vn,0930513153,STUDENT
21131445,123456,Hoàng Đức Nga,sv21131445@student.edu.vn,0988432654,STUDENT
21131446,123456,Mai Bảo Kiệt,sv21131446@student.edu.vn,0980382414,STUDENT
21131447,123456,Lâm Xuân Kiệt,sv21131447@student.edu.vn,0995456886,STUDENT
21131448,123456,Phạm Quốc Thành,sv21131448@student.edu.vn,0957195934,STUDENT
21131449,123456,Trịnh Thu Vân,sv21131449@student.edu.vn,0919583550,STUDENT
21131450,123456,Nguyễn Trung Hiếu,sv21131450@student.edu.vn,0943013766,STUDENT
21131451,123456,Đinh Quang Uyên,sv21131451@student.edu.vn,0972994384,STUDENT
21131452,123456,Đinh Duy Tài,sv21131452@student.edu.vn,0910181740,STUDENT
21131453,123456,Phạm Xuân Phát,sv21131453@student.edu.vn,0964973980,STUDENT
21131454,123456,Hoàng Thanh Long,sv21131454@student.edu.vn,0921370878,STUDENT
21131455,123456,Huỳnh Duy Kiệt,sv21131455@student.edu.vn,0929131106,STUDENT
21131456,123456,Nguyễn Duy Yến,sv21131456@student.edu.vn,0993797573,STUDENT
21131457,123456,Đỗ Tuấn Oanh,sv21131457@student.edu.vn,0988656665,STUDENT
21131458,123456,Trần Thiện Em,sv21131458@student.edu.vn,0976678616,STUDENT
21131459,123456,Trần Bảo Hùng,sv21131459@student.edu.vn,0969477176,STUDENT
21131460,123456,Võ Thị Phong,sv21131460@student.edu.vn,0992286809,STUDENT
21131461,123456,Hồ Hồng Long,sv21131461@student.edu.vn,0958916838,STUDENT
21131462,123456,Trịnh Đức Trang,sv21131462@student.edu.vn,0914007532,STUDENT
21131463,123456,Lâm Nhật Em,sv21131463@student.edu.vn,0985631120,STUDENT
21131464,123456,Đoàn Xuân Giang,sv21131464@student.edu.vn,0922290796,STUDENT
21131465,123456,Hoàng Hồng Hiếu,sv21131465@student.edu.vn,0949899326,STUDENT
21131466,123456,Mai Văn Yến,sv21131466@student.edu.vn,0988934880,STUDENT
21131467,123456,Dương Hoàng Trí,sv21131467@student.edu.vn,0934468373,STUDENT
21131468,123456,Hoàng Kim Hiếu,sv21131468@student.edu.vn,0932789835,STUDENT
21131469,123456,Dương Hữu Nam,sv21131469@student.edu.vn,0911778838,STUDENT
21131470,123456,Trần Xuân Trung,sv21131470@student.edu.vn,0922120305,STUDENT
21131471,123456,Hồ Thị Nhật,sv21131471@student.edu.vn,0985256370,STUDENT
21131472,123456,Trịnh Xuân Hùng,sv21131472@student.edu.vn,0987074291,STUDENT
21131473,123456,Đinh Ngọc Inh,sv21131473@student.edu.vn,0916720416,STUDENT
21131474,123456,Dương Thu Nam,sv21131474@student.edu.vn,0940730039,STUDENT
21131475,123456,Hoàng Nhật Khoa,sv21131475@student.edu.vn,0968636450,STUDENT
21131476,123456,Hà Hữu Hương,sv21131476@student.edu.vn,0933772350,STUDENT
21131477,123456,Hà Hoàng Minh,sv21131477@student.edu.vn,0961414580,STUDENT
21131478,123456,Hoàng Hoàng Lộc,sv21131478@student.edu.vn,0918451549,STUDENT
21131479,123456,Tạ Hồng Tâm,sv21131479@student.edu.vn,0948525240,STUDENT
21131480,123456,Phạm Hoàng Duy,sv21131480@student.edu.vn,0962876105,STUDENT
21131481,123456,Hà Tuấn Trinh,sv21131481@student.edu.vn,0915961318,STUDENT
21131482,123456,Nguyễn Hải Phong,sv21131482@student.edu.vn,0939474368,STUDENT
21131483,123456,Lâm Ngọc An,sv21131483@student.edu.vn,0929351843,STUDENT
21131484,123456,Trần Quang Thắng,sv21131484@student.edu.vn,0920786609,STUDENT
21131485,123456,Lê Xuân Bình,sv21131485@student.edu.vn,0959485464,STUDENT
21131486,123456,Võ Duy Sơn,sv21131486@student.edu.vn,0965351969,STUDENT
21131487,123456,Đinh Thu Kiệt,sv21131487@student.edu.vn,0973093878,STUDENT
21131488,123456,Tạ Hải Em,sv21131488@student.edu.vn,0991645404,STUDENT
21131489,123456,Hoàng Quốc Thắng,sv21131489@student.edu.vn,0959041564,STUDENT
21131490,123456,Phan Phương Khánh,sv21131490@student.edu.vn,0973725315,STUDENT
21131491,123456,Dương Nhật Toàn,sv21131491@student.edu.vn,0971086566,STUDENT
21131492,123456,Mai Nhật An,sv21131492@student.edu.vn,0966527757,STUDENT
21131493,123456,Huỳnh Văn Nam,sv21131493@student.edu.vn,0946494473,STUDENT
21131494,123456,Cao Văn Hà,sv21131494@student.edu.vn,0918491326,STUDENT
21131495,123456,Lý Hoàng An,sv21131495@student.edu.vn,0937410638,STUDENT
21131496,123456,Hồ Kim Hà,sv21131496@student.edu.vn,0924298337,STUDENT
21131497,123456,Hoàng Ngọc Kiệt,sv21131497@student.edu.vn,0955873329,STUDENT
21131498,123456,Bùi Quang An,sv21131498@student.edu.vn,0911844756,STUDENT
21131499,123456,Ngô Bảo Kiệt,sv21131499@student.edu.vn,0939860752,STUDENT
21131500,123456,Hà Thị Hùng,sv21131500@student.edu.vn,0942737141,STUDENT
21131501,123456,Trịnh Ngọc Hương,sv21131501@student.edu.vn,0955599647,STUDENT
21131502,123456,Võ Nhật Phong,sv21131502@student.edu.vn,0940289234,STUDENT
21131503,123456,Ngô Trung Bình,sv21131503@student.edu.vn,0976897377,STUDENT
21131504,123456,Lâm Trung An,sv21131504@student.edu.vn,0980108028,STUDENT
21131505,123456,Mai Thanh Quân,sv21131505@student.edu.vn,0959819539,STUDENT
21131506,123456,Bùi Xuân Xuân,sv21131506@student.edu.vn,0910574314,STUDENT
21131507,123456,Dương Bảo An,sv21131507@student.edu.vn,0939071762,STUDENT
21131508,123456,Trần Hồng Phúc,sv21131508@student.edu.vn,0994492778,STUDENT
21131509,123456,Huỳnh Phương Tâm,sv21131509@student.edu.vn,0923553537,STUDENT
21131510,123456,Lê Hoàng Linh,sv21131510@student.edu.vn,0976879029,STUDENT
21131511,123456,Võ Tuấn Bình,sv21131511@student.edu.vn,0995356966,STUDENT
21131512,123456,Tạ Ngọc Huy,sv21131512@student.edu.vn,0971996308,STUDENT
21131513,123456,Dương Hải Rạng,sv21131513@student.edu.vn,0989045017,STUDENT
21131514,123456,Cao Tuấn Trí,sv21131514@student.edu.vn,0947816333,STUDENT
21131515,123456,Đoàn Minh Uyên,sv21131515@student.edu.vn,0918847011,STUDENT
21131516,123456,Phạm Trung Quân,sv21131516@student.edu.vn,0970571994,STUDENT
21131517,123456,Lê Đức Bình,sv21131517@student.edu.vn,0930019997,STUDENT
21131518,123456,Hà Phương Yến,sv21131518@student.edu.vn,0986788391,STUDENT
21131519,123456,Tạ Hoàng Sơn,sv21131519@student.edu.vn,0953007344,STUDENT
21131520,123456,Huỳnh Tuấn Giang,sv21131520@student.edu.vn,0970481112,STUDENT
21131521,123456,Lý Duy Tài,sv21131521@student.edu.vn,0985035751,STUDENT
21131522,123456,Mai Tuấn Trung,sv21131522@student.edu.vn,0911884055,STUDENT
21131523,123456,Bùi Kim Trinh,sv21131523@student.edu.vn,0949138972,STUDENT
21131524,123456,Lâm Minh Tâm,sv21131524@student.edu.vn,0923525587,STUDENT
21131525,123456,Trần Xuân Vinh,sv21131525@student.edu.vn,0936083654,STUDENT
21131526,123456,Bùi Thanh Phong,sv21131526@student.edu.vn,0928107277,STUDENT
21131527,123456,Lê Phương Phong,sv21131527@student.edu.vn,0969723656,STUDENT
21131528,123456,Lê Duy Phong,sv21131528@student.edu.vn,0972833137,STUDENT
21131529,123456,Đinh Ngọc Trinh,sv21131529@student.edu.vn,0956060241,STUDENT
21131530,123456,Bùi Thiện Bảo,sv21131530@student.edu.vn,0944840838,STUDENT
21131531,123456,Phạm Bảo Cường,sv21131531@student.edu.vn,0950518244,STUDENT
21131532,123456,Trần Thiện Đạt,sv21131532@student.edu.vn,0964887926,STUDENT
21131533,123456,Hoàng Văn Khánh,sv21131533@student.edu.vn,0988125655,STUDENT
21131534,123456,Lý Thanh Khánh,sv21131534@student.edu.vn,0929545453,STUDENT
21131535,123456,Hoàng Duy Lộc,sv21131535@student.edu.vn,0969411526,STUDENT
21131536,123456,Vũ Duy Trang,sv21131536@student.edu.vn,0922275078,STUDENT
21131537,123456,Phạm Ngọc Nga,sv21131537@student.edu.vn,0924242172,STUDENT
21131538,123456,Dương Đức Trang,sv21131538@student.edu.vn,0925553901,STUDENT
21131539,123456,Trần Thị Uyên,sv21131539@student.edu.vn,0914984795,STUDENT
21131540,123456,Huỳnh Thiện Rạng,sv21131540@student.edu.vn,0950766571,STUDENT
21131541,123456,Phạm Tuấn Bảo,sv21131541@student.edu.vn,0987652783,STUDENT
21131542,123456,Phan Gia Khánh,sv21131542@student.edu.vn,0975490163,STUDENT
21131543,123456,Mai Nhật Hương,sv21131543@student.edu.vn,0926399723,STUDENT
21131544,123456,Ngô Anh Kiệt,sv21131544@student.edu.vn,0978508956,STUDENT
21131545,123456,Huỳnh Gia Thắng,sv21131545@student.edu.vn,0939449358,STUDENT
21131546,123456,Đặng Hữu Minh,sv21131546@student.edu.vn,0978914879,STUDENT
21131547,123456,Hồ Quốc Em,sv21131547@student.edu.vn,0993508204,STUDENT
21131548,123456,Bùi Anh Khánh,sv21131548@student.edu.vn,0922350224,STUDENT
21131549,123456,Lê Hải Thảo,sv21131549@student.edu.vn,0932836027,STUDENT
21131550,123456,Lâm Thiện Trinh,sv21131550@student.edu.vn,0997871411,STUDENT
21131551,123456,Bùi Phương Tài,sv21131551@student.edu.vn,0969076511,STUDENT
21131552,123456,Hồ Văn Long,sv21131552@student.edu.vn,0959304540,STUDENT
21131553,123456,Phan Hải Thảo,sv21131553@student.edu.vn,0975048701,STUDENT
21131554,123456,Mai Quốc Yến,sv21131554@student.edu.vn,0919104177,STUDENT
21131555,123456,Võ Thanh Minh,sv21131555@student.edu.vn,0914640231,STUDENT
21131556,123456,Phan Thiện Quân,sv21131556@student.edu.vn,0911008264,STUDENT
21131557,123456,Võ Tuấn Long,sv21131557@student.edu.vn,0986458896,STUDENT
21131558,123456,Dương Quốc Bình,sv21131558@student.edu.vn,0997776146,STUDENT
21131559,123456,Đỗ Duy Thành,sv21131559@student.edu.vn,0913347990,STUDENT
21131560,123456,Mai Đức Thắng,sv21131560@student.edu.vn,0970897004,STUDENT
21131561,123456,Tạ Bảo Bảo,sv21131561@student.edu.vn,0923317121,STUDENT
21131562,123456,Nguyễn Minh Tùng,sv21131562@student.edu.vn,0999629858,STUDENT
21131563,123456,Tạ Xuân Vinh,sv21131563@student.edu.vn,0994415430,STUDENT
21131564,123456,Huỳnh Duy Uyên,sv21131564@student.edu.vn,0929266770,STUDENT
21131565,123456,Hà Thị Vinh,sv21131565@student.edu.vn,0980081084,STUDENT
21131566,123456,Tạ Anh Lan,sv21131566@student.edu.vn,0981439769,STUDENT
21131567,123456,Cao Quốc Thắng,sv21131567@student.edu.vn,0948963133,STUDENT
21131568,123456,Hoàng Hữu Trang,sv21131568@student.edu.vn,0985337018,STUDENT
21131569,123456,Hồ Quang Thành,sv21131569@student.edu.vn,0998372097,STUDENT
21131570,123456,Mai Kim Sơn,sv21131570@student.edu.vn,0927602979,STUDENT
21131571,123456,Đinh Duy Trung,sv21131571@student.edu.vn,0913470052,STUDENT
21131572,123456,Bùi Thiện Lộc,sv21131572@student.edu.vn,0960086139,STUDENT
21131573,123456,Hà Hoàng Thành,sv21131573@student.edu.vn,0939880131,STUDENT
21131574,123456,Trần Tuấn Oanh,sv21131574@student.edu.vn,0917400333,STUDENT
21131575,123456,Trịnh Kim Xuân,sv21131575@student.edu.vn,0944545897,STUDENT
21131576,123456,Phan Ngọc Thảo,sv21131576@student.edu.vn,0937769098,STUDENT
21131577,123456,Hà Văn Tài,sv21131577@student.edu.vn,0974945086,STUDENT
21131578,123456,Dương Phương Oanh,sv21131578@student.edu.vn,0919027809,STUDENT
21131579,123456,Dương Quốc Kiệt,sv21131579@student.edu.vn,0925876272,STUDENT
21131580,123456,Huỳnh Trung Minh,sv21131580@student.edu.vn,0966564365,STUDENT
21131581,123456,Võ Xuân Long,sv21131581@student.edu.vn,0985605657,STUDENT
21131582,123456,Bùi Tuấn Minh,sv21131582@student.edu.vn,0943878111,STUDENT
21131583,123456,Cao Thị Trinh,sv21131583@student.edu.vn,0962665656,STUDENT
21131584,123456,Nguyễn Quốc Oanh,sv21131584@student.edu.vn,0982485488,STUDENT
21131585,123456,Tạ Gia Nam,sv21131585@student.edu.vn,0992165588,STUDENT
21131586,123456,Đoàn Nhật Minh,sv21131586@student.edu.vn,0949802261,STUDENT
21131587,123456,Hoàng Minh Phong,sv21131587@student.edu.vn,0943534126,STUDENT
21131588,123456,Cao Duy Rạng,sv21131588@student.edu.vn,0980224254,STUDENT
21131589,123456,Võ Phương Quân,sv21131589@student.edu.vn,0938257980,STUDENT
21131590,123456,Võ Thanh Em,sv21131590@student.edu.vn,0945776010,STUDENT
21131591,123456,Lê Gia Inh,sv21131591@student.edu.vn,0963357755,STUDENT
21131592,123456,Hồ Hữu Phúc,sv21131592@student.edu.vn,0958370682,STUDENT
21131593,123456,Hoàng Tuấn Long,sv21131593@student.edu.vn,0948475925,STUDENT
21131594,123456,Phan Tuấn Trí,sv21131594@student.edu.vn,0968863655,STUDENT
21131595,123456,Dương Anh Xuân,sv21131595@student.edu.vn,0971957123,STUDENT
21131596,123456,Cao Thị Oanh,sv21131596@student.edu.vn,0943162912,STUDENT
21131597,123456,Trịnh Bảo Em,sv21131597@student.edu.vn,0937173007,STUDENT
21131598,123456,Cao Ngọc Hà,sv21131598@student.edu.vn,0997668726,STUDENT
21131599,123456,Dương Hồng Nam,sv21131599@student.edu.vn,0932222076,STUDENT
21131600,123456,Tạ Trung Trinh,sv21131600@student.edu.vn,0956005281,STUDENT
21131601,123456,Vũ Đức Khánh,sv21131601@student.edu.vn,0980313524,STUDENT
21131602,123456,Hà Gia Duy,sv21131602@student.edu.vn,0974684470,STUDENT
21131603,123456,Mai Tuấn Uyên,sv21131603@student.edu.vn,0938180699,STUDENT
21131604,123456,Cao Nhật Yến,sv21131604@student.edu.vn,0971322838,STUDENT
21131605,123456,Trần Thị Toàn,sv21131605@student.edu.vn,0958005440,STUDENT
21131606,123456,Hồ Trung Yến,sv21131606@student.edu.vn,0917476233,STUDENT
21131607,123456,Hồ Hoàng Oanh,sv21131607@student.edu.vn,0986944908,STUDENT
21131608,123456,Dương Trung Inh,sv21131608@student.edu.vn,0956470897,STUDENT
21131609,123456,Tạ Thanh Toàn,sv21131609@student.edu.vn,0963031375,STUDENT
21131610,123456,Đoàn Bảo Phong,sv21131610@student.edu.vn,0969481269,STUDENT
21131611,123456,Mai Hoàng Thành,sv21131611@student.edu.vn,0984392810,STUDENT
21131612,123456,Bùi Hoàng Khoa,sv21131612@student.edu.vn,0997371020,STUDENT
21131613,123456,Võ Phương Inh,sv21131613@student.edu.vn,0917127603,STUDENT
21131614,123456,Đặng Đức Bình,sv21131614@student.edu.vn,0923142998,STUDENT
21131615,123456,Hà Duy Nga,sv21131615@student.edu.vn,0933769467,STUDENT
21131616,123456,Bùi Quốc An,sv21131616@student.edu.vn,0945984997,STUDENT
21131617,123456,Đoàn Quốc Thảo,sv21131617@student.edu.vn,0931579661,STUDENT
21131618,123456,Hoàng Minh Bình,sv21131618@student.edu.vn,0997020955,STUDENT
21131619,123456,Võ Kim Hương,sv21131619@student.edu.vn,0981643344,STUDENT
21131620,123456,Lâm Bảo Toàn,sv21131620@student.edu.vn,0967373883,STUDENT
21131621,123456,Phạm Minh Tâm,sv21131621@student.edu.vn,0927097491,STUDENT
21131622,123456,Ngô Anh Sơn,sv21131622@student.edu.vn,0955398670,STUDENT
21131623,123456,Phan Phương Sơn,sv21131623@student.edu.vn,0983322847,STUDENT
21131624,123456,Đoàn Thanh Duy,sv21131624@student.edu.vn,0965502539,STUDENT
21131625,123456,Dương Gia Trinh,sv21131625@student.edu.vn,0944277840,STUDENT
21131626,123456,Bùi Nhật Tâm,sv21131626@student.edu.vn,0925548183,STUDENT
21131627,123456,Lý Trung Tâm,sv21131627@student.edu.vn,0929897873,STUDENT
21131628,123456,Nguyễn Kim Nga,sv21131628@student.edu.vn,0953311791,STUDENT
21131629,123456,Hồ Bảo Linh,sv21131629@student.edu.vn,0968093351,STUDENT
21131630,123456,Đỗ Phương Bình,sv21131630@student.edu.vn,0981023934,STUDENT
21131631,123456,Lâm Minh Đạt,sv21131631@student.edu.vn,0940692288,STUDENT
21131632,123456,Nguyễn Thanh Trang,sv21131632@student.edu.vn,0978890749,STUDENT
21131633,123456,Vũ Thị Rạng,sv21131633@student.edu.vn,0989094965,STUDENT
21131634,123456,Phạm Văn Tâm,sv21131634@student.edu.vn,0940691759,STUDENT
21131635,123456,Hoàng Anh Uyên,sv21131635@student.edu.vn,0932432827,STUDENT
21131636,123456,Mai Xuân Rạng,sv21131636@student.edu.vn,0984607895,STUDENT
21131637,123456,Đỗ Anh An,sv21131637@student.edu.vn,0942594130,STUDENT
21131638,123456,Cao Gia Kiệt,sv21131638@student.edu.vn,0935849275,STUDENT
21131639,123456,Phạm Tuấn Inh,sv21131639@student.edu.vn,0990456512,STUDENT
21131640,123456,Huỳnh Minh Tâm,sv21131640@student.edu.vn,0920214220,STUDENT
21131641,123456,Trần Thu Phúc,sv21131641@student.edu.vn,0975431710,STUDENT
21131642,123456,Cao Quang Trang,sv21131642@student.edu.vn,0975636295,STUDENT
21131643,123456,Đoàn Nhật Linh,sv21131643@student.edu.vn,0957017041,STUDENT
21131644,123456,Hoàng Ngọc Giang,sv21131644@student.edu.vn,0938843649,STUDENT
21131645,123456,Nguyễn Quang Trung,sv21131645@student.edu.vn,0916906342,STUDENT
21131646,123456,Phan Thanh Thảo,sv21131646@student.edu.vn,0926249883,STUDENT
21131647,123456,Trần Quốc Phúc,sv21131647@student.edu.vn,0927473819,STUDENT
21131648,123456,Mai Quang Thảo,sv21131648@student.edu.vn,0987308036,STUDENT
21131649,123456,Trịnh Bảo Xuân,sv21131649@student.edu.vn,0982009849,STUDENT
21131650,123456,Tạ Thiện Xuân,sv21131650@student.edu.vn,0998050145,STUDENT
21131651,123456,Lý Hồng Inh,sv21131651@student.edu.vn,0958877009,STUDENT
21131652,123456,Bùi Duy Long,sv21131652@student.edu.vn,0979561446,STUDENT
21131653,123456,Phan Quốc Thắng,sv21131653@student.edu.vn,0961524263,STUDENT
21131654,123456,Hoàng Hữu An,sv21131654@student.edu.vn,0976844029,STUDENT
21131655,123456,Trịnh Tuấn Tâm,sv21131655@student.edu.vn,0991583432,STUDENT
21131656,123456,Đinh Đức Sơn,sv21131656@student.edu.vn,0992479559,STUDENT
21131657,123456,Hoàng Ngọc Duy,sv21131657@student.edu.vn,0942127278,STUDENT
21131658,123456,Ngô Thiện Bảo,sv21131658@student.edu.vn,0993983823,STUDENT
21131659,123456,Lý Nhật An,sv21131659@student.edu.vn,0974180410,STUDENT
21131660,123456,Ngô Hải Inh,sv21131660@student.edu.vn,0954381615,STUDENT
21131661,123456,Tạ Hải Trí,sv21131661@student.edu.vn,0954473301,STUDENT
21131662,123456,Lý Phương Sơn,sv21131662@student.edu.vn,0959333628,STUDENT
21131663,123456,Mai Bảo Phát,sv21131663@student.edu.vn,0925619416,STUDENT
21131664,123456,Huỳnh Quốc Trung,sv21131664@student.edu.vn,0923313918,STUDENT
21131665,123456,Ngô Hồng Phúc,sv21131665@student.edu.vn,0911531506,STUDENT
21131666,123456,Nguyễn Minh An,sv21131666@student.edu.vn,0912893523,STUDENT
21131667,123456,Dương Thiện Nga,sv21131667@student.edu.vn,0934945592,STUDENT
21131668,123456,Đoàn Thanh Trung,sv21131668@student.edu.vn,0981985940,STUDENT
21131669,123456,Lê Văn Hương,sv21131669@student.edu.vn,0910861670,STUDENT
21131670,123456,Võ Gia Sơn,sv21131670@student.edu.vn,0980281494,STUDENT
21131671,123456,Mai Quang Long,sv21131671@student.edu.vn,0929540017,STUDENT
21131672,123456,Bùi Duy Cường,sv21131672@student.edu.vn,0928684073,STUDENT
21131673,123456,Ngô Đức Long,sv21131673@student.edu.vn,0957389711,STUDENT
21131674,123456,Cao Quốc Đạt,sv21131674@student.edu.vn,0917189484,STUDENT
21131675,123456,Đoàn Trung Vinh,sv21131675@student.edu.vn,0966380407,STUDENT
21131676,123456,Ngô Hoàng Duy,sv21131676@student.edu.vn,0917160120,STUDENT
21131677,123456,Đặng Trung Huy,sv21131677@student.edu.vn,0942692018,STUDENT
21131678,123456,Hà Quang Phong,sv21131678@student.edu.vn,0983530894,STUDENT
21131679,123456,Phan Minh Hùng,sv21131679@student.edu.vn,0930402797,STUDENT
21131680,123456,Lý Hữu Nam,sv21131680@student.edu.vn,0921605244,STUDENT
21131681,123456,Võ Duy Em,sv21131681@student.edu.vn,0929385461,STUDENT
21131682,123456,Lý Xuân Giang,sv21131682@student.edu.vn,0925669397,STUDENT
21131683,123456,Tạ Ngọc An,sv21131683@student.edu.vn,0940163491,STUDENT
21131684,123456,Nguyễn Minh Em,sv21131684@student.edu.vn,0935797693,STUDENT
21131685,123456,Bùi Hoàng Toàn,sv21131685@student.edu.vn,0993989200,STUDENT
21131686,123456,Đoàn Duy Vinh,sv21131686@student.edu.vn,0977648824,STUDENT
21131687,123456,Hồ Thiện Vinh,sv21131687@student.edu.vn,0931540516,STUDENT
21131688,123456,Huỳnh Kim Hà,sv21131688@student.edu.vn,0920215742,STUDENT
21131689,123456,Lâm Thị Uyên,sv21131689@student.edu.vn,0957991497,STUDENT
21131690,123456,Mai Minh Hà,sv21131690@student.edu.vn,0951278684,STUDENT
21131691,123456,Hồ Phương Bảo,sv21131691@student.edu.vn,0917358691,STUDENT
21131692,123456,Mai Thu Sơn,sv21131692@student.edu.vn,0995502172,STUDENT
21131693,123456,Đoàn Trung Bảo,sv21131693@student.edu.vn,0958992495,STUDENT
21131694,123456,Lý Kim Hương,sv21131694@student.edu.vn,0991227305,STUDENT
21131695,123456,Phạm Phương Trí,sv21131695@student.edu.vn,0975613982,STUDENT
21131696,123456,Phạm Gia Tùng,sv21131696@student.edu.vn,0936452944,STUDENT
21131697,123456,Cao Minh Oanh,sv21131697@student.edu.vn,0917125982,STUDENT
21131698,123456,Ngô Văn Trí,sv21131698@student.edu.vn,0910560544,STUDENT
21131699,123456,Tạ Hải Trí,sv21131699@student.edu.vn,0969146859,STUDENT
21131700,123456,Lê Gia Tùng,sv21131700@student.edu.vn,0919156825,STUDENT
21131701,123456,Đinh Trung Khánh,sv21131701@student.edu.vn,0965154041,STUDENT
21131702,123456,Cao Quốc Sơn,sv21131702@student.edu.vn,0928747414,STUDENT
21131703,123456,Tạ Văn Tùng,sv21131703@student.edu.vn,0964286168,STUDENT
21131704,123456,Cao Kim Kiệt,sv21131704@student.edu.vn,0923997423,STUDENT
21131705,123456,Đinh Quang Khoa,sv21131705@student.edu.vn,0952536873,STUDENT
21131706,123456,Phan Thiện Giang,sv21131706@student.edu.vn,0988347629,STUDENT
21131707,123456,Vũ Hữu Kiệt,sv21131707@student.edu.vn,0940275547,STUDENT
21131708,123456,Trịnh Phương Cường,sv21131708@student.edu.vn,0983753176,STUDENT
21131709,123456,Trần Hữu Quân,sv21131709@student.edu.vn,0931557571,STUDENT
21131710,123456,Hồ Hoàng Phúc,sv21131710@student.edu.vn,0985634161,STUDENT
21131711,123456,Dương Phương Lan,sv21131711@student.edu.vn,0992979638,STUDENT
21131712,123456,Trần Hải Rạng,sv21131712@student.edu.vn,0946082019,STUDENT
21131713,123456,Trần Quang Em,sv21131713@student.edu.vn,0980876333,STUDENT
21131714,123456,Đặng Ngọc Thảo,sv21131714@student.edu.vn,0958536122,STUDENT
21131715,123456,Võ Trung Uyên,sv21131715@student.edu.vn,0997167234,STUDENT
21131716,123456,Cao Đức Phúc,sv21131716@student.edu.vn,0947859306,STUDENT
21131717,123456,Hồ Thanh Minh,sv21131717@student.edu.vn,0960978371,STUDENT
21131718,123456,Phạm Hoàng Đạt,sv21131718@student.edu.vn,0936803108,STUDENT
21131719,123456,Ngô Thu Trinh,sv21131719@student.edu.vn,0996266972,STUDENT
21131720,123456,Phạm Thiện Đạt,sv21131720@student.edu.vn,0980005837,STUDENT
21131721,123456,Trần Duy Rạng,sv21131721@student.edu.vn,0947717369,STUDENT
21131722,123456,Đặng Minh Thảo,sv21131722@student.edu.vn,0925720925,STUDENT
21131723,123456,Dương Văn Minh,sv21131723@student.edu.vn,0990663611,STUDENT
21131724,123456,Hoàng Hoàng Vinh,sv21131724@student.edu.vn,0973155454,STUDENT
21131725,123456,Hà Hải Lan,sv21131725@student.edu.vn,0913306166,STUDENT
21131726,123456,Dương Thiện Oanh,sv21131726@student.edu.vn,0961365664,STUDENT
21131727,123456,Bùi Thị Oanh,sv21131727@student.edu.vn,0975334908,STUDENT
21131728,123456,Hà Thu Quân,sv21131728@student.edu.vn,0954388052,STUDENT
21131729,123456,Tạ Anh Thành,sv21131729@student.edu.vn,0941573783,STUDENT
21131730,123456,Trịnh Bảo Giang,sv21131730@student.edu.vn,0992705806,STUDENT
21131731,123456,Phạm Thị Sơn,sv21131731@student.edu.vn,0923471330,STUDENT
21131732,123456,Vũ Gia Thắng,sv21131732@student.edu.vn,0928911262,STUDENT
21131733,123456,Huỳnh Nhật Tài,sv21131733@student.edu.vn,0966548594,STUDENT
21131734,123456,Huỳnh Thiện Hiếu,sv21131734@student.edu.vn,0967380656,STUDENT
21131735,123456,Phan Gia Hiếu,sv21131735@student.edu.vn,0927491578,STUDENT
21131736,123456,Lý Quang Phúc,sv21131736@student.edu.vn,0956242715,STUDENT
21131737,123456,Đặng Hải Oanh,sv21131737@student.edu.vn,0958465030,STUDENT
21131738,123456,Mai Gia Phong,sv21131738@student.edu.vn,0956708348,STUDENT
21131739,123456,Huỳnh Anh Trinh,sv21131739@student.edu.vn,0957949868,STUDENT
21131740,123456,Đoàn Quang Minh,sv21131740@student.edu.vn,0989834661,STUDENT
21131741,123456,Dương Kim Inh,sv21131741@student.edu.vn,0910682555,STUDENT
21131742,123456,Bùi Văn Trang,sv21131742@student.edu.vn,0969546101,STUDENT
21131743,123456,Đặng Tuấn Trung,sv21131743@student.edu.vn,0921223050,STUDENT
21131744,123456,Võ Bảo Bảo,sv21131744@student.edu.vn,0997059559,STUDENT
21131745,123456,Phan Quang Phong,sv21131745@student.edu.vn,0933668665,STUDENT
21131746,123456,Lâm Tuấn Lan,sv21131746@student.edu.vn,0918382717,STUDENT
21131747,123456,Đoàn Anh Khoa,sv21131747@student.edu.vn,0986237355,STUDENT
21131748,123456,Hoàng Gia Phong,sv21131748@student.edu.vn,0913394077,STUDENT
21131749,123456,Huỳnh Thị Tài,sv21131749@student.edu.vn,0938073357,STUDENT
21131750,123456,Mai Quốc Trang,sv21131750@student.edu.vn,0973793484,STUDENT
21131751,123456,Ngô Thanh Bảo,sv21131751@student.edu.vn,0935840480,STUDENT
21131752,123456,Lý Hồng Quân,sv21131752@student.edu.vn,0957800156,STUDENT
21131753,123456,Phan Hồng Tùng,sv21131753@student.edu.vn,0948635715,STUDENT
21131754,123456,Lê Tuấn Thảo,sv21131754@student.edu.vn,0933596705,STUDENT
21131755,123456,Cao Tuấn Bình,sv21131755@student.edu.vn,0988931187,STUDENT
21131756,123456,Nguyễn Duy Bình,sv21131756@student.edu.vn,0913928099,STUDENT
21131757,123456,Vũ Thị Long,sv21131757@student.edu.vn,0932624489,STUDENT
21131758,123456,Hà Phương Vinh,sv21131758@student.edu.vn,0913599521,STUDENT
21131759,123456,Trần Tuấn Minh,sv21131759@student.edu.vn,0991629800,STUDENT
21131760,123456,Tạ Minh Minh,sv21131760@student.edu.vn,0939402066,STUDENT
21131761,123456,Hồ Minh Hiếu,sv21131761@student.edu.vn,0984714966,STUDENT
21131762,123456,Phan Hữu Nam,sv21131762@student.edu.vn,0969276820,STUDENT
21131763,123456,Mai Thiện Vân,sv21131763@student.edu.vn,0953351996,STUDENT
21131764,123456,Vũ Hữu Tâm,sv21131764@student.edu.vn,0911335387,STUDENT
21131765,123456,Nguyễn Gia Lan,sv21131765@student.edu.vn,0982339004,STUDENT
21131766,123456,Võ Duy Lan,sv21131766@student.edu.vn,0956341340,STUDENT
21131767,123456,Hồ Duy Lan,sv21131767@student.edu.vn,0989433909,STUDENT
21131768,123456,Phạm Duy An,sv21131768@student.edu.vn,0929107312,STUDENT
21131769,123456,Hà Thị Thành,sv21131769@student.edu.vn,0993100209,STUDENT
21131770,123456,Bùi Hoàng Khánh,sv21131770@student.edu.vn,0934046916,STUDENT
21131771,123456,Đặng Ngọc Khoa,sv21131771@student.edu.vn,0917026888,STUDENT
21131772,123456,Hà Quang Lan,sv21131772@student.edu.vn,0930006652,STUDENT
21131773,123456,Nguyễn Ngọc Trung,sv21131773@student.edu.vn,0952153841,STUDENT
21131774,123456,Hồ Minh Khoa,sv21131774@student.edu.vn,0915139055,STUDENT
21131775,123456,Lâm Quốc Tài,sv21131775@student.edu.vn,0932145184,STUDENT
21131776,123456,Lâm Hữu Lan,sv21131776@student.edu.vn,0947771720,STUDENT
21131777,123456,Võ Minh Trung,sv21131777@student.edu.vn,0930369376,STUDENT
21131778,123456,Phan Thiện Inh,sv21131778@student.edu.vn,0973752344,STUDENT
21131779,123456,Nguyễn Hải Oanh,sv21131779@student.edu.vn,0934244638,STUDENT
21131780,123456,Hoàng Trung Khoa,sv21131780@student.edu.vn,0922724148,STUDENT
21131781,123456,Hà Đức Thảo,sv21131781@student.edu.vn,0937471236,STUDENT
21131782,123456,Phan Trung Sơn,sv21131782@student.edu.vn,0998562619,STUDENT
21131783,123456,Vũ Quốc Nam,sv21131783@student.edu.vn,0979793161,STUDENT
21131784,123456,Mai Ngọc Yến,sv21131784@student.edu.vn,0955039547,STUDENT
21131785,123456,Tạ Gia Phát,sv21131785@student.edu.vn,0963841877,STUDENT
21131786,123456,Phạm Thanh Lộc,sv21131786@student.edu.vn,0944012780,STUDENT
21131787,123456,Dương Ngọc Bảo,sv21131787@student.edu.vn,0963057504,STUDENT
21131788,123456,Cao Đức Trí,sv21131788@student.edu.vn,0999002385,STUDENT
21131789,123456,Lý Trung Oanh,sv21131789@student.edu.vn,0931302219,STUDENT
21131790,123456,Bùi Thu Hà,sv21131790@student.edu.vn,0967042291,STUDENT
21131791,123456,Võ Trung Thảo,sv21131791@student.edu.vn,0994377507,STUDENT
21131792,123456,Vũ Quốc Tài,sv21131792@student.edu.vn,0970166264,STUDENT
21131793,123456,Dương Thị Thảo,sv21131793@student.edu.vn,0952060388,STUDENT
21131794,123456,Hoàng Quang Phát,sv21131794@student.edu.vn,0977688052,STUDENT
21131795,123456,Đinh Xuân Nam,sv21131795@student.edu.vn,0978028651,STUDENT
21131796,123456,Đinh Thanh Toàn,sv21131796@student.edu.vn,0994866609,STUDENT
21131797,123456,Đoàn Duy Sơn,sv21131797@student.edu.vn,0982457624,STUDENT
21131798,123456,Lâm Hải Tùng,sv21131798@student.edu.vn,0947817316,STUDENT
21131799,123456,Cao Ngọc An,sv21131799@student.edu.vn,0961446391,STUDENT
21131800,123456,Trịnh Duy Khoa,sv21131800@student.edu.vn,0987271439,STUDENT
21131801,123456,Ngô Thu Huy,sv21131801@student.edu.vn,0976666842,STUDENT
21131802,123456,Đặng Gia Trung,sv21131802@student.edu.vn,0997580879,STUDENT
21131803,123456,Lâm Minh Thắng,sv21131803@student.edu.vn,0975464505,STUDENT
21131804,123456,Phan Gia Phát,sv21131804@student.edu.vn,0975696065,STUDENT
21131805,123456,Võ Kim Trung,sv21131805@student.edu.vn,0938141867,STUDENT
21131806,123456,Bùi Thị Lộc,sv21131806@student.edu.vn,0915726400,STUDENT
21131807,123456,Cao Hoàng Duy,sv21131807@student.edu.vn,0969890913,STUDENT
21131808,123456,Trần Nhật Sơn,sv21131808@student.edu.vn,0948291979,STUDENT
21131809,123456,Dương Bảo Trang,sv21131809@student.edu.vn,0973501127,STUDENT
21131810,123456,Lý Quang Tùng,sv21131810@student.edu.vn,0975792141,STUDENT
21131811,123456,Đặng Minh Thảo,sv21131811@student.edu.vn,0977315870,STUDENT
21131812,123456,Lê Hữu Inh,sv21131812@student.edu.vn,0990694271,STUDENT
21131813,123456,Lý Hoàng Inh,sv21131813@student.edu.vn,0978912417,STUDENT
21131814,123456,Trịnh Hải Hiếu,sv21131814@student.edu.vn,0933584726,STUDENT
21131815,123456,Võ Đức Khoa,sv21131815@student.edu.vn,0973495259,STUDENT
21131816,123456,Đinh Duy Tùng,sv21131816@student.edu.vn,0980909263,STUDENT
21131817,123456,Vũ Hải Tài,sv21131817@student.edu.vn,0982003120,STUDENT
21131818,123456,Lê Hải Phát,sv21131818@student.edu.vn,0940384846,STUDENT
21131819,123456,Tạ Văn Đạt,sv21131819@student.edu.vn,0941926452,STUDENT
21131820,123456,Vũ Quốc Tâm,sv21131820@student.edu.vn,0973384863,STUDENT
21131821,123456,Dương Nhật Nga,sv21131821@student.edu.vn,0956840877,STUDENT
21131822,123456,Đinh Bảo Em,sv21131822@student.edu.vn,0937294616,STUDENT
21131823,123456,Mai Quang Oanh,sv21131823@student.edu.vn,0937118218,STUDENT
21131824,123456,Đặng Kim Bảo,sv21131824@student.edu.vn,0994502761,STUDENT
21131825,123456,Bùi Phương Sơn,sv21131825@student.edu.vn,0934161969,STUDENT
21131826,123456,Bùi Hữu Phong,sv21131826@student.edu.vn,0986353225,STUDENT
21131827,123456,Phan Nhật Uyên,sv21131827@student.edu.vn,0948724452,STUDENT
21131828,123456,Bùi Bảo Inh,sv21131828@student.edu.vn,0970157345,STUDENT
21131829,123456,Võ Hoàng Sơn,sv21131829@student.edu.vn,0943079789,STUDENT
21131830,123456,Dương Phương Thành,sv21131830@student.edu.vn,0990786652,STUDENT
21131831,123456,Bùi Thị Lan,sv21131831@student.edu.vn,0945383973,STUDENT
21131832,123456,Lý Nhật Vân,sv21131832@student.edu.vn,0931796476,STUDENT
21131833,123456,Phan Xuân Cường,sv21131833@student.edu.vn,0975091760,STUDENT
21131834,123456,Hồ Hồng Tài,sv21131834@student.edu.vn,0984684624,STUDENT
21131835,123456,Hồ Quang Hà,sv21131835@student.edu.vn,0945663556,STUDENT
21131836,123456,Trần Tuấn Trí,sv21131836@student.edu.vn,0993919163,STUDENT
21131837,123456,Huỳnh Bảo Kiệt,sv21131837@student.edu.vn,0918339983,STUDENT
21131838,123456,Đỗ Hải Nam,sv21131838@student.edu.vn,0939811972,STUDENT
21131839,123456,Phan Kim Nam,sv21131839@student.edu.vn,0912423490,STUDENT
21131840,123456,Nguyễn Trung Trinh,sv21131840@student.edu.vn,0972192478,STUDENT
21131841,123456,Trần Đức Xuân,sv21131841@student.edu.vn,0918035720,STUDENT
21131842,123456,Võ Quang Hiếu,sv21131842@student.edu.vn,0967736000,STUDENT
21131843,123456,Đinh Đức Yến,sv21131843@student.edu.vn,0942412581,STUDENT
21131844,123456,Huỳnh Trung Phát,sv21131844@student.edu.vn,0914419603,STUDENT
21131845,123456,Đinh Thị Thảo,sv21131845@student.edu.vn,0916393900,STUDENT
21131846,123456,Lâm Đức Huy,sv21131846@student.edu.vn,0965011769,STUDENT
21131847,123456,Lý Gia Giang,sv21131847@student.edu.vn,0938503827,STUDENT
21131848,123456,Võ Nhật Phúc,sv21131848@student.edu.vn,0930837211,STUDENT
21131849,123456,Ngô Trung Khánh,sv21131849@student.edu.vn,0924874821,STUDENT
21131850,123456,Hà Hữu Xuân,sv21131850@student.edu.vn,0912746643,STUDENT
21131851,123456,Trịnh Quốc Thảo,sv21131851@student.edu.vn,0940822185,STUDENT
21131852,123456,Dương Quốc Đạt,sv21131852@student.edu.vn,0937951105,STUDENT
21131853,123456,Trần Thanh Bình,sv21131853@student.edu.vn,0985760035,STUDENT
21131854,123456,Lê Minh Vân,sv21131854@student.edu.vn,0994286831,STUDENT
21131855,123456,Hồ Xuân Khoa,sv21131855@student.edu.vn,0994198364,STUDENT
21131856,123456,Tạ Gia Phúc,sv21131856@student.edu.vn,0972340236,STUDENT
21131857,123456,Lâm Thị Huy,sv21131857@student.edu.vn,0912284746,STUDENT
21131858,123456,Phan Trung Cường,sv21131858@student.edu.vn,0911002342,STUDENT
21131859,123456,Trịnh Tuấn Oanh,sv21131859@student.edu.vn,0972663488,STUDENT
21131860,123456,Phan Trung Thắng,sv21131860@student.edu.vn,0929323330,STUDENT
21131861,123456,Hồ Phương Nam,sv21131861@student.edu.vn,0935861276,STUDENT
21131862,123456,Phan Ngọc Nhật,sv21131862@student.edu.vn,0948523637,STUDENT
21131863,123456,Hà Nhật Hiếu,sv21131863@student.edu.vn,0980229264,STUDENT
21131864,123456,Hoàng Quốc Khánh,sv21131864@student.edu.vn,0980662655,STUDENT
21131865,123456,Lý Duy Huy,sv21131865@student.edu.vn,0963382064,STUDENT
21131866,123456,Bùi Tuấn Oanh,sv21131866@student.edu.vn,0930188188,STUDENT
21131867,123456,Võ Tuấn Hiếu,sv21131867@student.edu.vn,0917858377,STUDENT
21131868,123456,Đặng Tuấn Kiệt,sv21131868@student.edu.vn,0928290589,STUDENT
21131869,123456,Hà Duy Toàn,sv21131869@student.edu.vn,0998535108,STUDENT
21131870,123456,Phan Minh Xuân,sv21131870@student.edu.vn,0972824647,STUDENT
21131871,123456,Lâm Xuân Thành,sv21131871@student.edu.vn,0982223633,STUDENT
21131872,123456,Phan Phương Lan,sv21131872@student.edu.vn,0998571785,STUDENT
21131873,123456,Trịnh Hoàng Long,sv21131873@student.edu.vn,0959802091,STUDENT
21131874,123456,Ngô Bảo Khánh,sv21131874@student.edu.vn,0967936536,STUDENT
21131875,123456,Mai Thiện Trí,sv21131875@student.edu.vn,0930141848,STUDENT
21131876,123456,Phạm Quốc Kiệt,sv21131876@student.edu.vn,0958618422,STUDENT
21131877,123456,Mai Phương Hương,sv21131877@student.edu.vn,0955592692,STUDENT
21131878,123456,Nguyễn Thị Huy,sv21131878@student.edu.vn,0970693989,STUDENT
21131879,123456,Trần Anh Minh,sv21131879@student.edu.vn,0966517652,STUDENT
21131880,123456,Hà Hải Hiếu,sv21131880@student.edu.vn,0963630080,STUDENT
21131881,123456,Đặng Hoàng Bình,sv21131881@student.edu.vn,0975388468,STUDENT
21131882,123456,Phạm Phương Kiệt,sv21131882@student.edu.vn,0997254962,STUDENT
21131883,123456,Vũ Bảo Uyên,sv21131883@student.edu.vn,0975667821,STUDENT
21131884,123456,Vũ Quang Duy,sv21131884@student.edu.vn,0976791958,STUDENT
21131885,123456,Phan Xuân Kiệt,sv21131885@student.edu.vn,0979102390,STUDENT
21131886,123456,Phạm Hữu Nhật,sv21131886@student.edu.vn,0992730479,STUDENT
21131887,123456,Lâm Quang Khánh,sv21131887@student.edu.vn,0926337554,STUDENT
21131888,123456,Tạ Ngọc Tùng,sv21131888@student.edu.vn,0925637607,STUDENT
21131889,123456,Võ Văn Thành,sv21131889@student.edu.vn,0949264103,STUDENT
21131890,123456,Trịnh Minh Trí,sv21131890@student.edu.vn,0990671016,STUDENT
21131891,123456,Bùi Kim Hiếu,sv21131891@student.edu.vn,0969241998,STUDENT
21131892,123456,Đỗ Quang Trí,sv21131892@student.edu.vn,0981174300,STUDENT
21131893,123456,Hồ Anh Linh,sv21131893@student.edu.vn,0932107919,STUDENT
21131894,123456,Ngô Nhật Trung,sv21131894@student.edu.vn,0973222370,STUDENT
21131895,123456,Phan Văn Long,sv21131895@student.edu.vn,0974441821,STUDENT
21131896,123456,Tạ Hoàng Trung,sv21131896@student.edu.vn,0999578654,STUDENT
21131897,123456,Đoàn Trung Huy,sv21131897@student.edu.vn,0915335059,STUDENT
21131898,123456,Võ Nhật Trang,sv21131898@student.edu.vn,0945696660,STUDENT
21131899,123456,Hồ Thiện Phúc,sv21131899@student.edu.vn,0918015924,STUDENT
21131900,123456,Vũ Minh Thảo,sv21131900@student.edu.vn,0976327087,STUDENT
21131901,123456,Mai Duy Huy,sv21131901@student.edu.vn,0943893628,STUDENT
21131902,123456,Trịnh Nhật Vinh,sv21131902@student.edu.vn,0969445354,STUDENT
21131903,123456,Dương Đức Uyên,sv21131903@student.edu.vn,0995607414,STUDENT
21131904,123456,Đoàn Quốc Trung,sv21131904@student.edu.vn,0992119856,STUDENT
21131905,123456,Vũ Văn Thành,sv21131905@student.edu.vn,0937259860,STUDENT
21131906,123456,Cao Ngọc Yến,sv21131906@student.edu.vn,0914240741,STUDENT
21131907,123456,Đoàn Thanh Trinh,sv21131907@student.edu.vn,0947717549,STUDENT
21131908,123456,Tạ Bảo Yến,sv21131908@student.edu.vn,0987004137,STUDENT
21131909,123456,Lê Thanh Inh,sv21131909@student.edu.vn,0998512131,STUDENT
21131910,123456,Mai Hải Thành,sv21131910@student.edu.vn,0978940599,STUDENT
21131911,123456,Đặng Thiện Uyên,sv21131911@student.edu.vn,0930810871,STUDENT
21131912,123456,Phan Ngọc Bình,sv21131912@student.edu.vn,0922732883,STUDENT
21131913,123456,Đoàn Tuấn Long,sv21131913@student.edu.vn,0936910171,STUDENT
21131914,123456,Đinh Tuấn Vân,sv21131914@student.edu.vn,0932803388,STUDENT
21131915,123456,Trần Minh Lan,sv21131915@student.edu.vn,0972839531,STUDENT
21131916,123456,Dương Quang Phong,sv21131916@student.edu.vn,0923442477,STUDENT
21131917,123456,Đinh Thiện Vân,sv21131917@student.edu.vn,0914566102,STUDENT
21131918,123456,Lê Xuân Duy,sv21131918@student.edu.vn,0996206641,STUDENT
21131919,123456,Lê Đức Uyên,sv21131919@student.edu.vn,0959257952,STUDENT
21131920,123456,Võ Xuân An,sv21131920@student.edu.vn,0971741130,STUDENT
21131921,123456,Hà Thanh Hùng,sv21131921@student.edu.vn,0995997922,STUDENT
21131922,123456,Tạ Minh Nhật,sv21131922@student.edu.vn,0960228183,STUDENT
21131923,123456,Lý Quang Kiệt,sv21131923@student.edu.vn,0942984676,STUDENT
21131924,123456,Phạm Hồng Lan,sv21131924@student.edu.vn,0959915262,STUDENT
21131925,123456,Mai Nhật Hiếu,sv21131925@student.edu.vn,0971419976,STUDENT
21131926,123456,Mai Bảo Hương,sv21131926@student.edu.vn,0982691447,STUDENT
21131927,123456,Phan Trung Linh,sv21131927@student.edu.vn,0994877235,STUDENT
21131928,123456,Ngô Phương Uyên,sv21131928@student.edu.vn,0956551832,STUDENT
21131929,123456,Trần Thu Thảo,sv21131929@student.edu.vn,0923558371,STUDENT
21131930,123456,Đoàn Thiện Long,sv21131930@student.edu.vn,0996224000,STUDENT
21131931,123456,Trần Duy Tài,sv21131931@student.edu.vn,0956597424,STUDENT
21131932,123456,Bùi Minh Oanh,sv21131932@student.edu.vn,0951213141,STUDENT
21131933,123456,Dương Tuấn Bảo,sv21131933@student.edu.vn,0914748542,STUDENT
21131934,123456,Hà Hoàng Giang,sv21131934@student.edu.vn,0990718433,STUDENT
21131935,123456,Đoàn Văn Bảo,sv21131935@student.edu.vn,0982625122,STUDENT
21131936,123456,Vũ Thị Inh,sv21131936@student.edu.vn,0965560302,STUDENT
21131937,123456,Võ Tuấn Huy,sv21131937@student.edu.vn,0935198949,STUDENT
21131938,123456,Vũ Duy Quân,sv21131938@student.edu.vn,0954802370,STUDENT
21131939,123456,Lê Hải Oanh,sv21131939@student.edu.vn,0992761584,STUDENT
21131940,123456,Mai Quốc Em,sv21131940@student.edu.vn,0915384838,STUDENT
21131941,123456,Võ Thanh Phong,sv21131941@student.edu.vn,0927380158,STUDENT
21131942,123456,Đỗ Gia Xuân,sv21131942@student.edu.vn,0982606625,STUDENT
21131943,123456,Hà Thiện Hiếu,sv21131943@student.edu.vn,0963540715,STUDENT
21131944,123456,Đoàn Hoàng Yến,sv21131944@student.edu.vn,0988738675,STUDENT
21131945,123456,Tạ Duy Sơn,sv21131945@student.edu.vn,0990957892,STUDENT
21131946,123456,Võ Xuân Phong,sv21131946@student.edu.vn,0983511561,STUDENT
21131947,123456,Phạm Xuân Xuân,sv21131947@student.edu.vn,0983168486,STUDENT
21131948,123456,Trịnh Thị Nga,sv21131948@student.edu.vn,0936355216,STUDENT
21131949,123456,Đỗ Bảo Toàn,sv21131949@student.edu.vn,0944384257,STUDENT
21131950,123456,Hoàng Trung Hương,sv21131950@student.edu.vn,0970240989,STUDENT
21131951,123456,Tạ Trung Tài,sv21131951@student.edu.vn,0943093897,STUDENT
21131952,123456,Hoàng Quốc Linh,sv21131952@student.edu.vn,0916364104,STUDENT
21131953,123456,Bùi Xuân Tâm,sv21131953@student.edu.vn,0974769394,STUDENT
21131954,123456,Lý Quang Thành,sv21131954@student.edu.vn,0947261479,STUDENT
21131955,123456,Đặng Văn Long,sv21131955@student.edu.vn,0977951999,STUDENT
21131956,123456,Hồ Kim Rạng,sv21131956@student.edu.vn,0952022627,STUDENT
21131957,123456,Dương Quang Vinh,sv21131957@student.edu.vn,0945492893,STUDENT
21131958,123456,Mai Quang Cường,sv21131958@student.edu.vn,0916278042,STUDENT
21131959,123456,Cao Trung Toàn,sv21131959@student.edu.vn,0989654801,STUDENT
21131960,123456,Lê Thu Duy,sv21131960@student.edu.vn,0998387103,STUDENT
21131961,123456,Hoàng Hoàng Kiệt,sv21131961@student.edu.vn,0964759465,STUDENT
21131962,123456,Cao Thị Hiếu,sv21131962@student.edu.vn,0918115738,STUDENT
21131963,123456,Trịnh Hoàng Kiệt,sv21131963@student.edu.vn,0996252324,STUDENT
21131964,123456,Võ Phương Thảo,sv21131964@student.edu.vn,0938850728,STUDENT
21131965,123456,Huỳnh Hữu Rạng,sv21131965@student.edu.vn,0921723155,STUDENT
21131966,123456,Lý Trung Thắng,sv21131966@student.edu.vn,0968410373,STUDENT
21131967,123456,Hà Hồng Toàn,sv21131967@student.edu.vn,0953796723,STUDENT
21131968,123456,Cao Thiện Thành,sv21131968@student.edu.vn,0917645248,STUDENT
21131969,123456,Trần Nhật Linh,sv21131969@student.edu.vn,0992718556,STUDENT
21131970,123456,Đỗ Bảo Hùng,sv21131970@student.edu.vn,0981435727,STUDENT
21131971,123456,Cao Hồng Hiếu,sv21131971@student.edu.vn,0955311380,STUDENT
21131972,123456,Bùi Thanh Vinh,sv21131972@student.edu.vn,0916664815,STUDENT
21131973,123456,Đỗ Thiện Trang,sv21131973@student.edu.vn,0975956370,STUDENT
21131974,123456,Vũ Hồng Inh,sv21131974@student.edu.vn,0968991943,STUDENT
21131975,123456,Phan Hữu Vinh,sv21131975@student.edu.vn,0919705531,STUDENT
21131976,123456,Cao Tuấn Nhật,sv21131976@student.edu.vn,0937205304,STUDENT
21131977,123456,Đinh Gia Giang,sv21131977@student.edu.vn,0957751858,STUDENT
21131978,123456,Ngô Bảo Duy,sv21131978@student.edu.vn,0911081151,STUDENT
21131979,123456,Trịnh Hữu Inh,sv21131979@student.edu.vn,0987785897,STUDENT
21131980,123456,Phạm Gia Bảo,sv21131980@student.edu.vn,0990482702,STUDENT
21131981,123456,Ngô Hữu Vân,sv21131981@student.edu.vn,0982070979,STUDENT
21131982,123456,Bùi Thu Tùng,sv21131982@student.edu.vn,0990882848,STUDENT
21131983,123456,Đỗ Thiện Quân,sv21131983@student.edu.vn,0985800027,STUDENT
21131984,123456,Võ Gia Nam,sv21131984@student.edu.vn,0958668587,STUDENT
21131985,123456,Hà Thị Duy,sv21131985@student.edu.vn,0973342086,STUDENT
21131986,123456,Hà Thị Vinh,sv21131986@student.edu.vn,0934649502,STUDENT
21131987,123456,Đặng Thanh Tâm,sv21131987@student.edu.vn,0945423797,STUDENT
21131988,123456,Trịnh Tuấn Nhật,sv21131988@student.edu.vn,0999583895,STUDENT
21131989,123456,Đoàn Quốc Giang,sv21131989@student.edu.vn,0931604479,STUDENT
21131990,123456,Phạm Hoàng Bảo,sv21131990@student.edu.vn,0974583586,STUDENT
21131991,123456,Nguyễn Kim Sơn,sv21131991@student.edu.vn,0997643176,STUDENT
21131992,123456,Hoàng Kim Tài,sv21131992@student.edu.vn,0942350521,STUDENT
21131993,123456,Hoàng Bảo Trí,sv21131993@student.edu.vn,0943509674,STUDENT
21131994,123456,Hồ Văn Tài,sv21131994@student.edu.vn,0943854880,STUDENT
21131995,123456,Mai Thanh Giang,sv21131995@student.edu.vn,0993154030,STUDENT
21131996,123456,Đinh Quang Long,sv21131996@student.edu.vn,0967438521,STUDENT
21131997,123456,Vũ Văn Bảo,sv21131997@student.edu.vn,0939637033,STUDENT
21131998,123456,Đỗ Hồng An,sv21131998@student.edu.vn,0964602453,STUDENT
21131999,123456,Tạ Hồng Thắng,sv21131999@student.edu.vn,0998055686,STUDENT
21132000,123456,Mai Xuân Giang,sv21132000@student.edu.vn,0948043457,STUDENT
21132001,123456,Tạ Minh Oanh,sv21132001@student.edu.vn,0943684454,STUDENT
21132002,123456,Ngô Duy Phát,sv21132002@student.edu.vn,0968876166,STUDENT
21132003,123456,Phạm Quốc Em,sv21132003@student.edu.vn,0976737853,STUDENT
21132004,123456,Trần Kim Nam,sv21132004@student.edu.vn,0962126935,STUDENT
21132005,123456,Phan Hoàng Xuân,sv21132005@student.edu.vn,0960379516,STUDENT
21132006,123456,Phạm Ngọc Sơn,sv21132006@student.edu.vn,0960729292,STUDENT
21132007,123456,Hồ Văn Hà,sv21132007@student.edu.vn,0913360412,STUDENT
21132008,123456,Hồ Thị Oanh,sv21132008@student.edu.vn,0990181576,STUDENT
21132009,123456,Lý Thanh An,sv21132009@student.edu.vn,0922771009,STUDENT
21132010,123456,Bùi Tuấn Lộc,sv21132010@student.edu.vn,0918857011,STUDENT
21132011,123456,Hoàng Thiện An,sv21132011@student.edu.vn,0959449869,STUDENT
21132012,123456,Hoàng Tuấn Hương,sv21132012@student.edu.vn,0967635742,STUDENT
21132013,123456,Đoàn Hữu Vinh,sv21132013@student.edu.vn,0925348284,STUDENT
21132014,123456,Dương Thiện Nhật,sv21132014@student.edu.vn,0917615956,STUDENT
21132015,123456,Phan Quốc Đạt,sv21132015@student.edu.vn,0962497432,STUDENT
21132016,123456,Phạm Văn An,sv21132016@student.edu.vn,0952325322,STUDENT
21132017,123456,Đặng Nhật Tài,sv21132017@student.edu.vn,0912008372,STUDENT
21132018,123456,Đỗ Hải Trí,sv21132018@student.edu.vn,0927641155,STUDENT
21132019,123456,Hồ Thu Phúc,sv21132019@student.edu.vn,0963114023,STUDENT
21132020,123456,Trần Quốc Rạng,sv21132020@student.edu.vn,0967157598,STUDENT
21132021,123456,Nguyễn Anh Toàn,sv21132021@student.edu.vn,0959547210,STUDENT
21132022,123456,Trần Kim Phong,sv21132022@student.edu.vn,0915771062,STUDENT
21132023,123456,Hoàng Gia Cường,sv21132023@student.edu.vn,0918380068,STUDENT
21132024,123456,Huỳnh Xuân Tài,sv21132024@student.edu.vn,0998313073,STUDENT
21132025,123456,Tạ Thị Vinh,sv21132025@student.edu.vn,0920945111,STUDENT
21132026,123456,Ngô Trung Duy,sv21132026@student.edu.vn,0993519725,STUDENT
21132027,123456,Trần Hải Giang,sv21132027@student.edu.vn,0986537102,STUDENT
21132028,123456,Dương Bảo Hà,sv21132028@student.edu.vn,0993017465,STUDENT
21132029,123456,Lê Trung Thắng,sv21132029@student.edu.vn,0999235614,STUDENT
21132030,123456,Lê Trung Nam,sv21132030@student.edu.vn,0942246966,STUDENT
21132031,123456,Mai Ngọc An,sv21132031@student.edu.vn,0992471735,STUDENT
21132032,123456,Hồ Nhật An,sv21132032@student.edu.vn,0953600550,STUDENT
21132033,123456,Đinh Hải Huy,sv21132033@student.edu.vn,0984513102,STUDENT
21132034,123456,Ngô Thanh An,sv21132034@student.edu.vn,0983574042,STUDENT
21132035,123456,Đinh Trung Trí,sv21132035@student.edu.vn,0946438922,STUDENT
21132036,123456,Lâm Kim Long,sv21132036@student.edu.vn,0911892710,STUDENT
21132037,123456,Phan Văn Hương,sv21132037@student.edu.vn,0985785098,STUDENT
21132038,123456,Vũ Duy Phát,sv21132038@student.edu.vn,0973823593,STUDENT
21132039,123456,Mai Hải Khoa,sv21132039@student.edu.vn,0919983232,STUDENT
21132040,123456,Đặng Thu Long,sv21132040@student.edu.vn,0996397739,STUDENT
21132041,123456,Đặng Duy Nga,sv21132041@student.edu.vn,0969684283,STUDENT
21132042,123456,Lâm Thị Lộc,sv21132042@student.edu.vn,0925105660,STUDENT
21132043,123456,Võ Quang Linh,sv21132043@student.edu.vn,0968363323,STUDENT
21132044,123456,Mai Quốc Hiếu,sv21132044@student.edu.vn,0961445282,STUDENT
21132045,123456,Võ Thị Tùng,sv21132045@student.edu.vn,0987189381,STUDENT
21132046,123456,Vũ Thị Vân,sv21132046@student.edu.vn,0954944043,STUDENT
21132047,123456,Trần Bảo Kiệt,sv21132047@student.edu.vn,0966550094,STUDENT
21132048,123456,Vũ Ngọc Tâm,sv21132048@student.edu.vn,0948402421,STUDENT
21132049,123456,Huỳnh Minh Em,sv21132049@student.edu.vn,0991932961,STUDENT
21132050,123456,Huỳnh Bảo Uyên,sv21132050@student.edu.vn,0940821903,STUDENT
21132051,123456,Mai Đức Long,sv21132051@student.edu.vn,0979300753,STUDENT
21132052,123456,Hà Hoàng Uyên,sv21132052@student.edu.vn,0998598087,STUDENT
21132053,123456,Nguyễn Hữu Phát,sv21132053@student.edu.vn,0925079752,STUDENT
21132054,123456,Vũ Thanh Giang,sv21132054@student.edu.vn,0951861043,STUDENT
21132055,123456,Đinh Hải Thảo,sv21132055@student.edu.vn,0990419173,STUDENT
21132056,123456,Đỗ Minh Thắng,sv21132056@student.edu.vn,0952229626,STUDENT
21132057,123456,Cao Hải Vân,sv21132057@student.edu.vn,0979174237,STUDENT
21132058,123456,Đoàn Minh Thành,sv21132058@student.edu.vn,0980833720,STUDENT
21132059,123456,Lâm Hồng Đạt,sv21132059@student.edu.vn,0988931824,STUDENT
21132060,123456,Đặng Tuấn Lộc,sv21132060@student.edu.vn,0995408227,STUDENT
21132061,123456,Đỗ Minh Trung,sv21132061@student.edu.vn,0956423080,STUDENT
21132062,123456,Phạm Thiện Xuân,sv21132062@student.edu.vn,0945520719,STUDENT
21132063,123456,Lê Duy Giang,sv21132063@student.edu.vn,0925710250,STUDENT
21132064,123456,Lê Hữu Hà,sv21132064@student.edu.vn,0919147807,STUDENT
21132065,123456,Trịnh Hải Phong,sv21132065@student.edu.vn,0962242442,STUDENT
21132066,123456,Trần Tuấn Duy,sv21132066@student.edu.vn,0962922190,STUDENT
21132067,123456,Lâm Ngọc Uyên,sv21132067@student.edu.vn,0999560757,STUDENT
21132068,123456,Võ Đức Phúc,sv21132068@student.edu.vn,0985456465,STUDENT
21132069,123456,Cao Duy Linh,sv21132069@student.edu.vn,0972150866,STUDENT
21132070,123456,Vũ Tuấn Bình,sv21132070@student.edu.vn,0926642260,STUDENT
21132071,123456,Mai Duy Đạt,sv21132071@student.edu.vn,0958840329,STUDENT
21132072,123456,Bùi Duy Giang,sv21132072@student.edu.vn,0949518948,STUDENT
21132073,123456,Đinh Hồng Nga,sv21132073@student.edu.vn,0981754333,STUDENT
21132074,123456,Mai Thị Khánh,sv21132074@student.edu.vn,0956600052,STUDENT
21132075,123456,Bùi Gia Long,sv21132075@student.edu.vn,0921577542,STUDENT
21132076,123456,Mai Tuấn Minh,sv21132076@student.edu.vn,0960937549,STUDENT
21132077,123456,Ngô Xuân Thành,sv21132077@student.edu.vn,0915062956,STUDENT
21132078,123456,Hồ Hồng Kiệt,sv21132078@student.edu.vn,0999465412,STUDENT
21132079,123456,Mai Anh Vân,sv21132079@student.edu.vn,0984834903,STUDENT
21132080,123456,Bùi Thiện Huy,sv21132080@student.edu.vn,0984699777,STUDENT
21132081,123456,Ngô Thanh Tâm,sv21132081@student.edu.vn,0972307209,STUDENT
21132082,123456,Hoàng Xuân Tùng,sv21132082@student.edu.vn,0961410856,STUDENT
21132083,123456,Lê Bảo Hiếu,sv21132083@student.edu.vn,0937172110,STUDENT
21132084,123456,Huỳnh Quang Bảo,sv21132084@student.edu.vn,0922141015,STUDENT
21132085,123456,Đỗ Bảo Cường,sv21132085@student.edu.vn,0960819315,STUDENT
21132086,123456,Đinh Quang Long,sv21132086@student.edu.vn,0938503527,STUDENT
21132087,123456,Vũ Hữu Kiệt,sv21132087@student.edu.vn,0921894899,STUDENT
21132088,123456,Phạm Văn Em,sv21132088@student.edu.vn,0981799643,STUDENT
21132089,123456,Huỳnh Kim Đạt,sv21132089@student.edu.vn,0996603676,STUDENT
21132090,123456,Bùi Duy Thắng,sv21132090@student.edu.vn,0941709802,STUDENT
21132091,123456,Trần Văn Nga,sv21132091@student.edu.vn,0920755475,STUDENT
21132092,123456,Dương Xuân Linh,sv21132092@student.edu.vn,0944902023,STUDENT
21132093,123456,Bùi Hồng Minh,sv21132093@student.edu.vn,0947977796,STUDENT
21132094,123456,Lê Quốc Khánh,sv21132094@student.edu.vn,0921616014,STUDENT
21132095,123456,Đoàn Thu Thảo,sv21132095@student.edu.vn,0945851550,STUDENT
21132096,123456,Huỳnh Hoàng Nam,sv21132096@student.edu.vn,0950815828,STUDENT
21132097,123456,Phan Quang Tâm,sv21132097@student.edu.vn,0969497820,STUDENT
21132098,123456,Lâm Hồng Phong,sv21132098@student.edu.vn,0972062167,STUDENT
21132099,123456,Lâm Nhật Tài,sv21132099@student.edu.vn,0949242595,STUDENT
21132100,123456,Đặng Bảo Trung,sv21132100@student.edu.vn,0984618820,STUDENT
21132101,123456,Nguyễn Nhật Linh,sv21132101@student.edu.vn,0928400450,STUDENT
21132102,123456,Lê Minh Vân,sv21132102@student.edu.vn,0928027124,STUDENT
21132103,123456,Vũ Thiện Tùng,sv21132103@student.edu.vn,0955541750,STUDENT
21132104,123456,Dương Thiện Bình,sv21132104@student.edu.vn,0972932629,STUDENT
21132105,123456,Võ Hữu Tùng,sv21132105@student.edu.vn,0930026663,STUDENT
21132106,123456,Hà Đức Phát,sv21132106@student.edu.vn,0989867665,STUDENT
21132107,123456,Lý Hoàng Khoa,sv21132107@student.edu.vn,0911885054,STUDENT
21132108,123456,Hồ Bảo Hà,sv21132108@student.edu.vn,0950061497,STUDENT
21132109,123456,Phạm Hoàng Tùng,sv21132109@student.edu.vn,0954625132,STUDENT
21132110,123456,Trịnh Anh Thắng,sv21132110@student.edu.vn,0987927265,STUDENT
21132111,123456,Huỳnh Thiện Tâm,sv21132111@student.edu.vn,0913376442,STUDENT
21132112,123456,Dương Đức Kiệt,sv21132112@student.edu.vn,0910393206,STUDENT
21132113,123456,Hoàng Nhật Rạng,sv21132113@student.edu.vn,0952369471,STUDENT
21132114,123456,Vũ Duy Vinh,sv21132114@student.edu.vn,0937931605,STUDENT
21132115,123456,Phạm Anh Tùng,sv21132115@student.edu.vn,0982017698,STUDENT
21132116,123456,Trịnh Thu Hà,sv21132116@student.edu.vn,0919221053,STUDENT
21132117,123456,Đặng Duy Rạng,sv21132117@student.edu.vn,0910069909,STUDENT
21132118,123456,Lâm Duy Trí,sv21132118@student.edu.vn,0967259546,STUDENT
21132119,123456,Đinh Tuấn Yến,sv21132119@student.edu.vn,0920427991,STUDENT
21132120,123456,Huỳnh Quốc Lộc,sv21132120@student.edu.vn,0924728505,STUDENT
21132121,123456,Dương Kim An,sv21132121@student.edu.vn,0947073623,STUDENT
21132122,123456,Phạm Thu Hiếu,sv21132122@student.edu.vn,0963243696,STUDENT
21132123,123456,Trần Thị Hương,sv21132123@student.edu.vn,0978379893,STUDENT
21132124,123456,Lý Hải Phát,sv21132124@student.edu.vn,0941659251,STUDENT
21132125,123456,Phạm Hải Hùng,sv21132125@student.edu.vn,0920525355,STUDENT
21132126,123456,Phạm Thiện Em,sv21132126@student.edu.vn,0945925851,STUDENT
21132127,123456,Nguyễn Quang Tài,sv21132127@student.edu.vn,0961917431,STUDENT
21132128,123456,Nguyễn Nhật Hiếu,sv21132128@student.edu.vn,0975257076,STUDENT
21132129,123456,Đinh Hải Trang,sv21132129@student.edu.vn,0985595359,STUDENT
21132130,123456,Trịnh Văn Nhật,sv21132130@student.edu.vn,0924148118,STUDENT
21132131,123456,Ngô Hữu Bảo,sv21132131@student.edu.vn,0986497221,STUDENT
21132132,123456,Đỗ Thanh Trung,sv21132132@student.edu.vn,0982384768,STUDENT
21132133,123456,Trần Thị Em,sv21132133@student.edu.vn,0913838795,STUDENT
21132134,123456,Lâm Phương Trung,sv21132134@student.edu.vn,0966993416,STUDENT
21132135,123456,Đặng Anh Hùng,sv21132135@student.edu.vn,0911722226,STUDENT
21132136,123456,Hồ Thanh Phúc,sv21132136@student.edu.vn,0929744501,STUDENT
21132137,123456,Nguyễn Hồng Trang,sv21132137@student.edu.vn,0958028536,STUDENT
21132138,123456,Hoàng Hồng Bình,sv21132138@student.edu.vn,0955379926,STUDENT
21132139,123456,Hồ Thiện Thảo,sv21132139@student.edu.vn,0994421407,STUDENT
21132140,123456,Lý Thị Trung,sv21132140@student.edu.vn,0993899257,STUDENT
21132141,123456,Bùi Tuấn Quân,sv21132141@student.edu.vn,0923492867,STUDENT
21132142,123456,Bùi Gia Em,sv21132142@student.edu.vn,0986015760,STUDENT
21132143,123456,Đoàn Đức Khoa,sv21132143@student.edu.vn,0936280825,STUDENT
21132144,123456,Lê Kim Yến,sv21132144@student.edu.vn,0956192519,STUDENT
21132145,123456,Đỗ Đức Phong,sv21132145@student.edu.vn,0917218220,STUDENT
21132146,123456,Cao Duy Duy,sv21132146@student.edu.vn,0971388917,STUDENT
21132147,123456,Phan Xuân Vinh,sv21132147@student.edu.vn,0945679468,STUDENT
21132148,123456,Trịnh Tuấn Toàn,sv21132148@student.edu.vn,0925348827,STUDENT
21132149,123456,Bùi Trung Hà,sv21132149@student.edu.vn,0933703833,STUDENT
21132150,123456,Đinh Đức Kiệt,sv21132150@student.edu.vn,0968037364,STUDENT
21132151,123456,Đinh Hoàng Em,sv21132151@student.edu.vn,0944631535,STUDENT
21132152,123456,Tạ Quang Duy,sv21132152@student.edu.vn,0931992514,STUDENT
21132153,123456,Cao Quốc Hiếu,sv21132153@student.edu.vn,0929068402,STUDENT
21132154,123456,Trần Thị Oanh,sv21132154@student.edu.vn,0955926376,STUDENT
21132155,123456,Trần Ngọc Hiếu,sv21132155@student.edu.vn,0930591078,STUDENT
21132156,123456,Đinh Hoàng Long,sv21132156@student.edu.vn,0923791060,STUDENT
21132157,123456,Mai Hải Sơn,sv21132157@student.edu.vn,0967445205,STUDENT
21132158,123456,Dương Duy Duy,sv21132158@student.edu.vn,0969515428,STUDENT
21132159,123456,Vũ Nhật Minh,sv21132159@student.edu.vn,0969672608,STUDENT
21132160,123456,Đinh Quốc Em,sv21132160@student.edu.vn,0957466964,STUDENT
21132161,123456,Tạ Nhật Nga,sv21132161@student.edu.vn,0973523241,STUDENT
21132162,123456,Đỗ Anh Trang,sv21132162@student.edu.vn,0991913998,STUDENT
21132163,123456,Hồ Văn Toàn,sv21132163@student.edu.vn,0969595962,STUDENT
21132164,123456,Nguyễn Xuân Nhật,sv21132164@student.edu.vn,0918646517,STUDENT
21132165,123456,Lâm Nhật Trang,sv21132165@student.edu.vn,0982804700,STUDENT
21132166,123456,Phạm Gia Lộc,sv21132166@student.edu.vn,0922540232,STUDENT
21132167,123456,Hồ Đức Long,sv21132167@student.edu.vn,0999985938,STUDENT
21132168,123456,Phan Hồng Long,sv21132168@student.edu.vn,0937119859,STUDENT
21132169,123456,Đoàn Thanh Linh,sv21132169@student.edu.vn,0991324813,STUDENT
21132170,123456,Bùi Văn Uyên,sv21132170@student.edu.vn,0969928724,STUDENT
21132171,123456,Phan Đức Cường,sv21132171@student.edu.vn,0937813702,STUDENT
21132172,123456,Đỗ Đức Duy,sv21132172@student.edu.vn,0916621830,STUDENT
21132173,123456,Võ Kim Kiệt,sv21132173@student.edu.vn,0989937504,STUDENT
21132174,123456,Đinh Tuấn Thắng,sv21132174@student.edu.vn,0949310095,STUDENT
21132175,123456,Mai Anh Nga,sv21132175@student.edu.vn,0926076735,STUDENT
21132176,123456,Cao Quốc Duy,sv21132176@student.edu.vn,0910651820,STUDENT
21132177,123456,Ngô Bảo Trí,sv21132177@student.edu.vn,0970810346,STUDENT
21132178,123456,Cao Hoàng Nam,sv21132178@student.edu.vn,0996879551,STUDENT
21132179,123456,Nguyễn Đức Uyên,sv21132179@student.edu.vn,0946782208,STUDENT
21132180,123456,Trịnh Thiện Minh,sv21132180@student.edu.vn,0991814098,STUDENT
21132181,123456,Lý Anh Thắng,sv21132181@student.edu.vn,0920086088,STUDENT
21132182,123456,Bùi Phương Em,sv21132182@student.edu.vn,0968403990,STUDENT
21132183,123456,Huỳnh Trung Minh,sv21132183@student.edu.vn,0923665493,STUDENT
21132184,123456,Vũ Gia An,sv21132184@student.edu.vn,0987897819,STUDENT
21132185,123456,Trần Phương Lan,sv21132185@student.edu.vn,0966240828,STUDENT
21132186,123456,Phan Gia Duy,sv21132186@student.edu.vn,0922963398,STUDENT
21132187,123456,Dương Hồng Minh,sv21132187@student.edu.vn,0988225135,STUDENT
21132188,123456,Lý Nhật Sơn,sv21132188@student.edu.vn,0964924450,STUDENT
21132189,123456,Trần Thiện Tài,sv21132189@student.edu.vn,0958468522,STUDENT
21132190,123456,Dương Hữu Trí,sv21132190@student.edu.vn,0916718525,STUDENT
21132191,123456,Phan Gia Lan,sv21132191@student.edu.vn,0961376107,STUDENT
21132192,123456,Đỗ Văn Rạng,sv21132192@student.edu.vn,0960652179,STUDENT
21132193,123456,Vũ Hồng Thảo,sv21132193@student.edu.vn,0993654641,STUDENT
21132194,123456,Phan Xuân Sơn,sv21132194@student.edu.vn,0947747244,STUDENT
21132195,123456,Ngô Anh Trang,sv21132195@student.edu.vn,0938982326,STUDENT
21132196,123456,Lâm Thị Huy,sv21132196@student.edu.vn,0910434453,STUDENT
21132197,123456,Mai Hữu Lộc,sv21132197@student.edu.vn,0936706362,STUDENT
21132198,123456,Nguyễn Xuân Lộc,sv21132198@student.edu.vn,0991683980,STUDENT
21132199,123456,Cao Xuân Đạt,sv21132199@student.edu.vn,0945147573,STUDENT
21132200,123456,Trần Thị Vân,sv21132200@student.edu.vn,0911001811,STUDENT
21132201,123456,Lý Quốc Hùng,sv21132201@student.edu.vn,0931089832,STUDENT
21132202,123456,Dương Phương Nam,sv21132202@student.edu.vn,0953095248,STUDENT
21132203,123456,Đỗ Trung Nam,sv21132203@student.edu.vn,0992933048,STUDENT
21132204,123456,Lâm Minh Phong,sv21132204@student.edu.vn,0972502470,STUDENT
21132205,123456,Phan Thiện Phong,sv21132205@student.edu.vn,0955855344,STUDENT
21132206,123456,Võ Thiện Toàn,sv21132206@student.edu.vn,0917431081,STUDENT
21132207,123456,Mai Minh Em,sv21132207@student.edu.vn,0962520636,STUDENT
21132208,123456,Trịnh Hải Long,sv21132208@student.edu.vn,0915894473,STUDENT
21132209,123456,Trịnh Xuân Quân,sv21132209@student.edu.vn,0984644697,STUDENT
21132210,123456,Lê Phương Vân,sv21132210@student.edu.vn,0915714895,STUDENT
21132211,123456,Huỳnh Hữu Tâm,sv21132211@student.edu.vn,0979565187,STUDENT
21132212,123456,Trịnh Nhật Tài,sv21132212@student.edu.vn,0910033024,STUDENT
21132213,123456,Huỳnh Ngọc Rạng,sv21132213@student.edu.vn,0914116024,STUDENT
21132214,123456,Bùi Tuấn Linh,sv21132214@student.edu.vn,0972828275,STUDENT
21132215,123456,Ngô Minh An,sv21132215@student.edu.vn,0912774991,STUDENT
21132216,123456,Hồ Gia Hương,sv21132216@student.edu.vn,0932907373,STUDENT
21132217,123456,Phạm Ngọc Hương,sv21132217@student.edu.vn,0937059233,STUDENT
21132218,123456,Hoàng Đức Hà,sv21132218@student.edu.vn,0917598870,STUDENT
21132219,123456,Nguyễn Thanh Trang,sv21132219@student.edu.vn,0970375121,STUDENT
21132220,123456,Lê Bảo Hiếu,sv21132220@student.edu.vn,0956766428,STUDENT
21132221,123456,Hồ Kim Nga,sv21132221@student.edu.vn,0988757775,STUDENT
21132222,123456,Lý Tuấn Sơn,sv21132222@student.edu.vn,0970946595,STUDENT
21132223,123456,Mai Hồng Hương,sv21132223@student.edu.vn,0970802638,STUDENT
21132224,123456,Hà Anh Đạt,sv21132224@student.edu.vn,0919810727,STUDENT
21132225,123456,Lý Thị Vân,sv21132225@student.edu.vn,0968841268,STUDENT
21132226,123456,Cao Hồng Khoa,sv21132226@student.edu.vn,0926199568,STUDENT
21132227,123456,Nguyễn Hữu Lan,sv21132227@student.edu.vn,0994686067,STUDENT
21132228,123456,Tạ Gia Thảo,sv21132228@student.edu.vn,0958234527,STUDENT
21132229,123456,Huỳnh Đức Thảo,sv21132229@student.edu.vn,0940173071,STUDENT
21132230,123456,Huỳnh Bảo Nhật,sv21132230@student.edu.vn,0963332460,STUDENT
21132231,123456,Tạ Hồng Phong,sv21132231@student.edu.vn,0982718552,STUDENT
21132232,123456,Võ Duy Vinh,sv21132232@student.edu.vn,0950844483,STUDENT
21132233,123456,Đỗ Trung Linh,sv21132233@student.edu.vn,0915403163,STUDENT
21132234,123456,Hà Tuấn Trung,sv21132234@student.edu.vn,0927946420,STUDENT
21132235,123456,Đoàn Bảo Lan,sv21132235@student.edu.vn,0937904850,STUDENT
21132236,123456,Tạ Thiện Trinh,sv21132236@student.edu.vn,0922286767,STUDENT
21132237,123456,Đỗ Trung Trang,sv21132237@student.edu.vn,0997606605,STUDENT
21132238,123456,Nguyễn Duy Tâm,sv21132238@student.edu.vn,0971672660,STUDENT
21132239,123456,Lê Nhật Quân,sv21132239@student.edu.vn,0941410370,STUDENT
21132240,123456,Dương Hoàng Sơn,sv21132240@student.edu.vn,0948325715,STUDENT
21132241,123456,Võ Ngọc Phúc,sv21132241@student.edu.vn,0995505079,STUDENT
21132242,123456,Đoàn Quốc Rạng,sv21132242@student.edu.vn,0935086728,STUDENT
21132243,123456,Hoàng Anh Oanh,sv21132243@student.edu.vn,0974935789,STUDENT
21132244,123456,Hồ Hoàng Phát,sv21132244@student.edu.vn,0944451536,STUDENT
21132245,123456,Hoàng Hải Thành,sv21132245@student.edu.vn,0950408570,STUDENT
21132246,123456,Lâm Hữu Em,sv21132246@student.edu.vn,0918313291,STUDENT
21132247,123456,Lý Kim Thắng,sv21132247@student.edu.vn,0941887175,STUDENT
21132248,123456,Lý Thu Lộc,sv21132248@student.edu.vn,0931725420,STUDENT
21132249,123456,Đỗ Xuân Thắng,sv21132249@student.edu.vn,0917488445,STUDENT
21132250,123456,Đoàn Hồng Tâm,sv21132250@student.edu.vn,0954906712,STUDENT
21132251,123456,Phạm Kim Hương,sv21132251@student.edu.vn,0914220020,STUDENT
21132252,123456,Đặng Hoàng Rạng,sv21132252@student.edu.vn,0915000132,STUDENT
21132253,123456,Trịnh Đức Nga,sv21132253@student.edu.vn,0950230724,STUDENT
21132254,123456,Lý Tuấn Vân,sv21132254@student.edu.vn,0983912891,STUDENT
21132255,123456,Trần Quốc Vinh,sv21132255@student.edu.vn,0939614494,STUDENT
21132256,123456,Lâm Minh Trinh,sv21132256@student.edu.vn,0948952975,STUDENT
21132257,123456,Phan Gia Bình,sv21132257@student.edu.vn,0953818038,STUDENT
21132258,123456,Lê Tuấn Tâm,sv21132258@student.edu.vn,0951479019,STUDENT
21132259,123456,Đinh Tuấn Duy,sv21132259@student.edu.vn,0933892517,STUDENT
21132260,123456,Mai Hải Long,sv21132260@student.edu.vn,0956967734,STUDENT
21132261,123456,Bùi Quang Trang,sv21132261@student.edu.vn,0964820055,STUDENT
21132262,123456,Hà Nhật Phát,sv21132262@student.edu.vn,0924618146,STUDENT
21132263,123456,Huỳnh Thu Hà,sv21132263@student.edu.vn,0929930675,STUDENT
21132264,123456,Nguyễn Hải Khánh,sv21132264@student.edu.vn,0954125843,STUDENT
21132265,123456,Đoàn Phương Em,sv21132265@student.edu.vn,0985335045,STUDENT
21132266,123456,Võ Gia Lan,sv21132266@student.edu.vn,0942085644,STUDENT
21132267,123456,Tạ Văn Xuân,sv21132267@student.edu.vn,0944928621,STUDENT
21132268,123456,Trần Phương Giang,sv21132268@student.edu.vn,0914160946,STUDENT
21132269,123456,Tạ Bảo Em,sv21132269@student.edu.vn,0996964343,STUDENT
21132270,123456,Hà Kim Nam,sv21132270@student.edu.vn,0991284244,STUDENT
21132271,123456,Lâm Văn Trung,sv21132271@student.edu.vn,0994896949,STUDENT
21132272,123456,Ngô Gia Lộc,sv21132272@student.edu.vn,0919108146,STUDENT
21132273,123456,Huỳnh Hồng Khoa,sv21132273@student.edu.vn,0922406376,STUDENT
21132274,123456,Trịnh Thị Vân,sv21132274@student.edu.vn,0925178948,STUDENT
21132275,123456,Đỗ Nhật Uyên,sv21132275@student.edu.vn,0976654606,STUDENT
21132276,123456,Đặng Trung Huy,sv21132276@student.edu.vn,0969548802,STUDENT
21132277,123456,Hoàng Bảo Trung,sv21132277@student.edu.vn,0933668179,STUDENT
21132278,123456,Hồ Phương Tâm,sv21132278@student.edu.vn,0975928140,STUDENT
21132279,123456,Trần Duy Bảo,sv21132279@student.edu.vn,0971176743,STUDENT
21132280,123456,Bùi Nhật Inh,sv21132280@student.edu.vn,0945725001,STUDENT
21132281,123456,Dương Ngọc Hương,sv21132281@student.edu.vn,0919554385,STUDENT
21132282,123456,Lý Thiện Yến,sv21132282@student.edu.vn,0944770878,STUDENT
21132283,123456,Phạm Thị Trí,sv21132283@student.edu.vn,0939038409,STUDENT
21132284,123456,Phạm Gia Thành,sv21132284@student.edu.vn,0964441005,STUDENT
21132285,123456,Huỳnh Kim Thành,sv21132285@student.edu.vn,0989416608,STUDENT
21132286,123456,Lê Thị Thành,sv21132286@student.edu.vn,0941725306,STUDENT
21132287,123456,Đoàn Hữu Vân,sv21132287@student.edu.vn,0967067817,STUDENT
21132288,123456,Hồ Trung Trí,sv21132288@student.edu.vn,0961827251,STUDENT
21132289,123456,Hồ Kim Lan,sv21132289@student.edu.vn,0928134464,STUDENT
21132290,123456,Võ Kim Vinh,sv21132290@student.edu.vn,0956300758,STUDENT
21132291,123456,Võ Minh Khánh,sv21132291@student.edu.vn,0973368869,STUDENT
21132292,123456,Dương Hoàng Cường,sv21132292@student.edu.vn,0981882027,STUDENT
21132293,123456,Đoàn Hải Vân,sv21132293@student.edu.vn,0988768908,STUDENT
21132294,123456,Võ Văn Quân,sv21132294@student.edu.vn,0976534661,STUDENT
21132295,123456,Bùi Văn Vân,sv21132295@student.edu.vn,0965546073,STUDENT
21132296,123456,Phạm Kim Tâm,sv21132296@student.edu.vn,0972988265,STUDENT
21132297,123456,Võ Thanh Yến,sv21132297@student.edu.vn,0925290120,STUDENT
21132298,123456,Đoàn Thu Lan,sv21132298@student.edu.vn,0991912244,STUDENT
21132299,123456,Huỳnh Anh Thành,sv21132299@student.edu.vn,0973983357,STUDENT
21132300,123456,Đặng Thanh Linh,sv21132300@student.edu.vn,0919717874,STUDENT
21132301,123456,Cao Xuân Kiệt,sv21132301@student.edu.vn,0970274824,STUDENT
21132302,123456,Lý Văn Long,sv21132302@student.edu.vn,0910405099,STUDENT
21132303,123456,Dương Quang Trinh,sv21132303@student.edu.vn,0944535925,STUDENT
21132304,123456,Ngô Gia Oanh,sv21132304@student.edu.vn,0950339612,STUDENT
21132305,123456,Tạ Hồng Xuân,sv21132305@student.edu.vn,0939884392,STUDENT
21132306,123456,Dương Văn Hà,sv21132306@student.edu.vn,0913573037,STUDENT
21132307,123456,Ngô Hải Rạng,sv21132307@student.edu.vn,0950590072,STUDENT
21132308,123456,Lê Quốc Phong,sv21132308@student.edu.vn,0916117447,STUDENT
21132309,123456,Nguyễn Kim Hiếu,sv21132309@student.edu.vn,0951936955,STUDENT
21132310,123456,Hoàng Thu Yến,sv21132310@student.edu.vn,0989392047,STUDENT
21132311,123456,Đỗ Nhật Hiếu,sv21132311@student.edu.vn,0913972736,STUDENT
21132312,123456,Đỗ Văn Lộc,sv21132312@student.edu.vn,0922794433,STUDENT
21132313,123456,Phan Thanh Kiệt,sv21132313@student.edu.vn,0982080000,STUDENT
21132314,123456,Trịnh Quang Nam,sv21132314@student.edu.vn,0952705324,STUDENT
21132315,123456,Lý Quang Tài,sv21132315@student.edu.vn,0950300254,STUDENT
21132316,123456,Trần Bảo Hương,sv21132316@student.edu.vn,0949498502,STUDENT
21132317,123456,Tạ Nhật Kiệt,sv21132317@student.edu.vn,0957926529,STUDENT
21132318,123456,Trần Nhật Lộc,sv21132318@student.edu.vn,0965166386,STUDENT
21132319,123456,Võ Hải Bình,sv21132319@student.edu.vn,0952356876,STUDENT
21132320,123456,Đặng Minh Phúc,sv21132320@student.edu.vn,0962612908,STUDENT
21132321,123456,Bùi Ngọc Trang,sv21132321@student.edu.vn,0985897188,STUDENT
21132322,123456,Hoàng Hồng Nam,sv21132322@student.edu.vn,0998442262,STUDENT
21132323,123456,Bùi Thiện Hà,sv21132323@student.edu.vn,0996976751,STUDENT
21132324,123456,Dương Ngọc Vinh,sv21132324@student.edu.vn,0926415356,STUDENT
21132325,123456,Nguyễn Hải Tùng,sv21132325@student.edu.vn,0988523015,STUDENT
21132326,123456,Phạm Thanh Hương,sv21132326@student.edu.vn,0994159792,STUDENT
21132327,123456,Phan Hải Hùng,sv21132327@student.edu.vn,0964460953,STUDENT
21132328,123456,Bùi Bảo Bảo,sv21132328@student.edu.vn,0996749504,STUDENT
21132329,123456,Đinh Bảo Nga,sv21132329@student.edu.vn,0985131513,STUDENT
21132330,123456,Trịnh Hồng Bảo,sv21132330@student.edu.vn,0937456416,STUDENT
21132331,123456,Đinh Hải Huy,sv21132331@student.edu.vn,0998998604,STUDENT
21132332,123456,Hồ Thanh An,sv21132332@student.edu.vn,0954178153,STUDENT
21132333,123456,Đoàn Thiện Khánh,sv21132333@student.edu.vn,0928031771,STUDENT
21132334,123456,Lê Hồng Sơn,sv21132334@student.edu.vn,0946032808,STUDENT
21132335,123456,Lý Minh Lộc,sv21132335@student.edu.vn,0985016395,STUDENT
21132336,123456,Lê Văn Minh,sv21132336@student.edu.vn,0959736993,STUDENT
21132337,123456,Tạ Xuân Em,sv21132337@student.edu.vn,0971252871,STUDENT
21132338,123456,Đoàn Thu Toàn,sv21132338@student.edu.vn,0921124540,STUDENT
21132339,123456,Lê Tuấn Lộc,sv21132339@student.edu.vn,0939015457,STUDENT
21132340,123456,Đỗ Quốc Duy,sv21132340@student.edu.vn,0938570488,STUDENT
21132341,123456,Võ Hữu Thảo,sv21132341@student.edu.vn,0910365851,STUDENT
21132342,123456,Hoàng Quang Vinh,sv21132342@student.edu.vn,0936310312,STUDENT
21132343,123456,Đinh Tuấn Xuân,sv21132343@student.edu.vn,0949217094,STUDENT
21132344,123456,Võ Phương Rạng,sv21132344@student.edu.vn,0943116800,STUDENT
21132345,123456,Vũ Nhật Em,sv21132345@student.edu.vn,0911544561,STUDENT
21132346,123456,Trần Bảo Trí,sv21132346@student.edu.vn,0928885576,STUDENT
21132347,123456,Cao Ngọc Trang,sv21132347@student.edu.vn,0923009250,STUDENT
21132348,123456,Hà Anh Giang,sv21132348@student.edu.vn,0988300767,STUDENT
21132349,123456,Bùi Xuân Hùng,sv21132349@student.edu.vn,0983604907,STUDENT
21132350,123456,Huỳnh Hải Tâm,sv21132350@student.edu.vn,0944082998,STUDENT
21132351,123456,Lâm Hoàng Trang,sv21132351@student.edu.vn,0991742541,STUDENT
21132352,123456,Lý Quốc Linh,sv21132352@student.edu.vn,0915748254,STUDENT
21132353,123456,Lê Gia Tài,sv21132353@student.edu.vn,0948592069,STUDENT
21132354,123456,Dương Kim Lộc,sv21132354@student.edu.vn,0997054272,STUDENT
21132355,123456,Phan Đức Inh,sv21132355@student.edu.vn,0941965719,STUDENT
21132356,123456,Hoàng Thiện Long,sv21132356@student.edu.vn,0925359101,STUDENT
21132357,123456,Hà Duy Yến,sv21132357@student.edu.vn,0961920106,STUDENT
21132358,123456,Đặng Hoàng Uyên,sv21132358@student.edu.vn,0949301163,STUDENT
21132359,123456,Phan Thiện Kiệt,sv21132359@student.edu.vn,0972349232,STUDENT
21132360,123456,Đinh Hồng Kiệt,sv21132360@student.edu.vn,0933453139,STUDENT
21132361,123456,Lê Trung Tùng,sv21132361@student.edu.vn,0929104326,STUDENT
21132362,123456,Đinh Hoàng Trinh,sv21132362@student.edu.vn,0914239696,STUDENT
21132363,123456,Trịnh Phương Oanh,sv21132363@student.edu.vn,0991870157,STUDENT
21132364,123456,Đinh Hữu Em,sv21132364@student.edu.vn,0941561924,STUDENT
21132365,123456,Hà Anh Hiếu,sv21132365@student.edu.vn,0990789866,STUDENT
21132366,123456,Hồ Duy Đạt,sv21132366@student.edu.vn,0970068973,STUDENT
21132367,123456,Mai Kim Sơn,sv21132367@student.edu.vn,0927207554,STUDENT
21132368,123456,Lê Thiện Trang,sv21132368@student.edu.vn,0916129995,STUDENT
21132369,123456,Trần Trung Cường,sv21132369@student.edu.vn,0971567873,STUDENT
21132370,123456,Trịnh Bảo Hiếu,sv21132370@student.edu.vn,0974996886,STUDENT
21132371,123456,Đoàn Thị Hà,sv21132371@student.edu.vn,0914658029,STUDENT
21132372,123456,Trịnh Quốc Thành,sv21132372@student.edu.vn,0938315769,STUDENT
21132373,123456,Võ Hữu Phát,sv21132373@student.edu.vn,0910031674,STUDENT
21132374,123456,Lý Phương Nam,sv21132374@student.edu.vn,0936204222,STUDENT
21132375,123456,Cao Thu Yến,sv21132375@student.edu.vn,0982714643,STUDENT
21132376,123456,Bùi Trung Trang,sv21132376@student.edu.vn,0950707137,STUDENT
21132377,123456,Phan Hữu Đạt,sv21132377@student.edu.vn,0996245491,STUDENT
21132378,123456,Mai Anh Rạng,sv21132378@student.edu.vn,0966717349,STUDENT
21132379,123456,Huỳnh Tuấn Bảo,sv21132379@student.edu.vn,0952320850,STUDENT
21132380,123456,Tạ Anh Bình,sv21132380@student.edu.vn,0934964130,STUDENT
21132381,123456,Tạ Nhật Duy,sv21132381@student.edu.vn,0979658054,STUDENT
21132382,123456,Phạm Duy Bảo,sv21132382@student.edu.vn,0965920946,STUDENT
21132383,123456,Lý Hồng Trang,sv21132383@student.edu.vn,0955710536,STUDENT
21132384,123456,Tạ Duy Xuân,sv21132384@student.edu.vn,0986273645,STUDENT
21132385,123456,Dương Ngọc Cường,sv21132385@student.edu.vn,0945360619,STUDENT
21132386,123456,Hà Hồng Thành,sv21132386@student.edu.vn,0924490978,STUDENT
21132387,123456,Đỗ Hoàng Duy,sv21132387@student.edu.vn,0920478034,STUDENT
21132388,123456,Hà Quang Hà,sv21132388@student.edu.vn,0991156813,STUDENT
21132389,123456,Lý Thanh An,sv21132389@student.edu.vn,0974754345,STUDENT
21132390,123456,Đinh Tuấn Yến,sv21132390@student.edu.vn,0983019710,STUDENT
21132391,123456,Huỳnh Hồng Giang,sv21132391@student.edu.vn,0973719737,STUDENT
21132392,123456,Lâm Kim Xuân,sv21132392@student.edu.vn,0956811547,STUDENT
21132393,123456,Bùi Gia Phong,sv21132393@student.edu.vn,0920312242,STUDENT
21132394,123456,Đoàn Hoàng Oanh,sv21132394@student.edu.vn,0916949810,STUDENT
21132395,123456,Hồ Tuấn Long,sv21132395@student.edu.vn,0990531771,STUDENT
21132396,123456,Phạm Thị Thảo,sv21132396@student.edu.vn,0951842195,STUDENT
21132397,123456,Đỗ Quốc Lộc,sv21132397@student.edu.vn,0955343392,STUDENT
21132398,123456,Hà Xuân Duy,sv21132398@student.edu.vn,0999662367,STUDENT
21132399,123456,Võ Nhật Duy,sv21132399@student.edu.vn,0963046554,STUDENT
21132400,123456,Đặng Xuân Lộc,sv21132400@student.edu.vn,0980671017,STUDENT
21132401,123456,Đoàn Thiện Inh,sv21132401@student.edu.vn,0979715677,STUDENT
21132402,123456,Đặng Gia Duy,sv21132402@student.edu.vn,0966314895,STUDENT
21132403,123456,Mai Gia Hiếu,sv21132403@student.edu.vn,0953817031,STUDENT
21132404,123456,Nguyễn Hoàng Duy,sv21132404@student.edu.vn,0940808612,STUDENT
21132405,123456,Võ Hải Hương,sv21132405@student.edu.vn,0981071756,STUDENT
21132406,123456,Hồ Bảo Em,sv21132406@student.edu.vn,0980837368,STUDENT
21132407,123456,Tạ Phương Xuân,sv21132407@student.edu.vn,0987142803,STUDENT
21132408,123456,Võ Trung Hiếu,sv21132408@student.edu.vn,0936227767,STUDENT
21132409,123456,Trần Thị Phúc,sv21132409@student.edu.vn,0962472902,STUDENT
21132410,123456,Bùi Quốc Minh,sv21132410@student.edu.vn,0921855294,STUDENT
21132411,123456,Lâm Thị An,sv21132411@student.edu.vn,0941805932,STUDENT
21132412,123456,Lâm Tuấn Phát,sv21132412@student.edu.vn,0950678646,STUDENT
21132413,123456,Đinh Phương Minh,sv21132413@student.edu.vn,0934378008,STUDENT
21132414,123456,Dương Hải Khoa,sv21132414@student.edu.vn,0984820370,STUDENT
21132415,123456,Hoàng Anh Rạng,sv21132415@student.edu.vn,0927118161,STUDENT
21132416,123456,Huỳnh Xuân Trang,sv21132416@student.edu.vn,0956246800,STUDENT
21132417,123456,Dương Thanh Oanh,sv21132417@student.edu.vn,0952186613,STUDENT
21132418,123456,Hồ Gia Yến,sv21132418@student.edu.vn,0998297418,STUDENT
21132419,123456,Trịnh Anh An,sv21132419@student.edu.vn,0955218179,STUDENT
21132420,123456,Hồ Văn Xuân,sv21132420@student.edu.vn,0987547954,STUDENT
21132421,123456,Lâm Hoàng Linh,sv21132421@student.edu.vn,0956391739,STUDENT
21132422,123456,Đặng Trung Vinh,sv21132422@student.edu.vn,0921132332,STUDENT
21132423,123456,Đặng Đức Phong,sv21132423@student.edu.vn,0958602942,STUDENT
21132424,123456,Lâm Duy Linh,sv21132424@student.edu.vn,0925190961,STUDENT
21132425,123456,Nguyễn Minh Trung,sv21132425@student.edu.vn,0978683524,STUDENT
21132426,123456,Huỳnh Đức Inh,sv21132426@student.edu.vn,0927508360,STUDENT
21132427,123456,Lê Quang Huy,sv21132427@student.edu.vn,0950270211,STUDENT
21132428,123456,Cao Tuấn Hương,sv21132428@student.edu.vn,0940517375,STUDENT
21132429,123456,Lý Hữu Lan,sv21132429@student.edu.vn,0913660250,STUDENT
21132430,123456,Phan Hoàng Xuân,sv21132430@student.edu.vn,0933373999,STUDENT
21132431,123456,Phan Tuấn Phát,sv21132431@student.edu.vn,0966940028,STUDENT
21132432,123456,Đinh Hữu Thảo,sv21132432@student.edu.vn,0947877811,STUDENT
21132433,123456,Cao Bảo Rạng,sv21132433@student.edu.vn,0982931129,STUDENT
21132434,123456,Đinh Trung Duy,sv21132434@student.edu.vn,0931710509,STUDENT
21132435,123456,Nguyễn Xuân Đạt,sv21132435@student.edu.vn,0992686157,STUDENT
21132436,123456,Vũ Phương Giang,sv21132436@student.edu.vn,0942069006,STUDENT
21132437,123456,Đặng Thiện Thắng,sv21132437@student.edu.vn,0953742413,STUDENT
21132438,123456,Hoàng Hải Quân,sv21132438@student.edu.vn,0961484436,STUDENT
21132439,123456,Đinh Minh Tùng,sv21132439@student.edu.vn,0973525374,STUDENT
21132440,123456,Đinh Ngọc Nga,sv21132440@student.edu.vn,0992632122,STUDENT
21132441,123456,Ngô Gia Giang,sv21132441@student.edu.vn,0990023123,STUDENT
21132442,123456,Võ Minh Vinh,sv21132442@student.edu.vn,0965477686,STUDENT
21132443,123456,Dương Thiện Quân,sv21132443@student.edu.vn,0941874529,STUDENT
21132444,123456,Lâm Trung Bình,sv21132444@student.edu.vn,0950684864,STUDENT
21132445,123456,Phan Văn Bảo,sv21132445@student.edu.vn,0959751564,STUDENT
21132446,123456,Cao Văn Hùng,sv21132446@student.edu.vn,0999667145,STUDENT
21132447,123456,Đoàn Ngọc Thắng,sv21132447@student.edu.vn,0930471200,STUDENT
21132448,123456,Trịnh Minh Nga,sv21132448@student.edu.vn,0998933029,STUDENT
21132449,123456,Phan Hải Tâm,sv21132449@student.edu.vn,0915259511,STUDENT
21132450,123456,Dương Duy Thảo,sv21132450@student.edu.vn,0930969990,STUDENT
21132451,123456,Bùi Bảo Tâm,sv21132451@student.edu.vn,0917689258,STUDENT
21132452,123456,Phan Thu Linh,sv21132452@student.edu.vn,0938375196,STUDENT
21132453,123456,Hà Hoàng Phúc,sv21132453@student.edu.vn,0910489115,STUDENT
21132454,123456,Bùi Thiện Nam,sv21132454@student.edu.vn,0995108410,STUDENT
21132455,123456,Huỳnh Hữu Đạt,sv21132455@student.edu.vn,0971525684,STUDENT
21132456,123456,Lý Tuấn Tài,sv21132456@student.edu.vn,0991538124,STUDENT
21132457,123456,Phan Thị Duy,sv21132457@student.edu.vn,0998206332,STUDENT
21132458,123456,Cao Trung Oanh,sv21132458@student.edu.vn,0960134020,STUDENT
21132459,123456,Mai Thu Hùng,sv21132459@student.edu.vn,0948210088,STUDENT
21132460,123456,Dương Duy Bảo,sv21132460@student.edu.vn,0919822669,STUDENT
21132461,123456,Phan Quốc Giang,sv21132461@student.edu.vn,0992862875,STUDENT
21132462,123456,Nguyễn Ngọc Minh,sv21132462@student.edu.vn,0958831010,STUDENT
21132463,123456,Ngô Quang Phúc,sv21132463@student.edu.vn,0938601754,STUDENT
21132464,123456,Đinh Thu Vinh,sv21132464@student.edu.vn,0977755409,STUDENT
21132465,123456,Huỳnh Đức Khoa,sv21132465@student.edu.vn,0939669165,STUDENT
21132466,123456,Đinh Thiện Phong,sv21132466@student.edu.vn,0955476004,STUDENT
21132467,123456,Đoàn Phương Hương,sv21132467@student.edu.vn,0982513854,STUDENT
21132468,123456,Huỳnh Ngọc Bảo,sv21132468@student.edu.vn,0971501258,STUDENT
21132469,123456,Bùi Minh An,sv21132469@student.edu.vn,0933740387,STUDENT
21132470,123456,Tạ Ngọc Nam,sv21132470@student.edu.vn,0959103459,STUDENT
21132471,123456,Tạ Nhật Sơn,sv21132471@student.edu.vn,0967292086,STUDENT
21132472,123456,Phan Hải Nga,sv21132472@student.edu.vn,0986838426,STUDENT
21132473,123456,Dương Trung Yến,sv21132473@student.edu.vn,0923189536,STUDENT
21132474,123456,Phan Văn An,sv21132474@student.edu.vn,0913571609,STUDENT
21132475,123456,Lê Văn Trung,sv21132475@student.edu.vn,0920242593,STUDENT
21132476,123456,Bùi Hải Khánh,sv21132476@student.edu.vn,0950339698,STUDENT
21132477,123456,Hà Hoàng Nhật,sv21132477@student.edu.vn,0996385692,STUDENT
21132478,123456,Lý Bảo Nga,sv21132478@student.edu.vn,0964974445,STUDENT
21132479,123456,Nguyễn Ngọc Bình,sv21132479@student.edu.vn,0911155695,STUDENT
21132480,123456,Võ Gia Thảo,sv21132480@student.edu.vn,0955935281,STUDENT
21132481,123456,Trịnh Gia Nhật,sv21132481@student.edu.vn,0927367922,STUDENT
21132482,123456,Mai Hải Oanh,sv21132482@student.edu.vn,0915262248,STUDENT
21132483,123456,Hồ Duy Oanh,sv21132483@student.edu.vn,0945112106,STUDENT
21132484,123456,Cao Hồng Minh,sv21132484@student.edu.vn,0975054113,STUDENT
21132485,123456,Nguyễn Thị Kiệt,sv21132485@student.edu.vn,0991843071,STUDENT
21132486,123456,Phan Minh Kiệt,sv21132486@student.edu.vn,0965522526,STUDENT
21132487,123456,Lê Phương Yến,sv21132487@student.edu.vn,0933180903,STUDENT
21132488,123456,Cao Bảo Xuân,sv21132488@student.edu.vn,0928702656,STUDENT
21132489,123456,Mai Thanh Xuân,sv21132489@student.edu.vn,0987159361,STUDENT
21132490,123456,Dương Thu Em,sv21132490@student.edu.vn,0952330306,STUDENT
21132491,123456,Đinh Kim Trí,sv21132491@student.edu.vn,0923335183,STUDENT
21132492,123456,Trịnh Minh Hà,sv21132492@student.edu.vn,0915987944,STUDENT
21132493,123456,Hồ Hải Trí,sv21132493@student.edu.vn,0949999143,STUDENT
21132494,123456,Đỗ Tuấn Quân,sv21132494@student.edu.vn,0939251451,STUDENT
21132495,123456,Phạm Thanh Nam,sv21132495@student.edu.vn,0963019185,STUDENT
21132496,123456,Lâm Quốc Kiệt,sv21132496@student.edu.vn,0957308344,STUDENT
21132497,123456,Bùi Xuân Hà,sv21132497@student.edu.vn,0991715636,STUDENT
21132498,123456,Võ Phương Uyên,sv21132498@student.edu.vn,0957886232,STUDENT
21132499,123456,Lý Thị Duy,sv21132499@student.edu.vn,0941065205,STUDENT
21132500,123456,Hoàng Nhật Hà,sv21132500@student.edu.vn,0930214177,STUDENT
21132501,123456,Lý Tuấn Oanh,sv21132501@student.edu.vn,0989257614,STUDENT
21132502,123456,Nguyễn Thiện Nam,sv21132502@student.edu.vn,0937156578,STUDENT
21132503,123456,Hà Xuân Vinh,sv21132503@student.edu.vn,0945904726,STUDENT
21132504,123456,Phan Đức Trang,sv21132504@student.edu.vn,0930303616,STUDENT
21132505,123456,Ngô Thanh Nhật,sv21132505@student.edu.vn,0999036758,STUDENT
21132506,123456,Bùi Hải Uyên,sv21132506@student.edu.vn,0914680189,STUDENT
21132507,123456,Phạm Thiện Lộc,sv21132507@student.edu.vn,0946629126,STUDENT
21132508,123456,Hồ Thanh Yến,sv21132508@student.edu.vn,0979276801,STUDENT
21132509,123456,Phan Trung Duy,sv21132509@student.edu.vn,0995733059,STUDENT
21132510,123456,Cao Phương Thảo,sv21132510@student.edu.vn,0939070774,STUDENT
21132511,123456,Tạ Đức Bảo,sv21132511@student.edu.vn,0995690917,STUDENT
21132512,123456,Hoàng Thị Thành,sv21132512@student.edu.vn,0934387290,STUDENT
21132513,123456,Cao Phương Bảo,sv21132513@student.edu.vn,0999579548,STUDENT
21132514,123456,Dương Đức Hùng,sv21132514@student.edu.vn,0917105426,STUDENT
21132515,123456,Lý Hồng Thảo,sv21132515@student.edu.vn,0996671445,STUDENT
21132516,123456,Trịnh Hồng Bình,sv21132516@student.edu.vn,0932152927,STUDENT
21132517,123456,Mai Ngọc Trí,sv21132517@student.edu.vn,0946031661,STUDENT
21132518,123456,Lý Quốc Nga,sv21132518@student.edu.vn,0978001817,STUDENT
21132519,123456,Ngô Hải Vân,sv21132519@student.edu.vn,0973962376,STUDENT
21132520,123456,Võ Duy Oanh,sv21132520@student.edu.vn,0991836973,STUDENT
21132521,123456,Mai Quốc Bảo,sv21132521@student.edu.vn,0974444329,STUDENT
21132522,123456,Đỗ Xuân Hương,sv21132522@student.edu.vn,0932049688,STUDENT
21132523,123456,Dương Minh Uyên,sv21132523@student.edu.vn,0952049638,STUDENT
21132524,123456,Lý Quốc Xuân,sv21132524@student.edu.vn,0947153866,STUDENT
21132525,123456,Hoàng Hoàng Vinh,sv21132525@student.edu.vn,0963770145,STUDENT
21132526,123456,Dương Anh Tài,sv21132526@student.edu.vn,0964378673,STUDENT
21132527,123456,Hồ Hải Trí,sv21132527@student.edu.vn,0928469290,STUDENT
21132528,123456,Phan Thanh Linh,sv21132528@student.edu.vn,0993941635,STUDENT
21132529,123456,Mai Tuấn Trung,sv21132529@student.edu.vn,0957250969,STUDENT
21132530,123456,Trần Duy Tùng,sv21132530@student.edu.vn,0981839071,STUDENT
21132531,123456,Trịnh Kim Trí,sv21132531@student.edu.vn,0945790724,STUDENT
21132532,123456,Lâm Phương Thành,sv21132532@student.edu.vn,0975755529,STUDENT
21132533,123456,Đoàn Kim Oanh,sv21132533@student.edu.vn,0931361339,STUDENT
21132534,123456,Đoàn Trung Vân,sv21132534@student.edu.vn,0917540714,STUDENT
21132535,123456,Bùi Đức Kiệt,sv21132535@student.edu.vn,0915110359,STUDENT
21132536,123456,Hoàng Quốc Hùng,sv21132536@student.edu.vn,0972861073,STUDENT
21132537,123456,Hồ Thiện Nam,sv21132537@student.edu.vn,0947047740,STUDENT
21132538,123456,Hoàng Hải Inh,sv21132538@student.edu.vn,0974453791,STUDENT
21132539,123456,Lê Ngọc Xuân,sv21132539@student.edu.vn,0978396664,STUDENT
21132540,123456,Cao Quốc Tài,sv21132540@student.edu.vn,0923467001,STUDENT
21132541,123456,Cao Hải Hà,sv21132541@student.edu.vn,0918613608,STUDENT
21132542,123456,Đặng Tuấn Khánh,sv21132542@student.edu.vn,0990105168,STUDENT
21132543,123456,Đặng Phương Tài,sv21132543@student.edu.vn,0953099764,STUDENT
21132544,123456,Tạ Hữu Đạt,sv21132544@student.edu.vn,0994690413,STUDENT
21132545,123456,Nguyễn Ngọc Em,sv21132545@student.edu.vn,0910903716,STUDENT
21132546,123456,Lâm Tuấn Bảo,sv21132546@student.edu.vn,0954922925,STUDENT
21132547,123456,Lâm Hữu Trang,sv21132547@student.edu.vn,0911087638,STUDENT
21132548,123456,Đinh Hoàng Linh,sv21132548@student.edu.vn,0922576316,STUDENT
21132549,123456,Lê Bảo Quân,sv21132549@student.edu.vn,0932732118,STUDENT
21132550,123456,Đoàn Nhật Khoa,sv21132550@student.edu.vn,0941508248,STUDENT
21132551,123456,Ngô Duy Thảo,sv21132551@student.edu.vn,0938916197,STUDENT
21132552,123456,Dương Phương Trinh,sv21132552@student.edu.vn,0926448242,STUDENT
21132553,123456,Cao Ngọc Uyên,sv21132553@student.edu.vn,0927162866,STUDENT
21132554,123456,Hoàng Thị Thảo,sv21132554@student.edu.vn,0935571642,STUDENT
21132555,123456,Hà Bảo Em,sv21132555@student.edu.vn,0969464085,STUDENT
21132556,123456,Đỗ Trung Thảo,sv21132556@student.edu.vn,0969113940,STUDENT
21132557,123456,Nguyễn Ngọc Phong,sv21132557@student.edu.vn,0946302799,STUDENT
21132558,123456,Phan Thị Trinh,sv21132558@student.edu.vn,0985133380,STUDENT
21132559,123456,Mai Tuấn Hà,sv21132559@student.edu.vn,0962576987,STUDENT
21132560,123456,Tạ Thanh Phát,sv21132560@student.edu.vn,0979257760,STUDENT
21132561,123456,Phan Thiện Vinh,sv21132561@student.edu.vn,0917485128,STUDENT
21132562,123456,Võ Hoàng Nam,sv21132562@student.edu.vn,0971454115,STUDENT
21132563,123456,Đinh Tuấn Vân,sv21132563@student.edu.vn,0934458945,STUDENT
21132564,123456,Tạ Hoàng Khánh,sv21132564@student.edu.vn,0962962847,STUDENT
21132565,123456,Ngô Hoàng Nam,sv21132565@student.edu.vn,0925107196,STUDENT
21132566,123456,Nguyễn Anh Quân,sv21132566@student.edu.vn,0943921049,STUDENT
21132567,123456,Đinh Phương Linh,sv21132567@student.edu.vn,0937863035,STUDENT
21132568,123456,Phạm Văn Bảo,sv21132568@student.edu.vn,0914990753,STUDENT
21132569,123456,Phạm Nhật Nga,sv21132569@student.edu.vn,0913245028,STUDENT
21132570,123456,Vũ Văn Giang,sv21132570@student.edu.vn,0919098168,STUDENT
21132571,123456,Cao Thanh Phát,sv21132571@student.edu.vn,0959755152,STUDENT
21132572,123456,Vũ Duy Trí,sv21132572@student.edu.vn,0981245721,STUDENT
21132573,123456,Đặng Xuân Tài,sv21132573@student.edu.vn,0925076243,STUDENT
21132574,123456,Ngô Quang Đạt,sv21132574@student.edu.vn,0914751936,STUDENT
21132575,123456,Bùi Hải Nga,sv21132575@student.edu.vn,0918563710,STUDENT
21132576,123456,Hoàng Anh Inh,sv21132576@student.edu.vn,0936188559,STUDENT
21132577,123456,Đoàn Trung Vân,sv21132577@student.edu.vn,0978288250,STUDENT
21132578,123456,Cao Quốc Vân,sv21132578@student.edu.vn,0932110420,STUDENT
21132579,123456,Cao Trung Bảo,sv21132579@student.edu.vn,0952796448,STUDENT
21132580,123456,Phạm Thị Cường,sv21132580@student.edu.vn,0947848119,STUDENT
21132581,123456,Hà Thị Tâm,sv21132581@student.edu.vn,0934852020,STUDENT
21132582,123456,Đinh Văn Quân,sv21132582@student.edu.vn,0943930974,STUDENT
21132583,123456,Hoàng Ngọc Hiếu,sv21132583@student.edu.vn,0967007150,STUDENT
21132584,123456,Phan Quang Tùng,sv21132584@student.edu.vn,0991953305,STUDENT
21132585,123456,Đỗ Thiện Giang,sv21132585@student.edu.vn,0985585406,STUDENT
21132586,123456,Đinh Duy Khánh,sv21132586@student.edu.vn,0978063862,STUDENT
21132587,123456,Đinh Hoàng Huy,sv21132587@student.edu.vn,0980393372,STUDENT
21132588,123456,Hà Xuân Thảo,sv21132588@student.edu.vn,0930389795,STUDENT
21132589,123456,Cao Văn Trang,sv21132589@student.edu.vn,0952655659,STUDENT
21132590,123456,Bùi Phương Sơn,sv21132590@student.edu.vn,0947848091,STUDENT
21132591,123456,Đoàn Quang Vinh,sv21132591@student.edu.vn,0976450065,STUDENT
21132592,123456,Lê Hồng Nam,sv21132592@student.edu.vn,0911741382,STUDENT
21132593,123456,Trần Nhật Thắng,sv21132593@student.edu.vn,0972958553,STUDENT
21132594,123456,Hoàng Duy Bình,sv21132594@student.edu.vn,0996012287,STUDENT
21132595,123456,Đinh Duy Trung,sv21132595@student.edu.vn,0997451872,STUDENT
21132596,123456,Phan Tuấn Nga,sv21132596@student.edu.vn,0963333396,STUDENT
21132597,123456,Hoàng Hồng Yến,sv21132597@student.edu.vn,0955593024,STUDENT
21132598,123456,Nguyễn Hồng Giang,sv21132598@student.edu.vn,0955491084,STUDENT
21132599,123456,Lâm Đức Quân,sv21132599@student.edu.vn,0966736473,STUDENT
21132600,123456,Đỗ Trung Linh,sv21132600@student.edu.vn,0942703541,STUDENT
21132601,123456,Hồ Nhật Khánh,sv21132601@student.edu.vn,0987595841,STUDENT
21132602,123456,Đỗ Ngọc Sơn,sv21132602@student.edu.vn,0927153181,STUDENT
21132603,123456,Phan Bảo Nam,sv21132603@student.edu.vn,0947221046,STUDENT
21132604,123456,Đỗ Ngọc Long,sv21132604@student.edu.vn,0921182558,STUDENT
21132605,123456,Bùi Thị Quân,sv21132605@student.edu.vn,0985133488,STUDENT
21132606,123456,Lý Quang Vinh,sv21132606@student.edu.vn,0970200191,STUDENT
21132607,123456,Đặng Ngọc Hùng,sv21132607@student.edu.vn,0958689642,STUDENT
21132608,123456,Lý Quang Tài,sv21132608@student.edu.vn,0989373481,STUDENT
21132609,123456,Đỗ Anh Phát,sv21132609@student.edu.vn,0911364531,STUDENT
21132610,123456,Bùi Kim Inh,sv21132610@student.edu.vn,0945742699,STUDENT
21132611,123456,Vũ Kim Tâm,sv21132611@student.edu.vn,0969693884,STUDENT
21132612,123456,Dương Kim Bình,sv21132612@student.edu.vn,0937627030,STUDENT
21132613,123456,Nguyễn Minh Duy,sv21132613@student.edu.vn,0920442719,STUDENT
21132614,123456,Phạm Quốc Trinh,sv21132614@student.edu.vn,0952472732,STUDENT
21132615,123456,Bùi Duy Khoa,sv21132615@student.edu.vn,0978802842,STUDENT
21132616,123456,Vũ Hữu Inh,sv21132616@student.edu.vn,0975370754,STUDENT
21132617,123456,Lý Kim Quân,sv21132617@student.edu.vn,0950645209,STUDENT
21132618,123456,Hoàng Đức Trung,sv21132618@student.edu.vn,0916765523,STUDENT
21132619,123456,Trịnh Ngọc Minh,sv21132619@student.edu.vn,0916549574,STUDENT
21132620,123456,Hoàng Bảo Nga,sv21132620@student.edu.vn,0994891275,STUDENT
21132621,123456,Hoàng Ngọc Tài,sv21132621@student.edu.vn,0978475826,STUDENT
21132622,123456,Cao Duy Bình,sv21132622@student.edu.vn,0968256071,STUDENT
21132623,123456,Đặng Trung Hiếu,sv21132623@student.edu.vn,0975737875,STUDENT
21132624,123456,Lý Thanh Oanh,sv21132624@student.edu.vn,0961693289,STUDENT
21132625,123456,Nguyễn Nhật Inh,sv21132625@student.edu.vn,0964252242,STUDENT
21132626,123456,Cao Thanh Inh,sv21132626@student.edu.vn,0935670089,STUDENT
21132627,123456,Trịnh Hoàng Tâm,sv21132627@student.edu.vn,0983710642,STUDENT
21132628,123456,Đinh Thị Nhật,sv21132628@student.edu.vn,0945808932,STUDENT
21132629,123456,Bùi Phương Nam,sv21132629@student.edu.vn,0991996769,STUDENT
21132630,123456,Trịnh Quốc Nga,sv21132630@student.edu.vn,0962686701,STUDENT
21132631,123456,Vũ Quang Oanh,sv21132631@student.edu.vn,0930233703,STUDENT
21132632,123456,Võ Duy Kiệt,sv21132632@student.edu.vn,0969874947,STUDENT
21132633,123456,Đặng Thiện Trí,sv21132633@student.edu.vn,0929685414,STUDENT
21132634,123456,Cao Duy Bình,sv21132634@student.edu.vn,0915123940,STUDENT
21132635,123456,Bùi Tuấn Hương,sv21132635@student.edu.vn,0910134239,STUDENT
21132636,123456,Đỗ Duy Bình,sv21132636@student.edu.vn,0988635732,STUDENT
21132637,123456,Hồ Bảo Inh,sv21132637@student.edu.vn,0989835112,STUDENT
21132638,123456,Nguyễn Văn Oanh,sv21132638@student.edu.vn,0961216691,STUDENT
21132639,123456,Võ Thu Trung,sv21132639@student.edu.vn,0948416909,STUDENT
21132640,123456,Tạ Hồng Rạng,sv21132640@student.edu.vn,0966193160,STUDENT
21132641,123456,Trần Tuấn Trinh,sv21132641@student.edu.vn,0948613076,STUDENT
21132642,123456,Nguyễn Thu Uyên,sv21132642@student.edu.vn,0951751947,STUDENT
21132643,123456,Bùi Thu Trang,sv21132643@student.edu.vn,0982644829,STUDENT
21132644,123456,Ngô Hồng Nam,sv21132644@student.edu.vn,0997882052,STUDENT
21132645,123456,Đặng Trung Phong,sv21132645@student.edu.vn,0966987145,STUDENT
21132646,123456,Đặng Hoàng Em,sv21132646@student.edu.vn,0969691539,STUDENT
21132647,123456,Hồ Văn Quân,sv21132647@student.edu.vn,0943291554,STUDENT
21132648,123456,Võ Gia An,sv21132648@student.edu.vn,0927947364,STUDENT
21132649,123456,Trịnh Hồng Trinh,sv21132649@student.edu.vn,0972024377,STUDENT
21132650,123456,Phan Quang Thảo,sv21132650@student.edu.vn,0921681136,STUDENT
21132651,123456,Đỗ Hữu Phong,sv21132651@student.edu.vn,0917276835,STUDENT
21132652,123456,Mai Thị Nga,sv21132652@student.edu.vn,0910546524,STUDENT
21132653,123456,Phạm Bảo Xuân,sv21132653@student.edu.vn,0950252597,STUDENT
21132654,123456,Đặng Ngọc Huy,sv21132654@student.edu.vn,0997883800,STUDENT
21132655,123456,Ngô Quang Trung,sv21132655@student.edu.vn,0917105615,STUDENT
21132656,123456,Võ Hải Lan,sv21132656@student.edu.vn,0931113608,STUDENT
21132657,123456,Bùi Hải Thảo,sv21132657@student.edu.vn,0934923065,STUDENT
21132658,123456,Đặng Tuấn Bảo,sv21132658@student.edu.vn,0917605916,STUDENT
21132659,123456,Trần Thiện Huy,sv21132659@student.edu.vn,0916602531,STUDENT
21132660,123456,Huỳnh Nhật An,sv21132660@student.edu.vn,0915953035,STUDENT
21132661,123456,Võ Phương Toàn,sv21132661@student.edu.vn,0979933778,STUDENT
21132662,123456,Nguyễn Hồng Vân,sv21132662@student.edu.vn,0952191871,STUDENT
21132663,123456,Bùi Anh Trinh,sv21132663@student.edu.vn,0918316671,STUDENT
21132664,123456,Hồ Kim Đạt,sv21132664@student.edu.vn,0922863012,STUDENT
21132665,123456,Nguyễn Văn Toàn,sv21132665@student.edu.vn,0946316627,STUDENT
21132666,123456,Trịnh Minh Khánh,sv21132666@student.edu.vn,0991194853,STUDENT
21132667,123456,Hoàng Hải Hà,sv21132667@student.edu.vn,0912503524,STUDENT
21132668,123456,Phan Hồng Trinh,sv21132668@student.edu.vn,0982781221,STUDENT
21132669,123456,Huỳnh Hải Thảo,sv21132669@student.edu.vn,0962897940,STUDENT
21132670,123456,Đoàn Hữu Hùng,sv21132670@student.edu.vn,0926536677,STUDENT
21132671,123456,Lý Anh Kiệt,sv21132671@student.edu.vn,0993303060,STUDENT
21132672,123456,Đặng Kim Bảo,sv21132672@student.edu.vn,0948026285,STUDENT
21132673,123456,Hà Ngọc Inh,sv21132673@student.edu.vn,0934511523,STUDENT
21132674,123456,Vũ Minh Quân,sv21132674@student.edu.vn,0926964408,STUDENT
21132675,123456,Võ Hữu Rạng,sv21132675@student.edu.vn,0911124289,STUDENT
21132676,123456,Đặng Hoàng Phong,sv21132676@student.edu.vn,0914226098,STUDENT
21132677,123456,Hồ Văn Yến,sv21132677@student.edu.vn,0944565985,STUDENT
21132678,123456,Trần Hữu Thảo,sv21132678@student.edu.vn,0914361950,STUDENT
21132679,123456,Lý Hồng Thảo,sv21132679@student.edu.vn,0924419967,STUDENT
21132680,123456,Lê Xuân Cường,sv21132680@student.edu.vn,0946332942,STUDENT
21132681,123456,Vũ Hồng Tâm,sv21132681@student.edu.vn,0987545994,STUDENT
21132682,123456,Trần Quang Minh,sv21132682@student.edu.vn,0932277857,STUDENT
21132683,123456,Trịnh Ngọc Hương,sv21132683@student.edu.vn,0990024843,STUDENT
21132684,123456,Nguyễn Kim Trang,sv21132684@student.edu.vn,0946515555,STUDENT
21132685,123456,Cao Văn Bình,sv21132685@student.edu.vn,0939494297,STUDENT
21132686,123456,Phạm Hải Trinh,sv21132686@student.edu.vn,0921119283,STUDENT
21132687,123456,Hoàng Hải Kiệt,sv21132687@student.edu.vn,0936942875,STUDENT
21132688,123456,Hà Ngọc Nam,sv21132688@student.edu.vn,0984433805,STUDENT
21132689,123456,Lê Nhật Nam,sv21132689@student.edu.vn,0965186127,STUDENT
21132690,123456,Võ Bảo Bảo,sv21132690@student.edu.vn,0940845347,STUDENT
21132691,123456,Bùi Xuân Nga,sv21132691@student.edu.vn,0982072664,STUDENT
21132692,123456,Dương Thu Phúc,sv21132692@student.edu.vn,0948845528,STUDENT
21132693,123456,Lý Phương Thành,sv21132693@student.edu.vn,0923699598,STUDENT
21132694,123456,Võ Đức Minh,sv21132694@student.edu.vn,0992509490,STUDENT
21132695,123456,Đoàn Anh Kiệt,sv21132695@student.edu.vn,0951454291,STUDENT
21132696,123456,Hồ Kim Thảo,sv21132696@student.edu.vn,0941569924,STUDENT
21132697,123456,Bùi Hữu Tài,sv21132697@student.edu.vn,0960272539,STUDENT
21132698,123456,Cao Duy Lan,sv21132698@student.edu.vn,0924558213,STUDENT
21132699,123456,Tạ Hồng Trinh,sv21132699@student.edu.vn,0997828052,STUDENT
21132700,123456,Lý Gia Hùng,sv21132700@student.edu.vn,0949557057,STUDENT
21132701,123456,Lê Xuân Uyên,sv21132701@student.edu.vn,0931092961,STUDENT
21132702,123456,Phan Xuân Tùng,sv21132702@student.edu.vn,0917034767,STUDENT
21132703,123456,Vũ Quang Quân,sv21132703@student.edu.vn,0943766333,STUDENT
21132704,123456,Đỗ Thanh Hà,sv21132704@student.edu.vn,0996600494,STUDENT
21132705,123456,Đinh Hữu Duy,sv21132705@student.edu.vn,0981420518,STUDENT
21132706,123456,Đoàn Thị Thảo,sv21132706@student.edu.vn,0940589026,STUDENT
21132707,123456,Bùi Ngọc Em,sv21132707@student.edu.vn,0911695900,STUDENT
21132708,123456,Bùi Gia Phong,sv21132708@student.edu.vn,0990613050,STUDENT
21132709,123456,Bùi Đức Vân,sv21132709@student.edu.vn,0987995430,STUDENT
21132710,123456,Đỗ Nhật Long,sv21132710@student.edu.vn,0928772319,STUDENT
21132711,123456,Vũ Quốc Nhật,sv21132711@student.edu.vn,0930984865,STUDENT
21132712,123456,Cao Thị Tài,sv21132712@student.edu.vn,0999101033,STUDENT
21132713,123456,Bùi Hoàng Phúc,sv21132713@student.edu.vn,0995231727,STUDENT
21132714,123456,Phạm Gia Trang,sv21132714@student.edu.vn,0929324838,STUDENT
21132715,123456,Đoàn Thanh Lộc,sv21132715@student.edu.vn,0948397773,STUDENT
21132716,123456,Cao Thị Khoa,sv21132716@student.edu.vn,0955335471,STUDENT
21132717,123456,Hoàng Hải Hương,sv21132717@student.edu.vn,0995091565,STUDENT
21132718,123456,Trần Anh Hà,sv21132718@student.edu.vn,0975893785,STUDENT
21132719,123456,Vũ Quốc Quân,sv21132719@student.edu.vn,0913872945,STUDENT
21132720,123456,Đặng Đức Kiệt,sv21132720@student.edu.vn,0911083100,STUDENT
21132721,123456,Đỗ Gia Nhật,sv21132721@student.edu.vn,0997081901,STUDENT
21132722,123456,Trần Bảo Xuân,sv21132722@student.edu.vn,0996112699,STUDENT
21132723,123456,Mai Hoàng Thành,sv21132723@student.edu.vn,0989714578,STUDENT
21132724,123456,Dương Quang Inh,sv21132724@student.edu.vn,0960072507,STUDENT
21132725,123456,Đỗ Gia Rạng,sv21132725@student.edu.vn,0955840494,STUDENT
21132726,123456,Lý Văn Hùng,sv21132726@student.edu.vn,0957969892,STUDENT
21132727,123456,Huỳnh Hoàng Tâm,sv21132727@student.edu.vn,0975840758,STUDENT
21132728,123456,Vũ Tuấn Minh,sv21132728@student.edu.vn,0947557898,STUDENT
21132729,123456,Trần Hữu Thảo,sv21132729@student.edu.vn,0971932215,STUDENT
21132730,123456,Hà Tuấn Phúc,sv21132730@student.edu.vn,0940374619,STUDENT
21132731,123456,Hồ Gia Lộc,sv21132731@student.edu.vn,0964157617,STUDENT
21132732,123456,Phạm Hoàng Trang,sv21132732@student.edu.vn,0959907298,STUDENT
21132733,123456,Đặng Xuân Minh,sv21132733@student.edu.vn,0995802764,STUDENT
21132734,123456,Cao Đức Trinh,sv21132734@student.edu.vn,0984016849,STUDENT
21132735,123456,Trần Hải Cường,sv21132735@student.edu.vn,0946126414,STUDENT
21132736,123456,Trịnh Gia Kiệt,sv21132736@student.edu.vn,0920988936,STUDENT
21132737,123456,Đặng Ngọc Inh,sv21132737@student.edu.vn,0934928776,STUDENT
21132738,123456,Phạm Thu Minh,sv21132738@student.edu.vn,0987624316,STUDENT
21132739,123456,Tạ Kim Thắng,sv21132739@student.edu.vn,0981920864,STUDENT
21132740,123456,Phạm Quang Phong,sv21132740@student.edu.vn,0973325327,STUDENT
21132741,123456,Đoàn Văn Khánh,sv21132741@student.edu.vn,0929084954,STUDENT
21132742,123456,Ngô Hoàng Tài,sv21132742@student.edu.vn,0953462630,STUDENT
21132743,123456,Hoàng Duy Rạng,sv21132743@student.edu.vn,0910207937,STUDENT
21132744,123456,Đoàn Thị Long,sv21132744@student.edu.vn,0950673324,STUDENT
21132745,123456,Phạm Xuân Vinh,sv21132745@student.edu.vn,0951308172,STUDENT
21132746,123456,Đinh Tuấn Phong,sv21132746@student.edu.vn,0993240770,STUDENT
21132747,123456,Dương Hoàng Uyên,sv21132747@student.edu.vn,0939127816,STUDENT
21132748,123456,Võ Đức Huy,sv21132748@student.edu.vn,0939397071,STUDENT
21132749,123456,Hồ Thanh Thành,sv21132749@student.edu.vn,0951170871,STUDENT
21132750,123456,Lý Quốc Rạng,sv21132750@student.edu.vn,0969682598,STUDENT
21132751,123456,Trịnh Đức Em,sv21132751@student.edu.vn,0957691152,STUDENT
21132752,123456,Hoàng Hoàng Quân,sv21132752@student.edu.vn,0931651184,STUDENT
21132753,123456,Tạ Duy Bảo,sv21132753@student.edu.vn,0973729715,STUDENT
21132754,123456,Cao Bảo Cường,sv21132754@student.edu.vn,0953548450,STUDENT
21132755,123456,Nguyễn Quốc Xuân,sv21132755@student.edu.vn,0936634258,STUDENT
21132756,123456,Tạ Trung Trung,sv21132756@student.edu.vn,0996494684,STUDENT
21132757,123456,Đặng Thu Hà,sv21132757@student.edu.vn,0960021568,STUDENT
21132758,123456,Ngô Xuân Nga,sv21132758@student.edu.vn,0973925957,STUDENT
21132759,123456,Võ Đức Nam,sv21132759@student.edu.vn,0950027808,STUDENT
21132760,123456,Bùi Ngọc Yến,sv21132760@student.edu.vn,0972360071,STUDENT
21132761,123456,Lâm Quốc An,sv21132761@student.edu.vn,0981277332,STUDENT
21132762,123456,Lê Gia Phúc,sv21132762@student.edu.vn,0924503085,STUDENT
21132763,123456,Lý Văn Trí,sv21132763@student.edu.vn,0925402291,STUDENT
21132764,123456,Trịnh Trung Minh,sv21132764@student.edu.vn,0970214942,STUDENT
21132765,123456,Lâm Văn Uyên,sv21132765@student.edu.vn,0931838181,STUDENT
21132766,123456,Phạm Nhật Bảo,sv21132766@student.edu.vn,0921557423,STUDENT
21132767,123456,Đặng Anh Giang,sv21132767@student.edu.vn,0963415839,STUDENT
21132768,123456,Đinh Đức Bình,sv21132768@student.edu.vn,0973176478,STUDENT
21132769,123456,Cao Ngọc Thành,sv21132769@student.edu.vn,0917963952,STUDENT
21132770,123456,Nguyễn Minh Tùng,sv21132770@student.edu.vn,0954024310,STUDENT
21132771,123456,Lý Kim Đạt,sv21132771@student.edu.vn,0919486711,STUDENT
21132772,123456,Bùi Thiện Hương,sv21132772@student.edu.vn,0970101338,STUDENT
21132773,123456,Nguyễn Hữu Lộc,sv21132773@student.edu.vn,0966245491,STUDENT
21132774,123456,Hà Hoàng An,sv21132774@student.edu.vn,0980670368,STUDENT
21132775,123456,Dương Hữu Em,sv21132775@student.edu.vn,0953448241,STUDENT
21132776,123456,Nguyễn Hoàng Bảo,sv21132776@student.edu.vn,0961957442,STUDENT
21132777,123456,Vũ Thu Cường,sv21132777@student.edu.vn,0917547084,STUDENT
21132778,123456,Trần Văn Phong,sv21132778@student.edu.vn,0933773565,STUDENT
21132779,123456,Hồ Thanh Thành,sv21132779@student.edu.vn,0947185353,STUDENT
21132780,123456,Đặng Thanh Bình,sv21132780@student.edu.vn,0944869940,STUDENT
21132781,123456,Trịnh Thanh Sơn,sv21132781@student.edu.vn,0948492225,STUDENT
21132782,123456,Lâm Hoàng Xuân,sv21132782@student.edu.vn,0954805288,STUDENT
21132783,123456,Trần Ngọc Khoa,sv21132783@student.edu.vn,0996539798,STUDENT
21132784,123456,Lê Văn Tâm,sv21132784@student.edu.vn,0933107368,STUDENT
21132785,123456,Trịnh Phương Rạng,sv21132785@student.edu.vn,0939952216,STUDENT
21132786,123456,Đỗ Quốc Thảo,sv21132786@student.edu.vn,0924193819,STUDENT
21132787,123456,Ngô Hoàng Huy,sv21132787@student.edu.vn,0915351974,STUDENT
21132788,123456,Võ Ngọc Tâm,sv21132788@student.edu.vn,0951328610,STUDENT
21132789,123456,Cao Duy Quân,sv21132789@student.edu.vn,0945036024,STUDENT
21132790,123456,Lê Hữu Tài,sv21132790@student.edu.vn,0918951208,STUDENT
21132791,123456,Trịnh Bảo Hiếu,sv21132791@student.edu.vn,0973111755,STUDENT
21132792,123456,Phan Văn Tài,sv21132792@student.edu.vn,0975593436,STUDENT
21132793,123456,Đinh Quốc Đạt,sv21132793@student.edu.vn,0946852138,STUDENT
21132794,123456,Phạm Phương Thảo,sv21132794@student.edu.vn,0913775368,STUDENT
21132795,123456,Huỳnh Gia Đạt,sv21132795@student.edu.vn,0947403762,STUDENT
21132796,123456,Bùi Quốc Khánh,sv21132796@student.edu.vn,0981577555,STUDENT
21132797,123456,Phạm Quang Trang,sv21132797@student.edu.vn,0991649555,STUDENT
21132798,123456,Lâm Tuấn Uyên,sv21132798@student.edu.vn,0917036626,STUDENT
21132799,123456,Hoàng Anh Khoa,sv21132799@student.edu.vn,0921102997,STUDENT
21132800,123456,Đỗ Tuấn Lan,sv21132800@student.edu.vn,0993993822,STUDENT
21132801,123456,Cao Thu Trí,sv21132801@student.edu.vn,0918356881,STUDENT
21132802,123456,Lý Hoàng Em,sv21132802@student.edu.vn,0978743647,STUDENT
21132803,123456,Trịnh Gia Nhật,sv21132803@student.edu.vn,0925532719,STUDENT
21132804,123456,Dương Quốc Lộc,sv21132804@student.edu.vn,0917817177,STUDENT
21132805,123456,Hồ Đức Tùng,sv21132805@student.edu.vn,0930767799,STUDENT
21132806,123456,Dương Hải Cường,sv21132806@student.edu.vn,0964417471,STUDENT
21132807,123456,Võ Minh Tâm,sv21132807@student.edu.vn,0983165958,STUDENT
21132808,123456,Hoàng Hải Vân,sv21132808@student.edu.vn,0981665571,STUDENT
21132809,123456,Đỗ Bảo Xuân,sv21132809@student.edu.vn,0947171357,STUDENT
21132810,123456,Lý Hữu Trí,sv21132810@student.edu.vn,0957156243,STUDENT
21132811,123456,Lý Thu Bảo,sv21132811@student.edu.vn,0960521483,STUDENT
21132812,123456,Lâm Hoàng Long,sv21132812@student.edu.vn,0910791007,STUDENT
21132813,123456,Đinh Hoàng Thắng,sv21132813@student.edu.vn,0935643194,STUDENT
21132814,123456,Lê Văn Thắng,sv21132814@student.edu.vn,0958894528,STUDENT
21132815,123456,Vũ Trung Lộc,sv21132815@student.edu.vn,0999200186,STUDENT
21132816,123456,Phạm Bảo Khoa,sv21132816@student.edu.vn,0957980318,STUDENT
21132817,123456,Hoàng Hải Thành,sv21132817@student.edu.vn,0951007607,STUDENT
21132818,123456,Trần Hải Inh,sv21132818@student.edu.vn,0992830766,STUDENT
21132819,123456,Phạm Hồng Thắng,sv21132819@student.edu.vn,0919022972,STUDENT
21132820,123456,Lý Đức Lộc,sv21132820@student.edu.vn,0920280663,STUDENT
21132821,123456,Dương Quốc Thảo,sv21132821@student.edu.vn,0918966854,STUDENT
21132822,123456,Đinh Anh Cường,sv21132822@student.edu.vn,0942882450,STUDENT
21132823,123456,Phạm Hải Hương,sv21132823@student.edu.vn,0964620079,STUDENT
21132824,123456,Mai Hồng Vinh,sv21132824@student.edu.vn,0976675872,STUDENT
21132825,123456,Mai Bảo Cường,sv21132825@student.edu.vn,0989970104,STUDENT
21132826,123456,Lâm Tuấn Khoa,sv21132826@student.edu.vn,0977665874,STUDENT
21132827,123456,Huỳnh Đức Trang,sv21132827@student.edu.vn,0963344562,STUDENT
21132828,123456,Tạ Quang Tài,sv21132828@student.edu.vn,0947879645,STUDENT
21132829,123456,Hồ Văn Linh,sv21132829@student.edu.vn,0975392663,STUDENT
21132830,123456,Trịnh Phương Giang,sv21132830@student.edu.vn,0920517574,STUDENT
21132831,123456,Tạ Hồng Tài,sv21132831@student.edu.vn,0972305157,STUDENT
21132832,123456,Dương Hữu Huy,sv21132832@student.edu.vn,0985516818,STUDENT
21132833,123456,Hoàng Hồng Khánh,sv21132833@student.edu.vn,0931029716,STUDENT
21132834,123456,Phạm Hữu Quân,sv21132834@student.edu.vn,0941569455,STUDENT
21132835,123456,Phan Thị Hương,sv21132835@student.edu.vn,0977955713,STUDENT
21132836,123456,Huỳnh Bảo Oanh,sv21132836@student.edu.vn,0960625099,STUDENT
21132837,123456,Đặng Phương Giang,sv21132837@student.edu.vn,0990605662,STUDENT
21132838,123456,Đặng Phương Nam,sv21132838@student.edu.vn,0963943688,STUDENT
21132839,123456,Võ Kim Thắng,sv21132839@student.edu.vn,0968244439,STUDENT
21132840,123456,Phạm Nhật Cường,sv21132840@student.edu.vn,0913423996,STUDENT
21132841,123456,Cao Nhật Phong,sv21132841@student.edu.vn,0971470490,STUDENT
21132842,123456,Đỗ Quang Toàn,sv21132842@student.edu.vn,0928545207,STUDENT
21132843,123456,Trần Hữu Trinh,sv21132843@student.edu.vn,0966549495,STUDENT
21132844,123456,Ngô Thị Nam,sv21132844@student.edu.vn,0963519492,STUDENT
21132845,123456,Bùi Anh Bình,sv21132845@student.edu.vn,0959886618,STUDENT
21132846,123456,Võ Thị Thắng,sv21132846@student.edu.vn,0953413004,STUDENT
21132847,123456,Đặng Minh Trí,sv21132847@student.edu.vn,0961301458,STUDENT
21132848,123456,Hà Thị Bình,sv21132848@student.edu.vn,0963939400,STUDENT
21132849,123456,Cao Xuân Hiếu,sv21132849@student.edu.vn,0915013428,STUDENT
21132850,123456,Lê Thiện Rạng,sv21132850@student.edu.vn,0981483175,STUDENT
21132851,123456,Cao Hữu Thắng,sv21132851@student.edu.vn,0938174557,STUDENT
21132852,123456,Võ Xuân Toàn,sv21132852@student.edu.vn,0979947928,STUDENT
21132853,123456,Hồ Thanh Cường,sv21132853@student.edu.vn,0996691856,STUDENT
21132854,123456,Hồ Ngọc Phong,sv21132854@student.edu.vn,0983384604,STUDENT
21132855,123456,Trần Hữu Long,sv21132855@student.edu.vn,0931492217,STUDENT
21132856,123456,Trần Thu Tùng,sv21132856@student.edu.vn,0991450970,STUDENT
21132857,123456,Bùi Xuân Nhật,sv21132857@student.edu.vn,0968149937,STUDENT
21132858,123456,Phạm Quốc Inh,sv21132858@student.edu.vn,0976457756,STUDENT
21132859,123456,Phan Văn Uyên,sv21132859@student.edu.vn,0965263768,STUDENT
21132860,123456,Cao Bảo Nhật,sv21132860@student.edu.vn,0923220731,STUDENT
21132861,123456,Lý Thanh Phát,sv21132861@student.edu.vn,0941534779,STUDENT
21132862,123456,Hoàng Duy Khoa,sv21132862@student.edu.vn,0960981583,STUDENT
21132863,123456,Lý Hồng Trang,sv21132863@student.edu.vn,0989892098,STUDENT
21132864,123456,Hoàng Gia Khánh,sv21132864@student.edu.vn,0918005925,STUDENT
21132865,123456,Võ Nhật Trung,sv21132865@student.edu.vn,0928258768,STUDENT
21132866,123456,Trịnh Minh Toàn,sv21132866@student.edu.vn,0933910521,STUDENT
21132867,123456,Đặng Minh Khoa,sv21132867@student.edu.vn,0997677695,STUDENT
21132868,123456,Hồ Ngọc Thành,sv21132868@student.edu.vn,0996133264,STUDENT
21132869,123456,Nguyễn Minh Trung,sv21132869@student.edu.vn,0927881705,STUDENT
21132870,123456,Mai Ngọc Phúc,sv21132870@student.edu.vn,0981852671,STUDENT
21132871,123456,Phan Thị Vân,sv21132871@student.edu.vn,0914963538,STUDENT
21132872,123456,Tạ Hải Yến,sv21132872@student.edu.vn,0913384664,STUDENT
21132873,123456,Bùi Thu Thảo,sv21132873@student.edu.vn,0946663592,STUDENT
21132874,123456,Trịnh Nhật Phúc,sv21132874@student.edu.vn,0969755289,STUDENT
21132875,123456,Hoàng Minh Yến,sv21132875@student.edu.vn,0951945836,STUDENT
21132876,123456,Cao Hoàng An,sv21132876@student.edu.vn,0977071655,STUDENT
21132877,123456,Bùi Minh Em,sv21132877@student.edu.vn,0968936547,STUDENT
21132878,123456,Mai Hồng Cường,sv21132878@student.edu.vn,0951249987,STUDENT
21132879,123456,Hồ Nhật Huy,sv21132879@student.edu.vn,0923577869,STUDENT
21132880,123456,Dương Văn Trí,sv21132880@student.edu.vn,0953543808,STUDENT
21132881,123456,Đặng Phương Hương,sv21132881@student.edu.vn,0983983437,STUDENT
21132882,123456,Đoàn Trung Tâm,sv21132882@student.edu.vn,0974438310,STUDENT
21132883,123456,Mai Thanh Minh,sv21132883@student.edu.vn,0990819363,STUDENT
21132884,123456,Võ Duy Hiếu,sv21132884@student.edu.vn,0912731782,STUDENT
21132885,123456,Nguyễn Minh Cường,sv21132885@student.edu.vn,0984969309,STUDENT
21132886,123456,Hoàng Hoàng Tâm,sv21132886@student.edu.vn,0961023503,STUDENT
21132887,123456,Trịnh Thanh Rạng,sv21132887@student.edu.vn,0921735834,STUDENT
21132888,123456,Hồ Hoàng Kiệt,sv21132888@student.edu.vn,0959943325,STUDENT
21132889,123456,Trần Gia Khánh,sv21132889@student.edu.vn,0998883305,STUDENT
21132890,123456,Lê Minh Duy,sv21132890@student.edu.vn,0970194944,STUDENT
21132891,123456,Trần Gia Vân,sv21132891@student.edu.vn,0974014115,STUDENT
21132892,123456,Đặng Gia Sơn,sv21132892@student.edu.vn,0968062090,STUDENT
21132893,123456,Dương Hải Thảo,sv21132893@student.edu.vn,0979036777,STUDENT
21132894,123456,Nguyễn Ngọc Oanh,sv21132894@student.edu.vn,0946365026,STUDENT
21132895,123456,Ngô Phương Inh,sv21132895@student.edu.vn,0952193209,STUDENT
21132896,123456,Tạ Hồng Quân,sv21132896@student.edu.vn,0986421547,STUDENT
21132897,123456,Đỗ Duy Oanh,sv21132897@student.edu.vn,0931867961,STUDENT
21132898,123456,Đỗ Hồng Khánh,sv21132898@student.edu.vn,0915101773,STUDENT
21132899,123456,Đinh Tuấn Phát,sv21132899@student.edu.vn,0921297889,STUDENT
21132900,123456,Đinh Quang Giang,sv21132900@student.edu.vn,0966176475,STUDENT
21132901,123456,Huỳnh Trung Trinh,sv21132901@student.edu.vn,0939695576,STUDENT
21132902,123456,Bùi Đức Huy,sv21132902@student.edu.vn,0970471992,STUDENT
21132903,123456,Phan Quốc Duy,sv21132903@student.edu.vn,0992909925,STUDENT
21132904,123456,Hoàng Hoàng Linh,sv21132904@student.edu.vn,0926981047,STUDENT
21132905,123456,Phan Thu Thành,sv21132905@student.edu.vn,0924239906,STUDENT
21132906,123456,Dương Nhật Tùng,sv21132906@student.edu.vn,0991507104,STUDENT
21132907,123456,Trần Nhật Hiếu,sv21132907@student.edu.vn,0926720872,STUDENT
21132908,123456,Lý Thu Phát,sv21132908@student.edu.vn,0959796170,STUDENT
21132909,123456,Lý Bảo Sơn,sv21132909@student.edu.vn,0939361845,STUDENT
21132910,123456,Trần Đức Thảo,sv21132910@student.edu.vn,0973410658,STUDENT
21132911,123456,Vũ Ngọc Uyên,sv21132911@student.edu.vn,0968870917,STUDENT
21132912,123456,Đỗ Quốc Nam,sv21132912@student.edu.vn,0952696187,STUDENT
21132913,123456,Lâm Gia Hùng,sv21132913@student.edu.vn,0980057351,STUDENT
21132914,123456,Lý Thiện Lan,sv21132914@student.edu.vn,0955272655,STUDENT
21132915,123456,Đặng Nhật Minh,sv21132915@student.edu.vn,0942974468,STUDENT
21132916,123456,Đinh Thanh Phát,sv21132916@student.edu.vn,0957335234,STUDENT
21132917,123456,Đinh Thu Toàn,sv21132917@student.edu.vn,0950603667,STUDENT
21132918,123456,Hoàng Hồng Linh,sv21132918@student.edu.vn,0920217483,STUDENT
21132919,123456,Phan Thị Trí,sv21132919@student.edu.vn,0998426147,STUDENT
21132920,123456,Hồ Duy Duy,sv21132920@student.edu.vn,0913163935,STUDENT
21132921,123456,Mai Tuấn Xuân,sv21132921@student.edu.vn,0922524857,STUDENT
21132922,123456,Đặng Hải Kiệt,sv21132922@student.edu.vn,0934246532,STUDENT
21132923,123456,Tạ Văn Phong,sv21132923@student.edu.vn,0996473604,STUDENT
21132924,123456,Bùi Hoàng Tài,sv21132924@student.edu.vn,0981628102,STUDENT
21132925,123456,Trần Đức Trí,sv21132925@student.edu.vn,0975877480,STUDENT
21132926,123456,Bùi Tuấn Thảo,sv21132926@student.edu.vn,0936865965,STUDENT
21132927,123456,Huỳnh Hoàng Phúc,sv21132927@student.edu.vn,0911070583,STUDENT
21132928,123456,Đinh Nhật Phong,sv21132928@student.edu.vn,0977950143,STUDENT
21132929,123456,Tạ Hải Thảo,sv21132929@student.edu.vn,0990327319,STUDENT
21132930,123456,Nguyễn Hoàng Thành,sv21132930@student.edu.vn,0960315112,STUDENT
21132931,123456,Mai Thị Thắng,sv21132931@student.edu.vn,0930001405,STUDENT
21132932,123456,Phan Bảo Huy,sv21132932@student.edu.vn,0940467061,STUDENT
21132933,123456,Đoàn Quang Sơn,sv21132933@student.edu.vn,0972877880,STUDENT
21132934,123456,Hoàng Thanh Phát,sv21132934@student.edu.vn,0987872777,STUDENT
21132935,123456,Vũ Gia Trinh,sv21132935@student.edu.vn,0922789287,STUDENT
21132936,123456,Hoàng Nhật Hương,sv21132936@student.edu.vn,0964765258,STUDENT
21132937,123456,Nguyễn Nhật Trung,sv21132937@student.edu.vn,0991302170,STUDENT
21132938,123456,Phan Hữu Uyên,sv21132938@student.edu.vn,0960891446,STUDENT
21132939,123456,Đinh Hồng Phát,sv21132939@student.edu.vn,0914973794,STUDENT
21132940,123456,Ngô Hồng Phát,sv21132940@student.edu.vn,0996689510,STUDENT
21132941,123456,Dương Bảo Thắng,sv21132941@student.edu.vn,0967940219,STUDENT
21132942,123456,Ngô Trung Oanh,sv21132942@student.edu.vn,0989948727,STUDENT
21132943,123456,Đỗ Quang Hà,sv21132943@student.edu.vn,0996573225,STUDENT
21132944,123456,Đoàn Trung Oanh,sv21132944@student.edu.vn,0990525400,STUDENT
21132945,123456,Phạm Hải Đạt,sv21132945@student.edu.vn,0947751825,STUDENT
21132946,123456,Hà Hải Giang,sv21132946@student.edu.vn,0969816875,STUDENT
21132947,123456,Tạ Đức Trung,sv21132947@student.edu.vn,0957301576,STUDENT
21132948,123456,Huỳnh Quang Trí,sv21132948@student.edu.vn,0927777031,STUDENT
21132949,123456,Hồ Nhật Tài,sv21132949@student.edu.vn,0974876779,STUDENT
21132950,123456,Đinh Gia Đạt,sv21132950@student.edu.vn,0948207519,STUDENT
21132951,123456,Dương Quốc Uyên,sv21132951@student.edu.vn,0917226073,STUDENT
21132952,123456,Nguyễn Gia Long,sv21132952@student.edu.vn,0936149529,STUDENT
21132953,123456,Đặng Hồng Trang,sv21132953@student.edu.vn,0911121506,STUDENT
21132954,123456,Đỗ Thiện Tùng,sv21132954@student.edu.vn,0981618753,STUDENT
21132955,123456,Trịnh Hoàng Hà,sv21132955@student.edu.vn,0968659604,STUDENT
21132956,123456,Lý Thanh Bình,sv21132956@student.edu.vn,0945091607,STUDENT
21132957,123456,Cao Hữu Trung,sv21132957@student.edu.vn,0956659787,STUDENT
21132958,123456,Phạm Thiện Hương,sv21132958@student.edu.vn,0943730541,STUDENT
21132959,123456,Hồ Kim Kiệt,sv21132959@student.edu.vn,0962552777,STUDENT
21132960,123456,Hoàng Thiện Hiếu,sv21132960@student.edu.vn,0950601674,STUDENT
21132961,123456,Phan Quốc Tài,sv21132961@student.edu.vn,0934484292,STUDENT
21132962,123456,Võ Trung Bình,sv21132962@student.edu.vn,0923139427,STUDENT
21132963,123456,Võ Quang Thảo,sv21132963@student.edu.vn,0984490021,STUDENT
21132964,123456,Võ Thu Tùng,sv21132964@student.edu.vn,0965112440,STUDENT
21132965,123456,Đặng Bảo Thảo,sv21132965@student.edu.vn,0992536135,STUDENT
21132966,123456,Đặng Thiện Trí,sv21132966@student.edu.vn,0956942085,STUDENT
21132967,123456,Đinh Trung Tâm,sv21132967@student.edu.vn,0922335951,STUDENT
21132968,123456,Lê Ngọc An,sv21132968@student.edu.vn,0963147657,STUDENT
21132969,123456,Hồ Gia Thắng,sv21132969@student.edu.vn,0976589912,STUDENT
21132970,123456,Nguyễn Tuấn Minh,sv21132970@student.edu.vn,0983773470,STUDENT
21132971,123456,Hà Hải Tài,sv21132971@student.edu.vn,0940085842,STUDENT
21132972,123456,Võ Anh Bảo,sv21132972@student.edu.vn,0912276755,STUDENT
21132973,123456,Lê Hồng Quân,sv21132973@student.edu.vn,0976799818,STUDENT
21132974,123456,Bùi Ngọc Thảo,sv21132974@student.edu.vn,0924162903,STUDENT
21132975,123456,Phạm Thu Yến,sv21132975@student.edu.vn,0998082222,STUDENT
21132976,123456,Cao Văn Trung,sv21132976@student.edu.vn,0954681705,STUDENT
21132977,123456,Đỗ Thu Nga,sv21132977@student.edu.vn,0978908397,STUDENT
21132978,123456,Nguyễn Bảo Yến,sv21132978@student.edu.vn,0988254298,STUDENT
21132979,123456,Bùi Kim Bảo,sv21132979@student.edu.vn,0914440315,STUDENT
21132980,123456,Phạm Anh Xuân,sv21132980@student.edu.vn,0945619009,STUDENT
21132981,123456,Vũ Ngọc Minh,sv21132981@student.edu.vn,0924624020,STUDENT
21132982,123456,Phan Hải Sơn,sv21132982@student.edu.vn,0944985124,STUDENT
21132983,123456,Cao Tuấn Thảo,sv21132983@student.edu.vn,0951466673,STUDENT
21132984,123456,Phan Duy Đạt,sv21132984@student.edu.vn,0962855339,STUDENT
21132985,123456,Đoàn Ngọc Hà,sv21132985@student.edu.vn,0965085932,STUDENT
21132986,123456,Lý Anh Tâm,sv21132986@student.edu.vn,0963044867,STUDENT
21132987,123456,Mai Thị Tùng,sv21132987@student.edu.vn,0926288485,STUDENT
21132988,123456,Dương Ngọc Oanh,sv21132988@student.edu.vn,0932776955,STUDENT
21132989,123456,Ngô Hữu Bảo,sv21132989@student.edu.vn,0916362571,STUDENT
21132990,123456,Tạ Hữu Phúc,sv21132990@student.edu.vn,0916667003,STUDENT
21132991,123456,Võ Thu Bình,sv21132991@student.edu.vn,0958222874,STUDENT
21132992,123456,Đinh Quang Giang,sv21132992@student.edu.vn,0911930853,STUDENT
21132993,123456,Trần Thanh Uyên,sv21132993@student.edu.vn,0958089971,STUDENT
21132994,123456,Đoàn Hoàng Hùng,sv21132994@student.edu.vn,0936181472,STUDENT
21132995,123456,Ngô Thị Uyên,sv21132995@student.edu.vn,0987280025,STUDENT
21132996,123456,Phan Phương Long,sv21132996@student.edu.vn,0940583314,STUDENT
21132997,123456,Đỗ Quang Nhật,sv21132997@student.edu.vn,0978679194,STUDENT
21132998,123456,Phan Hữu Trí,sv21132998@student.edu.vn,0940945804,STUDENT
21132999,123456,Cao Quốc Nga,sv21132999@student.edu.vn,0971659071,STUDENT
21133000,123456,Đoàn Hữu Uyên,sv21133000@student.edu.vn,0974793051,STUDENT
21133001,123456,Vũ Quốc Sơn,sv21133001@student.edu.vn,0959419592,STUDENT
21133002,123456,Hoàng Minh Thảo,sv21133002@student.edu.vn,0943360944,STUDENT
21133003,123456,Huỳnh Duy Trang,sv21133003@student.edu.vn,0970764321,STUDENT
21133004,123456,Lê Đức Thảo,sv21133004@student.edu.vn,0914264545,STUDENT
21133005,123456,Lê Thị Quân,sv21133005@student.edu.vn,0965977482,STUDENT
21133006,123456,Hồ Gia Bảo,sv21133006@student.edu.vn,0923342532,STUDENT
21133007,123456,Vũ Duy Hùng,sv21133007@student.edu.vn,0981358980,STUDENT
21133008,123456,Hà Thu Kiệt,sv21133008@student.edu.vn,0921261399,STUDENT
21133009,123456,Nguyễn Hoàng Nam,sv21133009@student.edu.vn,0976044629,STUDENT
21133010,123456,Hồ Trung Vân,sv21133010@student.edu.vn,0934697975,STUDENT
21133011,123456,Phạm Ngọc Minh,sv21133011@student.edu.vn,0935656180,STUDENT
21133012,123456,Nguyễn Phương Cường,sv21133012@student.edu.vn,0920456292,STUDENT
21133013,123456,Ngô Xuân Uyên,sv21133013@student.edu.vn,0984497339,STUDENT
21133014,123456,Cao Quốc Thành,sv21133014@student.edu.vn,0999693908,STUDENT
21133015,123456,Huỳnh Trung Toàn,sv21133015@student.edu.vn,0934258139,STUDENT
21133016,123456,Trịnh Anh Lan,sv21133016@student.edu.vn,0937704078,STUDENT
21133017,123456,Hoàng Phương Trang,sv21133017@student.edu.vn,0963842050,STUDENT
21133018,123456,Đặng Hồng Yến,sv21133018@student.edu.vn,0938243285,STUDENT
21133019,123456,Đặng Hải Vân,sv21133019@student.edu.vn,0952804677,STUDENT
21133020,123456,Ngô Đức Trang,sv21133020@student.edu.vn,0961671339,STUDENT
21133021,123456,Bùi Thị Cường,sv21133021@student.edu.vn,0985296332,STUDENT
21133022,123456,Bùi Trung Em,sv21133022@student.edu.vn,0949565527,STUDENT
21133023,123456,Hà Thị Rạng,sv21133023@student.edu.vn,0925260766,STUDENT
21133024,123456,Phan Hồng Lộc,sv21133024@student.edu.vn,0978947624,STUDENT
21133025,123456,Đoàn Bảo Inh,sv21133025@student.edu.vn,0946249082,STUDENT
21133026,123456,Nguyễn Thanh Rạng,sv21133026@student.edu.vn,0993189834,STUDENT
21133027,123456,Huỳnh Thu Phong,sv21133027@student.edu.vn,0914731494,STUDENT
21133028,123456,Đặng Văn Duy,sv21133028@student.edu.vn,0958762167,STUDENT
21133029,123456,Hoàng Ngọc An,sv21133029@student.edu.vn,0932327102,STUDENT
21133030,123456,Hà Hoàng Phong,sv21133030@student.edu.vn,0981807734,STUDENT
21133031,123456,Lê Nhật Kiệt,sv21133031@student.edu.vn,0919066369,STUDENT
21133032,123456,Huỳnh Hồng Nga,sv21133032@student.edu.vn,0915357915,STUDENT
21133033,123456,Phan Trung Tùng,sv21133033@student.edu.vn,0973185733,STUDENT
21133034,123456,Tạ Minh Oanh,sv21133034@student.edu.vn,0972800941,STUDENT
21133035,123456,Đỗ Thiện Huy,sv21133035@student.edu.vn,0962353573,STUDENT
21133036,123456,Lý Quang Lan,sv21133036@student.edu.vn,0976644641,STUDENT
21133037,123456,Hoàng Quang Lan,sv21133037@student.edu.vn,0931191838,STUDENT
21133038,123456,Mai Quốc Em,sv21133038@student.edu.vn,0952273421,STUDENT
21133039,123456,Lý Thị Vinh,sv21133039@student.edu.vn,0925806705,STUDENT
21133040,123456,Võ Trung Phúc,sv21133040@student.edu.vn,0990122435,STUDENT
21133041,123456,Cao Văn Nam,sv21133041@student.edu.vn,0971442407,STUDENT
21133042,123456,Hoàng Phương Duy,sv21133042@student.edu.vn,0927781812,STUDENT
21133043,123456,Đoàn Thu Long,sv21133043@student.edu.vn,0916614720,STUDENT
21133044,123456,Hoàng Minh Sơn,sv21133044@student.edu.vn,0935933813,STUDENT
21133045,123456,Cao Phương Xuân,sv21133045@student.edu.vn,0912608433,STUDENT
21133046,123456,Hồ Quang Rạng,sv21133046@student.edu.vn,0981701531,STUDENT
21133047,123456,Cao Thị Hương,sv21133047@student.edu.vn,0975930321,STUDENT
21133048,123456,Lê Gia Inh,sv21133048@student.edu.vn,0983284417,STUDENT
21133049,123456,Trịnh Hải Duy,sv21133049@student.edu.vn,0977097766,STUDENT
21133050,123456,Võ Hữu Duy,sv21133050@student.edu.vn,0969195338,STUDENT
21133051,123456,Vũ Kim Huy,sv21133051@student.edu.vn,0999006129,STUDENT
21133052,123456,Phạm Duy Nga,sv21133052@student.edu.vn,0974034219,STUDENT
21133053,123456,Đinh Gia Giang,sv21133053@student.edu.vn,0970298131,STUDENT
21133054,123456,Đinh Thị Duy,sv21133054@student.edu.vn,0940180476,STUDENT
21133055,123456,Võ Trung An,sv21133055@student.edu.vn,0923871006,STUDENT
21133056,123456,Đinh Anh Tâm,sv21133056@student.edu.vn,0910530683,STUDENT
21133057,123456,Bùi Văn Bảo,sv21133057@student.edu.vn,0956565424,STUDENT
21133058,123456,Hoàng Quốc Huy,sv21133058@student.edu.vn,0976239061,STUDENT
21133059,123456,Bùi Bảo Lộc,sv21133059@student.edu.vn,0949191929,STUDENT
21133060,123456,Đỗ Đức Tùng,sv21133060@student.edu.vn,0990496505,STUDENT
21133061,123456,Vũ Trung Vân,sv21133061@student.edu.vn,0920997906,STUDENT
21133062,123456,Hoàng Duy Trí,sv21133062@student.edu.vn,0952773477,STUDENT
21133063,123456,Hồ Xuân Em,sv21133063@student.edu.vn,0974144717,STUDENT
21133064,123456,Trần Phương Thành,sv21133064@student.edu.vn,0912630444,STUDENT
21133065,123456,Bùi Minh Nga,sv21133065@student.edu.vn,0921420834,STUDENT
21133066,123456,Ngô Gia Linh,sv21133066@student.edu.vn,0961433417,STUDENT
21133067,123456,Bùi Thị Toàn,sv21133067@student.edu.vn,0960579925,STUDENT
21133068,123456,Võ Thanh Bảo,sv21133068@student.edu.vn,0945986539,STUDENT
21133069,123456,Đỗ Hồng Phát,sv21133069@student.edu.vn,0937221272,STUDENT
21133070,123456,Võ Hải Oanh,sv21133070@student.edu.vn,0954450029,STUDENT
21133071,123456,Nguyễn Quang Uyên,sv21133071@student.edu.vn,0959376878,STUDENT
21133072,123456,Vũ Hoàng Tài,sv21133072@student.edu.vn,0921783234,STUDENT
21133073,123456,Ngô Kim Lan,sv21133073@student.edu.vn,0941171998,STUDENT
21133074,123456,Huỳnh Hữu Vân,sv21133074@student.edu.vn,0979497345,STUDENT
21133075,123456,Huỳnh Đức Hùng,sv21133075@student.edu.vn,0920494535,STUDENT
21133076,123456,Lâm Hải Minh,sv21133076@student.edu.vn,0926494986,STUDENT
21133077,123456,Lý Tuấn Thành,sv21133077@student.edu.vn,0948368701,STUDENT
21133078,123456,Hà Quốc Rạng,sv21133078@student.edu.vn,0933685537,STUDENT
21133079,123456,Phạm Thị Trí,sv21133079@student.edu.vn,0996714984,STUDENT
21133080,123456,Dương Hồng Phúc,sv21133080@student.edu.vn,0911710153,STUDENT
21133081,123456,Hồ Quốc Bảo,sv21133081@student.edu.vn,0939193332,STUDENT
21133082,123456,Hà Hải Kiệt,sv21133082@student.edu.vn,0997774671,STUDENT
21133083,123456,Phạm Nhật Vân,sv21133083@student.edu.vn,0980205410,STUDENT
21133084,123456,Đỗ Hữu Lan,sv21133084@student.edu.vn,0916135779,STUDENT
21133085,123456,Dương Văn Hiếu,sv21133085@student.edu.vn,0971441307,STUDENT
21133086,123456,Phan Thị Inh,sv21133086@student.edu.vn,0940549526,STUDENT
21133087,123456,Bùi Ngọc Huy,sv21133087@student.edu.vn,0929576816,STUDENT
21133088,123456,Tạ Anh Thắng,sv21133088@student.edu.vn,0975530390,STUDENT
21133089,123456,Tạ Xuân Thảo,sv21133089@student.edu.vn,0930895920,STUDENT
21133090,123456,Bùi Duy Em,sv21133090@student.edu.vn,0935217843,STUDENT
21133091,123456,Phạm Quốc Phát,sv21133091@student.edu.vn,0936150427,STUDENT
21133092,123456,Trần Văn Oanh,sv21133092@student.edu.vn,0994671439,STUDENT
21133093,123456,Đặng Hải Thắng,sv21133093@student.edu.vn,0945065563,STUDENT
21133094,123456,Bùi Quốc Oanh,sv21133094@student.edu.vn,0961508497,STUDENT
21133095,123456,Trịnh Xuân Vân,sv21133095@student.edu.vn,0950168052,STUDENT
21133096,123456,Hồ Phương Minh,sv21133096@student.edu.vn,0960749788,STUDENT
21133097,123456,Lý Kim Long,sv21133097@student.edu.vn,0922849195,STUDENT
21133098,123456,Võ Minh Bảo,sv21133098@student.edu.vn,0920278323,STUDENT
21133099,123456,Lê Thu Bình,sv21133099@student.edu.vn,0991667746,STUDENT
21133100,123456,Đoàn Hoàng Minh,sv21133100@student.edu.vn,0920021037,STUDENT
21133101,123456,Huỳnh Kim Giang,sv21133101@student.edu.vn,0978958328,STUDENT
21133102,123456,Đặng Văn Huy,sv21133102@student.edu.vn,0948213051,STUDENT
21133103,123456,Đặng Hải Thành,sv21133103@student.edu.vn,0922576362,STUDENT
21133104,123456,Nguyễn Hữu Bình,sv21133104@student.edu.vn,0926739420,STUDENT
21133105,123456,Lý Tuấn Vinh,sv21133105@student.edu.vn,0929387704,STUDENT
21133106,123456,Hồ Đức Toàn,sv21133106@student.edu.vn,0979106479,STUDENT
21133107,123456,Hoàng Bảo Lan,sv21133107@student.edu.vn,0973576117,STUDENT
21133108,123456,Mai Duy Phát,sv21133108@student.edu.vn,0946130265,STUDENT
21133109,123456,Cao Thanh Thảo,sv21133109@student.edu.vn,0915134383,STUDENT
21133110,123456,Trịnh Bảo Oanh,sv21133110@student.edu.vn,0911188917,STUDENT
21133111,123456,Võ Hữu Huy,sv21133111@student.edu.vn,0942820004,STUDENT
21133112,123456,Đỗ Ngọc Sơn,sv21133112@student.edu.vn,0958252400,STUDENT
21133113,123456,Hoàng Hoàng Vinh,sv21133113@student.edu.vn,0928909049,STUDENT
21133114,123456,Đoàn Gia Trang,sv21133114@student.edu.vn,0953198394,STUDENT
21133115,123456,Đinh Kim Linh,sv21133115@student.edu.vn,0949995980,STUDENT
21133116,123456,Võ Hồng Nhật,sv21133116@student.edu.vn,0971817889,STUDENT
21133117,123456,Cao Đức Duy,sv21133117@student.edu.vn,0966473531,STUDENT
21133118,123456,Đoàn Xuân Hùng,sv21133118@student.edu.vn,0957861169,STUDENT
21133119,123456,Ngô Tuấn Oanh,sv21133119@student.edu.vn,0970169161,STUDENT
21133120,123456,Đặng Ngọc Vân,sv21133120@student.edu.vn,0921727713,STUDENT
21133121,123456,Cao Thu Hà,sv21133121@student.edu.vn,0929615848,STUDENT
21133122,123456,Dương Thiện Nhật,sv21133122@student.edu.vn,0943320201,STUDENT
21133123,123456,Bùi Kim Hà,sv21133123@student.edu.vn,0948263703,STUDENT
21133124,123456,Huỳnh Hải Long,sv21133124@student.edu.vn,0986630850,STUDENT
21133125,123456,Vũ Thu Huy,sv21133125@student.edu.vn,0954834954,STUDENT
21133126,123456,Dương Nhật Em,sv21133126@student.edu.vn,0963442186,STUDENT
21133127,123456,Lý Ngọc Hà,sv21133127@student.edu.vn,0955727931,STUDENT
21133128,123456,Hà Tuấn Trí,sv21133128@student.edu.vn,0998485295,STUDENT
21133129,123456,Đỗ Thu Long,sv21133129@student.edu.vn,0915710990,STUDENT
21133130,123456,Cao Gia Quân,sv21133130@student.edu.vn,0948405664,STUDENT
21133131,123456,Ngô Ngọc Trang,sv21133131@student.edu.vn,0975079527,STUDENT
21133132,123456,Dương Anh Long,sv21133132@student.edu.vn,0996425860,STUDENT
21133133,123456,Lâm Anh Vân,sv21133133@student.edu.vn,0976819381,STUDENT
21133134,123456,Trịnh Quốc Hương,sv21133134@student.edu.vn,0958288470,STUDENT
21133135,123456,Lý Hữu Sơn,sv21133135@student.edu.vn,0927724650,STUDENT
21133136,123456,Hồ Ngọc Duy,sv21133136@student.edu.vn,0913860857,STUDENT
21133137,123456,Vũ Tuấn Tùng,sv21133137@student.edu.vn,0976117946,STUDENT
21133138,123456,Phan Hữu Phúc,sv21133138@student.edu.vn,0960192426,STUDENT
21133139,123456,Nguyễn Hữu Kiệt,sv21133139@student.edu.vn,0991480166,STUDENT
21133140,123456,Hồ Trung Tài,sv21133140@student.edu.vn,0959816525,STUDENT
21133141,123456,Tạ Bảo Vinh,sv21133141@student.edu.vn,0966414915,STUDENT
21133142,123456,Hồ Xuân Thảo,sv21133142@student.edu.vn,0964803594,STUDENT
21133143,123456,Đoàn Quang Huy,sv21133143@student.edu.vn,0987209517,STUDENT
21133144,123456,Trịnh Đức Hà,sv21133144@student.edu.vn,0996570960,STUDENT
21133145,123456,Võ Hồng Trinh,sv21133145@student.edu.vn,0988483493,STUDENT
21133146,123456,Mai Hoàng Rạng,sv21133146@student.edu.vn,0981832838,STUDENT
21133147,123456,Ngô Hồng Khánh,sv21133147@student.edu.vn,0949533411,STUDENT
21133148,123456,Đỗ Thiện Nhật,sv21133148@student.edu.vn,0943002695,STUDENT
21133149,123456,Cao Hồng Nam,sv21133149@student.edu.vn,0922004122,STUDENT
21133150,123456,Đoàn Trung Nga,sv21133150@student.edu.vn,0916043773,STUDENT
21133151,123456,Huỳnh Bảo Long,sv21133151@student.edu.vn,0974234851,STUDENT
21133152,123456,Bùi Thiện Thắng,sv21133152@student.edu.vn,0981564029,STUDENT
21133153,123456,Đỗ Xuân Inh,sv21133153@student.edu.vn,0983076068,STUDENT
21133154,123456,Phan Hồng Nam,sv21133154@student.edu.vn,0966442619,STUDENT
21133155,123456,Hoàng Hoàng Cường,sv21133155@student.edu.vn,0964297541,STUDENT
21133156,123456,Trần Bảo Quân,sv21133156@student.edu.vn,0971541046,STUDENT
21133157,123456,Trần Nhật Toàn,sv21133157@student.edu.vn,0991574540,STUDENT
21133158,123456,Võ Phương Trung,sv21133158@student.edu.vn,0942466587,STUDENT
21133159,123456,Phan Bảo Hà,sv21133159@student.edu.vn,0968380847,STUDENT
21133160,123456,Hoàng Minh Vân,sv21133160@student.edu.vn,0933435784,STUDENT
21133161,123456,Phạm Phương Trang,sv21133161@student.edu.vn,0911870893,STUDENT
21133162,123456,Phan Anh Phong,sv21133162@student.edu.vn,0948203386,STUDENT
21133163,123456,Lý Đức Sơn,sv21133163@student.edu.vn,0913070546,STUDENT
21133164,123456,Tạ Phương Tâm,sv21133164@student.edu.vn,0973450568,STUDENT
21133165,123456,Ngô Thanh Em,sv21133165@student.edu.vn,0954997583,STUDENT
21133166,123456,Lê Kim Trinh,sv21133166@student.edu.vn,0972690151,STUDENT
21133167,123456,Hà Thanh Hùng,sv21133167@student.edu.vn,0932680264,STUDENT
21133168,123456,Hà Quang Hùng,sv21133168@student.edu.vn,0989961721,STUDENT
21133169,123456,Trần Thanh Vân,sv21133169@student.edu.vn,0984760581,STUDENT
21133170,123456,Hoàng Gia Trang,sv21133170@student.edu.vn,0920101525,STUDENT
21133171,123456,Đinh Văn Duy,sv21133171@student.edu.vn,0922222868,STUDENT
21133172,123456,Trần Nhật Sơn,sv21133172@student.edu.vn,0924428507,STUDENT
21133173,123456,Lý Thanh Uyên,sv21133173@student.edu.vn,0934325372,STUDENT
21133174,123456,Hồ Hồng Bảo,sv21133174@student.edu.vn,0940500662,STUDENT
21133175,123456,Tạ Quang Toàn,sv21133175@student.edu.vn,0975321114,STUDENT
21133176,123456,Ngô Thanh Uyên,sv21133176@student.edu.vn,0920312215,STUDENT
21133177,123456,Ngô Đức Bình,sv21133177@student.edu.vn,0999627443,STUDENT
21133178,123456,Cao Hoàng Thắng,sv21133178@student.edu.vn,0966380534,STUDENT
21133179,123456,Hồ Hữu Oanh,sv21133179@student.edu.vn,0932084332,STUDENT
21133180,123456,Bùi Bảo Phong,sv21133180@student.edu.vn,0996879292,STUDENT
21133181,123456,Lý Ngọc Lan,sv21133181@student.edu.vn,0983160500,STUDENT
21133182,123456,Đặng Thanh Linh,sv21133182@student.edu.vn,0918667151,STUDENT
21133183,123456,Hà Hoàng Sơn,sv21133183@student.edu.vn,0969083354,STUDENT
21133184,123456,Đinh Hải Trinh,sv21133184@student.edu.vn,0994348274,STUDENT
21133185,123456,Mai Phương Minh,sv21133185@student.edu.vn,0910222171,STUDENT
21133186,123456,Phan Trung Huy,sv21133186@student.edu.vn,0977115047,STUDENT
21133187,123456,Lâm Thị Lan,sv21133187@student.edu.vn,0975844073,STUDENT
21133188,123456,Nguyễn Kim Tài,sv21133188@student.edu.vn,0954086493,STUDENT
21133189,123456,Huỳnh Kim Đạt,sv21133189@student.edu.vn,0976292026,STUDENT
21133190,123456,Đinh Minh Tài,sv21133190@student.edu.vn,0999589618,STUDENT
21133191,123456,Lâm Kim Minh,sv21133191@student.edu.vn,0944167605,STUDENT
21133192,123456,Lê Hoàng Bảo,sv21133192@student.edu.vn,0986341562,STUDENT
21133193,123456,Vũ Quốc Minh,sv21133193@student.edu.vn,0923304567,STUDENT
21133194,123456,Ngô Thị Vân,sv21133194@student.edu.vn,0964268671,STUDENT
21133195,123456,Trịnh Hải Nhật,sv21133195@student.edu.vn,0959183799,STUDENT
21133196,123456,Đinh Thanh Phúc,sv21133196@student.edu.vn,0937890460,STUDENT
21133197,123456,Phan Trung Trang,sv21133197@student.edu.vn,0933614130,STUDENT
21133198,123456,Đặng Hoàng Duy,sv21133198@student.edu.vn,0921389507,STUDENT
21133199,123456,Cao Hải Hương,sv21133199@student.edu.vn,0922821162,STUDENT
21133200,123456,Đoàn Trung Trang,sv21133200@student.edu.vn,0967269173,STUDENT
21133201,123456,Đặng Minh Nga,sv21133201@student.edu.vn,0932650044,STUDENT
21133202,123456,Trịnh Kim Thành,sv21133202@student.edu.vn,0961583474,STUDENT
21133203,123456,Phan Phương Xuân,sv21133203@student.edu.vn,0910072765,STUDENT
21133204,123456,Phan Anh Phong,sv21133204@student.edu.vn,0985811133,STUDENT
21133205,123456,Lâm Nhật Oanh,sv21133205@student.edu.vn,0996716904,STUDENT
21133206,123456,Đinh Đức Khoa,sv21133206@student.edu.vn,0920747001,STUDENT
21133207,123456,Bùi Minh Vinh,sv21133207@student.edu.vn,0970156483,STUDENT
21133208,123456,Lý Phương Yến,sv21133208@student.edu.vn,0939128708,STUDENT
21133209,123456,Nguyễn Đức Linh,sv21133209@student.edu.vn,0995126120,STUDENT
21133210,123456,Ngô Xuân Trung,sv21133210@student.edu.vn,0911607147,STUDENT
21133211,123456,Nguyễn Minh Khánh,sv21133211@student.edu.vn,0936909191,STUDENT
21133212,123456,Hoàng Hồng An,sv21133212@student.edu.vn,0943306510,STUDENT
21133213,123456,Đặng Bảo Phong,sv21133213@student.edu.vn,0960031714,STUDENT
21133214,123456,Đinh Minh Inh,sv21133214@student.edu.vn,0965629328,STUDENT
21133215,123456,Phạm Thị Khánh,sv21133215@student.edu.vn,0945482867,STUDENT
21133216,123456,Đoàn Văn Long,sv21133216@student.edu.vn,0998512382,STUDENT
21133217,123456,Ngô Đức Yến,sv21133217@student.edu.vn,0926146859,STUDENT
21133218,123456,Võ Duy Hùng,sv21133218@student.edu.vn,0943971298,STUDENT
21133219,123456,Bùi Minh Uyên,sv21133219@student.edu.vn,0927479195,STUDENT
21133220,123456,Lâm Minh Lan,sv21133220@student.edu.vn,0947618812,STUDENT
21133221,123456,Lý Hồng Hà,sv21133221@student.edu.vn,0979350504,STUDENT
21133222,123456,Trần Duy Đạt,sv21133222@student.edu.vn,0914567167,STUDENT
21133223,123456,Ngô Anh Hùng,sv21133223@student.edu.vn,0910477353,STUDENT
21133224,123456,Lý Đức Lộc,sv21133224@student.edu.vn,0922062943,STUDENT
21133225,123456,Trần Đức Nhật,sv21133225@student.edu.vn,0916186770,STUDENT
21133226,123456,Lâm Minh Tùng,sv21133226@student.edu.vn,0939525438,STUDENT
21133227,123456,Nguyễn Hải Trung,sv21133227@student.edu.vn,0942252573,STUDENT
21133228,123456,Trần Xuân Rạng,sv21133228@student.edu.vn,0998556867,STUDENT
21133229,123456,Ngô Anh Xuân,sv21133229@student.edu.vn,0995996499,STUDENT
21133230,123456,Dương Gia Vinh,sv21133230@student.edu.vn,0961156186,STUDENT
21133231,123456,Lê Quốc Thành,sv21133231@student.edu.vn,0974664106,STUDENT
21133232,123456,Huỳnh Trung Trí,sv21133232@student.edu.vn,0990203110,STUDENT
21133233,123456,Mai Hữu Linh,sv21133233@student.edu.vn,0949459478,STUDENT
21133234,123456,Lâm Quang Sơn,sv21133234@student.edu.vn,0946722782,STUDENT
21133235,123456,Hoàng Bảo Uyên,sv21133235@student.edu.vn,0946595099,STUDENT
21133236,123456,Trần Thiện Trang,sv21133236@student.edu.vn,0960172922,STUDENT
21133237,123456,Nguyễn Hải Toàn,sv21133237@student.edu.vn,0982366878,STUDENT
21133238,123456,Hồ Quang Nga,sv21133238@student.edu.vn,0920647121,STUDENT
21133239,123456,Huỳnh Hữu Phát,sv21133239@student.edu.vn,0916456375,STUDENT
21133240,123456,Hồ Ngọc Lan,sv21133240@student.edu.vn,0963197968,STUDENT
21133241,123456,Lý Bảo Vân,sv21133241@student.edu.vn,0980390705,STUDENT
21133242,123456,Võ Thị Hiếu,sv21133242@student.edu.vn,0984806824,STUDENT
21133243,123456,Đoàn Tuấn Long,sv21133243@student.edu.vn,0953588826,STUDENT
21133244,123456,Vũ Nhật Linh,sv21133244@student.edu.vn,0946709235,STUDENT
21133245,123456,Nguyễn Thị Thảo,sv21133245@student.edu.vn,0950988430,STUDENT
21133246,123456,Đỗ Văn Huy,sv21133246@student.edu.vn,0968122557,STUDENT
21133247,123456,Phan Hải Tâm,sv21133247@student.edu.vn,0953638645,STUDENT
21133248,123456,Đinh Thị Oanh,sv21133248@student.edu.vn,0981760010,STUDENT
21133249,123456,Trần Hoàng Thắng,sv21133249@student.edu.vn,0925662023,STUDENT
21133250,123456,Hồ Nhật Đạt,sv21133250@student.edu.vn,0946120270,STUDENT
21133251,123456,Bùi Gia Tâm,sv21133251@student.edu.vn,0925543396,STUDENT
21133252,123456,Đoàn Hoàng Trinh,sv21133252@student.edu.vn,0981605029,STUDENT
21133253,123456,Trịnh Quốc Bảo,sv21133253@student.edu.vn,0968534264,STUDENT
21133254,123456,Phan Văn Huy,sv21133254@student.edu.vn,0918402671,STUDENT
21133255,123456,Trịnh Duy Duy,sv21133255@student.edu.vn,0943544174,STUDENT
21133256,123456,Lâm Nhật Nam,sv21133256@student.edu.vn,0919295972,STUDENT
21133257,123456,Lê Thanh Khánh,sv21133257@student.edu.vn,0943047456,STUDENT
21133258,123456,Cao Thu Toàn,sv21133258@student.edu.vn,0972326759,STUDENT
21133259,123456,Vũ Thị Tài,sv21133259@student.edu.vn,0942486406,STUDENT
21133260,123456,Hà Hoàng Hương,sv21133260@student.edu.vn,0913890016,STUDENT
21133261,123456,Trịnh Phương Vinh,sv21133261@student.edu.vn,0981802840,STUDENT
21133262,123456,Lý Thiện Vinh,sv21133262@student.edu.vn,0918763339,STUDENT
21133263,123456,Tạ Minh Duy,sv21133263@student.edu.vn,0985330879,STUDENT
21133264,123456,Dương Ngọc Minh,sv21133264@student.edu.vn,0941246672,STUDENT
21133265,123456,Ngô Minh Đạt,sv21133265@student.edu.vn,0951178662,STUDENT
21133266,123456,Bùi Bảo Tài,sv21133266@student.edu.vn,0997814131,STUDENT
21133267,123456,Đinh Hải Thắng,sv21133267@student.edu.vn,0963758190,STUDENT
21133268,123456,Cao Văn Khoa,sv21133268@student.edu.vn,0934677913,STUDENT
21133269,123456,Dương Ngọc Trí,sv21133269@student.edu.vn,0967314673,STUDENT
21133270,123456,Đinh Đức Bình,sv21133270@student.edu.vn,0955194428,STUDENT
21133271,123456,Vũ Minh Lan,sv21133271@student.edu.vn,0950007123,STUDENT
21133272,123456,Lê Quốc Trinh,sv21133272@student.edu.vn,0983707398,STUDENT
21133273,123456,Dương Thị Long,sv21133273@student.edu.vn,0946557846,STUDENT
21133274,123456,Nguyễn Duy Vinh,sv21133274@student.edu.vn,0936792786,STUDENT
21133275,123456,Bùi Phương Lộc,sv21133275@student.edu.vn,0941515187,STUDENT
21133276,123456,Lý Trung Đạt,sv21133276@student.edu.vn,0995957439,STUDENT
21133277,123456,Đoàn Quang Uyên,sv21133277@student.edu.vn,0962058218,STUDENT
21133278,123456,Phạm Xuân Thắng,sv21133278@student.edu.vn,0958094223,STUDENT
21133279,123456,Mai Xuân Cường,sv21133279@student.edu.vn,0917723631,STUDENT
21133280,123456,Đỗ Bảo Em,sv21133280@student.edu.vn,0959047364,STUDENT
21133281,123456,Đặng Xuân Linh,sv21133281@student.edu.vn,0949545718,STUDENT
21133282,123456,Huỳnh Hồng Vân,sv21133282@student.edu.vn,0994500419,STUDENT
21133283,123456,Hồ Phương Trung,sv21133283@student.edu.vn,0950964275,STUDENT
21133284,123456,Vũ Quốc Đạt,sv21133284@student.edu.vn,0984204247,STUDENT
21133285,123456,Bùi Quang Lan,sv21133285@student.edu.vn,0943308805,STUDENT
21133286,123456,Phạm Thị Huy,sv21133286@student.edu.vn,0910384936,STUDENT
21133287,123456,Hồ Phương Uyên,sv21133287@student.edu.vn,0912467526,STUDENT
21133288,123456,Đặng Thanh Tùng,sv21133288@student.edu.vn,0952898996,STUDENT
21133289,123456,Trịnh Duy Hà,sv21133289@student.edu.vn,0964833500,STUDENT
21133290,123456,Lý Duy Long,sv21133290@student.edu.vn,0925066138,STUDENT
21133291,123456,Dương Trung Tâm,sv21133291@student.edu.vn,0919426979,STUDENT
21133292,123456,Hà Bảo Cường,sv21133292@student.edu.vn,0963277125,STUDENT
21133293,123456,Hà Trung Lan,sv21133293@student.edu.vn,0946513348,STUDENT
21133294,123456,Võ Hồng Trung,sv21133294@student.edu.vn,0950556756,STUDENT
21133295,123456,Lý Hải Phong,sv21133295@student.edu.vn,0969838016,STUDENT
21133296,123456,Huỳnh Minh Oanh,sv21133296@student.edu.vn,0930975210,STUDENT
21133297,123456,Tạ Nhật Sơn,sv21133297@student.edu.vn,0996620938,STUDENT
21133298,123456,Nguyễn Thu Toàn,sv21133298@student.edu.vn,0976259360,STUDENT
21133299,123456,Tạ Ngọc Rạng,sv21133299@student.edu.vn,0953795968,STUDENT
21133300,123456,Đinh Minh Hùng,sv21133300@student.edu.vn,0974403286,STUDENT
21133301,123456,Lê Ngọc Hiếu,sv21133301@student.edu.vn,0960935452,STUDENT
21133302,123456,Lâm Thu Em,sv21133302@student.edu.vn,0932507913,STUDENT
21133303,123456,Đoàn Văn Khánh,sv21133303@student.edu.vn,0990982319,STUDENT
21133304,123456,Trần Anh Lan,sv21133304@student.edu.vn,0988399813,STUDENT
21133305,123456,Bùi Trung Minh,sv21133305@student.edu.vn,0990007702,STUDENT
21133306,123456,Trần Quang Trang,sv21133306@student.edu.vn,0982612408,STUDENT
21133307,123456,Hồ Văn An,sv21133307@student.edu.vn,0999103368,STUDENT
21133308,123456,Ngô Minh Thảo,sv21133308@student.edu.vn,0976837845,STUDENT
21133309,123456,Phan Duy Vinh,sv21133309@student.edu.vn,0983208571,STUDENT
21133310,123456,Lý Hồng Tâm,sv21133310@student.edu.vn,0973134817,STUDENT
21133311,123456,Trịnh Thị Linh,sv21133311@student.edu.vn,0987632223,STUDENT
21133312,123456,Vũ Phương Hùng,sv21133312@student.edu.vn,0999822147,STUDENT
21133313,123456,Huỳnh Anh Trang,sv21133313@student.edu.vn,0927785076,STUDENT
21133314,123456,Dương Bảo Xuân,sv21133314@student.edu.vn,0961396850,STUDENT
21133315,123456,Mai Hoàng Xuân,sv21133315@student.edu.vn,0992236426,STUDENT
21133316,123456,Võ Quang Khoa,sv21133316@student.edu.vn,0973303972,STUDENT
21133317,123456,Dương Hữu Hùng,sv21133317@student.edu.vn,0977434466,STUDENT
21133318,123456,Đinh Văn Bảo,sv21133318@student.edu.vn,0957789568,STUDENT
21133319,123456,Trịnh Trung Tùng,sv21133319@student.edu.vn,0961729993,STUDENT
21133320,123456,Tạ Kim Duy,sv21133320@student.edu.vn,0986520656,STUDENT
21133321,123456,Bùi Kim Hùng,sv21133321@student.edu.vn,0997286446,STUDENT
21133322,123456,Tạ Văn Nga,sv21133322@student.edu.vn,0955938761,STUDENT
21133323,123456,Trần Văn Uyên,sv21133323@student.edu.vn,0983487522,STUDENT
21133324,123456,Đặng Đức Linh,sv21133324@student.edu.vn,0926874087,STUDENT
21133325,123456,Hoàng Hải Hùng,sv21133325@student.edu.vn,0965747956,STUDENT
21133326,123456,Võ Thanh Trí,sv21133326@student.edu.vn,0961494946,STUDENT
21133327,123456,Trịnh Minh Long,sv21133327@student.edu.vn,0947305074,STUDENT
21133328,123456,Mai Tuấn Linh,sv21133328@student.edu.vn,0987736762,STUDENT
21133329,123456,Mai Thị Quân,sv21133329@student.edu.vn,0975273381,STUDENT
21133330,123456,Đoàn Gia Rạng,sv21133330@student.edu.vn,0984206830,STUDENT
21133331,123456,Phạm Quốc Oanh,sv21133331@student.edu.vn,0984872726,STUDENT
21133332,123456,Phan Anh Bình,sv21133332@student.edu.vn,0961658063,STUDENT
21133333,123456,Hồ Minh Tùng,sv21133333@student.edu.vn,0911043722,STUDENT
21133334,123456,Tạ Thị Kiệt,sv21133334@student.edu.vn,0918964965,STUDENT
21133335,123456,Lê Quốc Toàn,sv21133335@student.edu.vn,0988698376,STUDENT
21133336,123456,Phạm Trung Nam,sv21133336@student.edu.vn,0918789529,STUDENT
21133337,123456,Dương Minh Nga,sv21133337@student.edu.vn,0947910276,STUDENT
21133338,123456,Đỗ Quang Trí,sv21133338@student.edu.vn,0912583191,STUDENT
21133339,123456,Võ Tuấn Nhật,sv21133339@student.edu.vn,0959728080,STUDENT
21133340,123456,Phan Hữu Trang,sv21133340@student.edu.vn,0934934840,STUDENT
21133341,123456,Cao Hoàng Hương,sv21133341@student.edu.vn,0977269411,STUDENT
21133342,123456,Nguyễn Hồng Trí,sv21133342@student.edu.vn,0926611903,STUDENT
21133343,123456,Hồ Nhật Hiếu,sv21133343@student.edu.vn,0979597348,STUDENT
21133344,123456,Hà Anh Hà,sv21133344@student.edu.vn,0967672109,STUDENT
21133345,123456,Đặng Bảo Khánh,sv21133345@student.edu.vn,0970610634,STUDENT
21133346,123456,Dương Hữu Vinh,sv21133346@student.edu.vn,0969320167,STUDENT
21133347,123456,Đinh Đức Thắng,sv21133347@student.edu.vn,0966716203,STUDENT
21133348,123456,Đinh Thị Nga,sv21133348@student.edu.vn,0967154987,STUDENT
21133349,123456,Mai Kim Kiệt,sv21133349@student.edu.vn,0946614249,STUDENT
21133350,123456,Đỗ Thu Bình,sv21133350@student.edu.vn,0955862371,STUDENT
21133351,123456,Vũ Hoàng Hiếu,sv21133351@student.edu.vn,0919574934,STUDENT
21133352,123456,Hồ Kim Nhật,sv21133352@student.edu.vn,0936463106,STUDENT
21133353,123456,Bùi Thanh Long,sv21133353@student.edu.vn,0979423401,STUDENT
21133354,123456,Ngô Phương Tài,sv21133354@student.edu.vn,0936521668,STUDENT
21133355,123456,Võ Xuân Thành,sv21133355@student.edu.vn,0972388383,STUDENT
21133356,123456,Lê Minh An,sv21133356@student.edu.vn,0993525025,STUDENT
21133357,123456,Nguyễn Phương Khoa,sv21133357@student.edu.vn,0992984341,STUDENT
21133358,123456,Lâm Gia Hiếu,sv21133358@student.edu.vn,0988793278,STUDENT
21133359,123456,Lâm Anh Trinh,sv21133359@student.edu.vn,0985781982,STUDENT
21133360,123456,Hà Quang Toàn,sv21133360@student.edu.vn,0983237128,STUDENT
21133361,123456,Bùi Đức Uyên,sv21133361@student.edu.vn,0930202938,STUDENT
21133362,123456,Hoàng Thiện Phong,sv21133362@student.edu.vn,0986678607,STUDENT
21133363,123456,Ngô Ngọc Phát,sv21133363@student.edu.vn,0922883941,STUDENT
21133364,123456,Lý Đức Xuân,sv21133364@student.edu.vn,0962259349,STUDENT
21133365,123456,Huỳnh Hồng Đạt,sv21133365@student.edu.vn,0929137710,STUDENT
21133366,123456,Hoàng Xuân Trinh,sv21133366@student.edu.vn,0931869286,STUDENT
21133367,123456,Hà Ngọc Thành,sv21133367@student.edu.vn,0987452770,STUDENT
21133368,123456,Lâm Hồng Inh,sv21133368@student.edu.vn,0998711149,STUDENT
21133369,123456,Lê Hải Đạt,sv21133369@student.edu.vn,0921208964,STUDENT
21133370,123456,Phan Nhật Hiếu,sv21133370@student.edu.vn,0944443050,STUDENT
21133371,123456,Đặng Hải Hà,sv21133371@student.edu.vn,0938233416,STUDENT
21133372,123456,Nguyễn Văn Giang,sv21133372@student.edu.vn,0959343544,STUDENT
21133373,123456,Mai Anh Phúc,sv21133373@student.edu.vn,0991249510,STUDENT
21133374,123456,Đoàn Hữu Khánh,sv21133374@student.edu.vn,0996933186,STUDENT
21133375,123456,Đoàn Hữu Lộc,sv21133375@student.edu.vn,0978653843,STUDENT
21133376,123456,Nguyễn Thiện Yến,sv21133376@student.edu.vn,0934981706,STUDENT
21133377,123456,Hồ Hồng Thành,sv21133377@student.edu.vn,0962496452,STUDENT
21133378,123456,Tạ Văn Thảo,sv21133378@student.edu.vn,0989105692,STUDENT
21133379,123456,Tạ Ngọc Trinh,sv21133379@student.edu.vn,0970866643,STUDENT
21133380,123456,Hoàng Minh Yến,sv21133380@student.edu.vn,0913140226,STUDENT
21133381,123456,Dương Gia Trung,sv21133381@student.edu.vn,0967944181,STUDENT
21133382,123456,Mai Xuân Vân,sv21133382@student.edu.vn,0943576627,STUDENT
21133383,123456,Hoàng Anh Quân,sv21133383@student.edu.vn,0985358089,STUDENT
21133384,123456,Huỳnh Anh Lộc,sv21133384@student.edu.vn,0964533790,STUDENT
21133385,123456,Võ Thị Tài,sv21133385@student.edu.vn,0989317231,STUDENT
21133386,123456,Hồ Xuân Hiếu,sv21133386@student.edu.vn,0933251739,STUDENT
21133387,123456,Huỳnh Nhật Thành,sv21133387@student.edu.vn,0938593900,STUDENT
21133388,123456,Lâm Quốc Minh,sv21133388@student.edu.vn,0947341630,STUDENT
21133389,123456,Vũ Ngọc Tùng,sv21133389@student.edu.vn,0923116954,STUDENT
21133390,123456,Võ Duy Hương,sv21133390@student.edu.vn,0947238936,STUDENT
21133391,123456,Đinh Trung Phát,sv21133391@student.edu.vn,0981465457,STUDENT
21133392,123456,Lê Kim Rạng,sv21133392@student.edu.vn,0963687140,STUDENT
21133393,123456,Dương Hoàng Linh,sv21133393@student.edu.vn,0962625954,STUDENT
21133394,123456,Võ Quang Huy,sv21133394@student.edu.vn,0921219058,STUDENT
21133395,123456,Ngô Quang Phát,sv21133395@student.edu.vn,0988737428,STUDENT
21133396,123456,Phan Duy Thảo,sv21133396@student.edu.vn,0915139839,STUDENT
21133397,123456,Hoàng Minh Nam,sv21133397@student.edu.vn,0953605807,STUDENT
21133398,123456,Đỗ Hoàng Thắng,sv21133398@student.edu.vn,0955957391,STUDENT
21133399,123456,Phan Ngọc Hương,sv21133399@student.edu.vn,0912279692,STUDENT
21133400,123456,Lâm Quang Xuân,sv21133400@student.edu.vn,0948257014,STUDENT
21133401,123456,Mai Phương Lan,sv21133401@student.edu.vn,0941161647,STUDENT
21133402,123456,Dương Tuấn Inh,sv21133402@student.edu.vn,0942077623,STUDENT
21133403,123456,Hoàng Hữu Nhật,sv21133403@student.edu.vn,0997309580,STUDENT
21133404,123456,Tạ Nhật Giang,sv21133404@student.edu.vn,0915414112,STUDENT
21133405,123456,Hồ Gia Lan,sv21133405@student.edu.vn,0947435073,STUDENT
21133406,123456,Hoàng Duy Yến,sv21133406@student.edu.vn,0993950747,STUDENT
21133407,123456,Tạ Hồng Minh,sv21133407@student.edu.vn,0945327154,STUDENT
21133408,123456,Trần Hữu Sơn,sv21133408@student.edu.vn,0973430087,STUDENT
21133409,123456,Hoàng Thanh Rạng,sv21133409@student.edu.vn,0972884995,STUDENT
21133410,123456,Bùi Hoàng Phúc,sv21133410@student.edu.vn,0967522811,STUDENT
21133411,123456,Ngô Phương Huy,sv21133411@student.edu.vn,0929507928,STUDENT
21133412,123456,Huỳnh Quốc Bảo,sv21133412@student.edu.vn,0941215019,STUDENT
21133413,123456,Phan Bảo Inh,sv21133413@student.edu.vn,0958057220,STUDENT
21133414,123456,Đặng Nhật Đạt,sv21133414@student.edu.vn,0914382908,STUDENT
21133415,123456,Lê Văn Hùng,sv21133415@student.edu.vn,0966765501,STUDENT
21133416,123456,Đỗ Thị Phong,sv21133416@student.edu.vn,0928629318,STUDENT
21133417,123456,Phạm Phương Tùng,sv21133417@student.edu.vn,0974044835,STUDENT
21133418,123456,Lâm Gia Tâm,sv21133418@student.edu.vn,0943954062,STUDENT
21133419,123456,Đặng Kim Lan,sv21133419@student.edu.vn,0979699143,STUDENT
21133420,123456,Phạm Hữu Nga,sv21133420@student.edu.vn,0964005704,STUDENT
21133421,123456,Phạm Xuân Trang,sv21133421@student.edu.vn,0977485015,STUDENT
21133422,123456,Dương Thanh Huy,sv21133422@student.edu.vn,0977707749,STUDENT
21133423,123456,Lê Thanh Trung,sv21133423@student.edu.vn,0964174770,STUDENT
21133424,123456,Đinh Ngọc Đạt,sv21133424@student.edu.vn,0954407812,STUDENT
21133425,123456,Vũ Hồng Trinh,sv21133425@student.edu.vn,0950253483,STUDENT
21133426,123456,Hoàng Thu Khánh,sv21133426@student.edu.vn,0934746546,STUDENT
21133427,123456,Phan Nhật Kiệt,sv21133427@student.edu.vn,0936351631,STUDENT
21133428,123456,Vũ Kim Inh,sv21133428@student.edu.vn,0978507690,STUDENT
21133429,123456,Đỗ Tuấn Duy,sv21133429@student.edu.vn,0923871542,STUDENT
21133430,123456,Nguyễn Phương Hiếu,sv21133430@student.edu.vn,0913794735,STUDENT
21133431,123456,Phạm Hồng Nam,sv21133431@student.edu.vn,0929042970,STUDENT
21133432,123456,Đỗ Quang Hà,sv21133432@student.edu.vn,0962006425,STUDENT
21133433,123456,Lâm Hải Trang,sv21133433@student.edu.vn,0957538094,STUDENT
21133434,123456,Hồ Đức Nga,sv21133434@student.edu.vn,0955679891,STUDENT
21133435,123456,Phạm Nhật Bảo,sv21133435@student.edu.vn,0914082711,STUDENT
21133436,123456,Bùi Hữu Huy,sv21133436@student.edu.vn,0927208886,STUDENT
21133437,123456,Phạm Minh Thảo,sv21133437@student.edu.vn,0975190562,STUDENT
21133438,123456,Mai Minh Bình,sv21133438@student.edu.vn,0917081684,STUDENT
21133439,123456,Phan Đức Oanh,sv21133439@student.edu.vn,0953398786,STUDENT
21133440,123456,Hồ Quốc Tài,sv21133440@student.edu.vn,0921904877,STUDENT
21133441,123456,Võ Thị Oanh,sv21133441@student.edu.vn,0987146416,STUDENT
21133442,123456,Bùi Hồng Xuân,sv21133442@student.edu.vn,0970053973,STUDENT
21133443,123456,Lý Thanh Thành,sv21133443@student.edu.vn,0960578287,STUDENT
21133444,123456,Nguyễn Tuấn Giang,sv21133444@student.edu.vn,0993857887,STUDENT
21133445,123456,Đặng Hoàng Bảo,sv21133445@student.edu.vn,0959744373,STUDENT
21133446,123456,Phạm Quốc Uyên,sv21133446@student.edu.vn,0923507697,STUDENT
21133447,123456,Tạ Phương Nhật,sv21133447@student.edu.vn,0923025197,STUDENT
21133448,123456,Dương Anh Tài,sv21133448@student.edu.vn,0927569994,STUDENT
21133449,123456,Võ Thu Nam,sv21133449@student.edu.vn,0987663355,STUDENT
21133450,123456,Hoàng Hải Thảo,sv21133450@student.edu.vn,0979499566,STUDENT
21133451,123456,Dương Quốc Thắng,sv21133451@student.edu.vn,0916759467,STUDENT
21133452,123456,Hoàng Hoàng Minh,sv21133452@student.edu.vn,0943505613,STUDENT
21133453,123456,Lê Xuân Minh,sv21133453@student.edu.vn,0998901520,STUDENT
21133454,123456,Huỳnh Thiện Phúc,sv21133454@student.edu.vn,0993331894,STUDENT
21133455,123456,Lý Trung Inh,sv21133455@student.edu.vn,0985939644,STUDENT
21133456,123456,Phan Hoàng Tài,sv21133456@student.edu.vn,0977932674,STUDENT
21133457,123456,Huỳnh Duy Lộc,sv21133457@student.edu.vn,0966948293,STUDENT
21133458,123456,Trần Trung Trung,sv21133458@student.edu.vn,0933293031,STUDENT
21133459,123456,Trần Duy Trung,sv21133459@student.edu.vn,0982829415,STUDENT
21133460,123456,Bùi Duy Uyên,sv21133460@student.edu.vn,0970974776,STUDENT
21133461,123456,Trần Đức Phong,sv21133461@student.edu.vn,0947918662,STUDENT
21133462,123456,Trịnh Kim Trinh,sv21133462@student.edu.vn,0956193700,STUDENT
21133463,123456,Hồ Duy Duy,sv21133463@student.edu.vn,0984131005,STUDENT
21133464,123456,Lê Trung Thắng,sv21133464@student.edu.vn,0990542214,STUDENT
21133465,123456,Võ Hữu Thảo,sv21133465@student.edu.vn,0985861787,STUDENT
21133466,123456,Đinh Thanh Nhật,sv21133466@student.edu.vn,0985427675,STUDENT
21133467,123456,Đoàn Hải Toàn,sv21133467@student.edu.vn,0957909132,STUDENT
21133468,123456,Đặng Bảo Rạng,sv21133468@student.edu.vn,0912750667,STUDENT
21133469,123456,Bùi Quang Inh,sv21133469@student.edu.vn,0951768972,STUDENT
21133470,123456,Tạ Trung Trung,sv21133470@student.edu.vn,0970081402,STUDENT
21133471,123456,Đặng Hồng Trinh,sv21133471@student.edu.vn,0990853500,STUDENT
21133472,123456,Hà Tuấn Tùng,sv21133472@student.edu.vn,0978202146,STUDENT
21133473,123456,Võ Hoàng Trang,sv21133473@student.edu.vn,0974999200,STUDENT
21133474,123456,Hà Văn Phúc,sv21133474@student.edu.vn,0980115712,STUDENT
21133475,123456,Trần Gia Trinh,sv21133475@student.edu.vn,0985916835,STUDENT
21133476,123456,Đoàn Kim Toàn,sv21133476@student.edu.vn,0983526894,STUDENT
21133477,123456,Vũ Duy Oanh,sv21133477@student.edu.vn,0978732953,STUDENT
21133478,123456,Mai Duy Kiệt,sv21133478@student.edu.vn,0962120727,STUDENT
21133479,123456,Dương Minh Khánh,sv21133479@student.edu.vn,0969922783,STUDENT
21133480,123456,Vũ Hữu Thắng,sv21133480@student.edu.vn,0943515356,STUDENT
21133481,123456,Huỳnh Anh Duy,sv21133481@student.edu.vn,0941846835,STUDENT
21133482,123456,Hà Thị Vinh,sv21133482@student.edu.vn,0922073533,STUDENT
21133483,123456,Đoàn Thị Linh,sv21133483@student.edu.vn,0983689241,STUDENT
21133484,123456,Huỳnh Đức Minh,sv21133484@student.edu.vn,0987044248,STUDENT
21133485,123456,Vũ Xuân Xuân,sv21133485@student.edu.vn,0927149701,STUDENT
21133486,123456,Tạ Nhật Lộc,sv21133486@student.edu.vn,0999427548,STUDENT
21133487,123456,Trần Quang Long,sv21133487@student.edu.vn,0937644758,STUDENT
21133488,123456,Phan Thị Cường,sv21133488@student.edu.vn,0956632115,STUDENT
21133489,123456,Tạ Hải Uyên,sv21133489@student.edu.vn,0996455783,STUDENT
21133490,123456,Dương Hải Thành,sv21133490@student.edu.vn,0941002991,STUDENT
21133491,123456,Đoàn Gia Tùng,sv21133491@student.edu.vn,0963669893,STUDENT
21133492,123456,Đặng Thanh Sơn,sv21133492@student.edu.vn,0932582637,STUDENT
21133493,123456,Đặng Quang Phúc,sv21133493@student.edu.vn,0962596627,STUDENT
21133494,123456,Phạm Hoàng Hiếu,sv21133494@student.edu.vn,0985888195,STUDENT
21133495,123456,Đinh Hữu Trí,sv21133495@student.edu.vn,0937422263,STUDENT
21133496,123456,Đỗ Hoàng Hà,sv21133496@student.edu.vn,0935583827,STUDENT
21133497,123456,Huỳnh Quốc Hiếu,sv21133497@student.edu.vn,0917722058,STUDENT
21133498,123456,Võ Quang Hùng,sv21133498@student.edu.vn,0978874189,STUDENT
21133499,123456,Phan Xuân Sơn,sv21133499@student.edu.vn,0915388126,STUDENT
21133500,123456,Mai Xuân Huy,sv21133500@student.edu.vn,0985409829,STUDENT
21133501,123456,Hoàng Quang Trang,sv21133501@student.edu.vn,0945609827,STUDENT
21133502,123456,Lê Kim Tâm,sv21133502@student.edu.vn,0976366444,STUDENT
21133503,123456,Đặng Kim Trung,sv21133503@student.edu.vn,0969238385,STUDENT
21133504,123456,Hoàng Nhật Vân,sv21133504@student.edu.vn,0992268524,STUDENT
21133505,123456,Đặng Phương Tài,sv21133505@student.edu.vn,0911867440,STUDENT
21133506,123456,Phan Hoàng Đạt,sv21133506@student.edu.vn,0974554328,STUDENT
21133507,123456,Vũ Đức Tâm,sv21133507@student.edu.vn,0985332306,STUDENT
21133508,123456,Nguyễn Phương Hùng,sv21133508@student.edu.vn,0998503018,STUDENT
21133509,123456,Phạm Ngọc Phúc,sv21133509@student.edu.vn,0912929540,STUDENT
21133510,123456,Đoàn Anh Yến,sv21133510@student.edu.vn,0938693894,STUDENT
21133511,123456,Phan Thiện Duy,sv21133511@student.edu.vn,0925229115,STUDENT
21133512,123456,Nguyễn Thu Tâm,sv21133512@student.edu.vn,0968869908,STUDENT
21133513,123456,Vũ Xuân Khánh,sv21133513@student.edu.vn,0976774521,STUDENT
21133514,123456,Dương Thị Tâm,sv21133514@student.edu.vn,0942588896,STUDENT
21133515,123456,Ngô Phương Thắng,sv21133515@student.edu.vn,0927182641,STUDENT
21133516,123456,Đoàn Đức Rạng,sv21133516@student.edu.vn,0990349298,STUDENT
21133517,123456,Trịnh Thiện Nga,sv21133517@student.edu.vn,0970003608,STUDENT
21133518,123456,Mai Gia Phong,sv21133518@student.edu.vn,0951138580,STUDENT
21133519,123456,Nguyễn Hữu Sơn,sv21133519@student.edu.vn,0941722702,STUDENT
21133520,123456,Đoàn Quốc Giang,sv21133520@student.edu.vn,0971850441,STUDENT
21133521,123456,Trịnh Kim Đạt,sv21133521@student.edu.vn,0965658781,STUDENT
21133522,123456,Trịnh Hồng Bảo,sv21133522@student.edu.vn,0963036391,STUDENT
21133523,123456,Cao Hồng Phát,sv21133523@student.edu.vn,0971514051,STUDENT
21133524,123456,Phan Hoàng Lan,sv21133524@student.edu.vn,0986409809,STUDENT
21133525,123456,Mai Văn Inh,sv21133525@student.edu.vn,0910906382,STUDENT
21133526,123456,Lý Thanh Vinh,sv21133526@student.edu.vn,0930896928,STUDENT
21133527,123456,Phan Quốc Toàn,sv21133527@student.edu.vn,0930803587,STUDENT
21133528,123456,Đoàn Thị Giang,sv21133528@student.edu.vn,0925831482,STUDENT
21133529,123456,Lê Văn Khánh,sv21133529@student.edu.vn,0934819666,STUDENT
21133530,123456,Huỳnh Phương Huy,sv21133530@student.edu.vn,0949596047,STUDENT
21133531,123456,Phan Thiện Trinh,sv21133531@student.edu.vn,0937017484,STUDENT
21133532,123456,Đặng Hồng Long,sv21133532@student.edu.vn,0914337447,STUDENT
21133533,123456,Nguyễn Kim Vinh,sv21133533@student.edu.vn,0979626954,STUDENT
21133534,123456,Trịnh Phương Cường,sv21133534@student.edu.vn,0932011956,STUDENT
21133535,123456,Đinh Anh Đạt,sv21133535@student.edu.vn,0940725744,STUDENT
21133536,123456,Nguyễn Bảo Toàn,sv21133536@student.edu.vn,0993405356,STUDENT
21133537,123456,Đỗ Bảo Hà,sv21133537@student.edu.vn,0913307608,STUDENT
21133538,123456,Phạm Bảo Linh,sv21133538@student.edu.vn,0967065308,STUDENT
21133539,123456,Ngô Gia Minh,sv21133539@student.edu.vn,0971850383,STUDENT
21133540,123456,Phan Phương Toàn,sv21133540@student.edu.vn,0991964726,STUDENT
21133541,123456,Phan Thu Phát,sv21133541@student.edu.vn,0954252471,STUDENT
21133542,123456,Ngô Hữu Thảo,sv21133542@student.edu.vn,0918494192,STUDENT
21133543,123456,Tạ Gia Long,sv21133543@student.edu.vn,0993682219,STUDENT
21133544,123456,Vũ Hữu Giang,sv21133544@student.edu.vn,0953319815,STUDENT
21133545,123456,Ngô Ngọc Hiếu,sv21133545@student.edu.vn,0912359216,STUDENT
21133546,123456,Đinh Gia An,sv21133546@student.edu.vn,0958783684,STUDENT
21133547,123456,Đỗ Quốc Lộc,sv21133547@student.edu.vn,0998046370,STUDENT
21133548,123456,Huỳnh Gia Nam,sv21133548@student.edu.vn,0936196442,STUDENT
21133549,123456,Vũ Quốc Nam,sv21133549@student.edu.vn,0916309976,STUDENT
21133550,123456,Đinh Phương Hương,sv21133550@student.edu.vn,0968030960,STUDENT
21133551,123456,Lý Văn Bảo,sv21133551@student.edu.vn,0931510425,STUDENT
21133552,123456,Trịnh Nhật Sơn,sv21133552@student.edu.vn,0933997581,STUDENT
21133553,123456,Đỗ Văn Thảo,sv21133553@student.edu.vn,0996558496,STUDENT
21133554,123456,Đinh Hữu Hà,sv21133554@student.edu.vn,0993760608,STUDENT
21133555,123456,Bùi Quang Quân,sv21133555@student.edu.vn,0916785976,STUDENT
21133556,123456,Đỗ Xuân Toàn,sv21133556@student.edu.vn,0925287399,STUDENT
21133557,123456,Đỗ Xuân An,sv21133557@student.edu.vn,0945813367,STUDENT
21133558,123456,Bùi Tuấn Rạng,sv21133558@student.edu.vn,0970351656,STUDENT
21133559,123456,Đặng Anh Tài,sv21133559@student.edu.vn,0979555450,STUDENT
21133560,123456,Huỳnh Gia Trí,sv21133560@student.edu.vn,0927568336,STUDENT
21133561,123456,Hoàng Quang Nga,sv21133561@student.edu.vn,0997824497,STUDENT
21133562,123456,Huỳnh Thị Thắng,sv21133562@student.edu.vn,0957246788,STUDENT
21133563,123456,Bùi Xuân Thành,sv21133563@student.edu.vn,0922657207,STUDENT
21133564,123456,Lý Nhật Minh,sv21133564@student.edu.vn,0953806247,STUDENT
21133565,123456,Ngô Đức Bình,sv21133565@student.edu.vn,0978316031,STUDENT
21133566,123456,Nguyễn Văn Oanh,sv21133566@student.edu.vn,0962090732,STUDENT
21133567,123456,Mai Thanh Huy,sv21133567@student.edu.vn,0994240394,STUDENT
21133568,123456,Vũ Thiện Lộc,sv21133568@student.edu.vn,0982261233,STUDENT
21133569,123456,Lý Duy Tài,sv21133569@student.edu.vn,0999849434,STUDENT
21133570,123456,Huỳnh Tuấn Sơn,sv21133570@student.edu.vn,0913702588,STUDENT
21133571,123456,Đỗ Bảo Linh,sv21133571@student.edu.vn,0914003628,STUDENT
21133572,123456,Lâm Bảo Đạt,sv21133572@student.edu.vn,0950725142,STUDENT
21133573,123456,Hà Thị Bình,sv21133573@student.edu.vn,0982403141,STUDENT
21133574,123456,Dương Trung Uyên,sv21133574@student.edu.vn,0922538717,STUDENT
21133575,123456,Bùi Hồng Tùng,sv21133575@student.edu.vn,0952608938,STUDENT
21133576,123456,Mai Ngọc Inh,sv21133576@student.edu.vn,0916156655,STUDENT
21133577,123456,Tạ Quốc Lan,sv21133577@student.edu.vn,0961739740,STUDENT
21133578,123456,Lâm Anh Lan,sv21133578@student.edu.vn,0960613031,STUDENT
21133579,123456,Vũ Hải Thành,sv21133579@student.edu.vn,0936500010,STUDENT
21133580,123456,Nguyễn Anh Toàn,sv21133580@student.edu.vn,0984276233,STUDENT
21133581,123456,Huỳnh Quang Em,sv21133581@student.edu.vn,0939608997,STUDENT
21133582,123456,Võ Trung Yến,sv21133582@student.edu.vn,0957162427,STUDENT
21133583,123456,Võ Tuấn Cường,sv21133583@student.edu.vn,0961678500,STUDENT
21133584,123456,Đỗ Thu Inh,sv21133584@student.edu.vn,0926219948,STUDENT
21133585,123456,Nguyễn Gia Lộc,sv21133585@student.edu.vn,0940689400,STUDENT
21133586,123456,Trần Trung Thắng,sv21133586@student.edu.vn,0931484348,STUDENT
21133587,123456,Vũ Gia Vinh,sv21133587@student.edu.vn,0919127082,STUDENT
21133588,123456,Trịnh Hữu Lan,sv21133588@student.edu.vn,0988953441,STUDENT
21133589,123456,Huỳnh Hồng Rạng,sv21133589@student.edu.vn,0941746282,STUDENT
21133590,123456,Bùi Duy Rạng,sv21133590@student.edu.vn,0911875689,STUDENT
21133591,123456,Vũ Văn Nam,sv21133591@student.edu.vn,0974439183,STUDENT
21133592,123456,Nguyễn Tuấn An,sv21133592@student.edu.vn,0960873067,STUDENT
21133593,123456,Mai Minh Giang,sv21133593@student.edu.vn,0965810918,STUDENT
21133594,123456,Vũ Hữu Tài,sv21133594@student.edu.vn,0941919579,STUDENT
21133595,123456,Ngô Duy An,sv21133595@student.edu.vn,0965957092,STUDENT
21133596,123456,Lâm Thị Nam,sv21133596@student.edu.vn,0944090497,STUDENT
21133597,123456,Mai Tuấn Nam,sv21133597@student.edu.vn,0915510016,STUDENT
21133598,123456,Huỳnh Hồng Em,sv21133598@student.edu.vn,0960943970,STUDENT
21133599,123456,Đoàn Thanh Long,sv21133599@student.edu.vn,0960805686,STUDENT
21133600,123456,Dương Hồng Yến,sv21133600@student.edu.vn,0940617106,STUDENT
21133601,123456,Võ Minh Thắng,sv21133601@student.edu.vn,0997313425,STUDENT
21133602,123456,Lê Bảo Thắng,sv21133602@student.edu.vn,0942857165,STUDENT
21133603,123456,Hà Ngọc Nga,sv21133603@student.edu.vn,0950359302,STUDENT
21133604,123456,Hà Thu Xuân,sv21133604@student.edu.vn,0972657560,STUDENT
21133605,123456,Mai Văn Tâm,sv21133605@student.edu.vn,0989554316,STUDENT
21133606,123456,Lâm Hồng Trí,sv21133606@student.edu.vn,0991997633,STUDENT
21133607,123456,Hoàng Tuấn Đạt,sv21133607@student.edu.vn,0998628173,STUDENT
21133608,123456,Nguyễn Quang Nga,sv21133608@student.edu.vn,0931329171,STUDENT
21133609,123456,Hoàng Quốc Xuân,sv21133609@student.edu.vn,0953039244,STUDENT
21133610,123456,Trần Bảo Yến,sv21133610@student.edu.vn,0923676288,STUDENT
21133611,123456,Phạm Hồng Yến,sv21133611@student.edu.vn,0910010424,STUDENT
21133612,123456,Lâm Hoàng Thành,sv21133612@student.edu.vn,0993891115,STUDENT
21133613,123456,Trần Hoàng Linh,sv21133613@student.edu.vn,0929614328,STUDENT
21133614,123456,Huỳnh Ngọc Khoa,sv21133614@student.edu.vn,0990386815,STUDENT
21133615,123456,Đặng Phương Kiệt,sv21133615@student.edu.vn,0916928802,STUDENT
21133616,123456,Hà Thiện Huy,sv21133616@student.edu.vn,0983630358,STUDENT
21133617,123456,Đinh Hồng Xuân,sv21133617@student.edu.vn,0912197117,STUDENT
21133618,123456,Huỳnh Trung Vinh,sv21133618@student.edu.vn,0925881482,STUDENT
21133619,123456,Đinh Kim Trang,sv21133619@student.edu.vn,0934963065,STUDENT
21133620,123456,Đoàn Xuân Bảo,sv21133620@student.edu.vn,0955122545,STUDENT
21133621,123456,Hà Thu Giang,sv21133621@student.edu.vn,0934641192,STUDENT
21133622,123456,Võ Đức Bảo,sv21133622@student.edu.vn,0990514867,STUDENT
21133623,123456,Đỗ Minh Linh,sv21133623@student.edu.vn,0981737207,STUDENT
21133624,123456,Vũ Nhật Inh,sv21133624@student.edu.vn,0994240882,STUDENT
21133625,123456,Mai Trung Hương,sv21133625@student.edu.vn,0911272702,STUDENT
21133626,123456,Đinh Thu Huy,sv21133626@student.edu.vn,0966344442,STUDENT
21133627,123456,Dương Văn Hà,sv21133627@student.edu.vn,0967884566,STUDENT
21133628,123456,Võ Nhật Đạt,sv21133628@student.edu.vn,0973457191,STUDENT
21133629,123456,Cao Trung Tâm,sv21133629@student.edu.vn,0920938557,STUDENT
21133630,123456,Vũ Duy Nga,sv21133630@student.edu.vn,0930196008,STUDENT
21133631,123456,Phạm Quốc Lan,sv21133631@student.edu.vn,0961991821,STUDENT
21133632,123456,Hoàng Quốc Hương,sv21133632@student.edu.vn,0930539709,STUDENT
21133633,123456,Tạ Gia Bảo,sv21133633@student.edu.vn,0967512158,STUDENT
21133634,123456,Võ Thanh Thắng,sv21133634@student.edu.vn,0987120178,STUDENT
21133635,123456,Đặng Quang Khánh,sv21133635@student.edu.vn,0922871089,STUDENT
21133636,123456,Đoàn Hữu Em,sv21133636@student.edu.vn,0993463124,STUDENT
21133637,123456,Cao Minh Duy,sv21133637@student.edu.vn,0972870014,STUDENT
21133638,123456,Võ Quốc Khánh,sv21133638@student.edu.vn,0979392178,STUDENT
21133639,123456,Đinh Hoàng Linh,sv21133639@student.edu.vn,0999345916,STUDENT
21133640,123456,Hoàng Kim Vân,sv21133640@student.edu.vn,0953172007,STUDENT
21133641,123456,Phan Xuân Phong,sv21133641@student.edu.vn,0939304997,STUDENT
21133642,123456,Cao Bảo Phong,sv21133642@student.edu.vn,0919847657,STUDENT
21133643,123456,Lâm Xuân Phong,sv21133643@student.edu.vn,0982310185,STUDENT
21133644,123456,Phan Quang Hùng,sv21133644@student.edu.vn,0940252534,STUDENT
21133645,123456,Cao Thiện Đạt,sv21133645@student.edu.vn,0915175005,STUDENT
21133646,123456,Ngô Hải Phát,sv21133646@student.edu.vn,0997819170,STUDENT
21133647,123456,Huỳnh Bảo Hà,sv21133647@student.edu.vn,0977596366,STUDENT
21133648,123456,Đặng Thị Lộc,sv21133648@student.edu.vn,0969519175,STUDENT
21133649,123456,Cao Hoàng Thảo,sv21133649@student.edu.vn,0931019383,STUDENT
21133650,123456,Tạ Hồng Hương,sv21133650@student.edu.vn,0917622035,STUDENT
21133651,123456,Lê Bảo Trang,sv21133651@student.edu.vn,0965654312,STUDENT
21133652,123456,Hồ Kim An,sv21133652@student.edu.vn,0911086810,STUDENT
21133653,123456,Bùi Quốc Phát,sv21133653@student.edu.vn,0929114997,STUDENT
21133654,123456,Cao Hải Linh,sv21133654@student.edu.vn,0953393848,STUDENT
21133655,123456,Đặng Nhật Hiếu,sv21133655@student.edu.vn,0990619871,STUDENT
21133656,123456,Đoàn Đức Thành,sv21133656@student.edu.vn,0992117782,STUDENT
21133657,123456,Hồ Minh Huy,sv21133657@student.edu.vn,0936456768,STUDENT
21133658,123456,Hồ Hoàng Duy,sv21133658@student.edu.vn,0926722297,STUDENT
21133659,123456,Trịnh Xuân Duy,sv21133659@student.edu.vn,0961974470,STUDENT
21133660,123456,Đinh Quang Huy,sv21133660@student.edu.vn,0984079278,STUDENT
21133661,123456,Phan Bảo Tài,sv21133661@student.edu.vn,0983055811,STUDENT
21133662,123456,Đinh Xuân Tài,sv21133662@student.edu.vn,0946441503,STUDENT
21133663,123456,Phạm Quốc Trí,sv21133663@student.edu.vn,0946338162,STUDENT
21133664,123456,Vũ Minh Vân,sv21133664@student.edu.vn,0928781777,STUDENT
21133665,123456,Bùi Minh Nhật,sv21133665@student.edu.vn,0945237702,STUDENT
21133666,123456,Hồ Hoàng Linh,sv21133666@student.edu.vn,0937050992,STUDENT
21133667,123456,Hà Ngọc Trinh,sv21133667@student.edu.vn,0947737917,STUDENT
21133668,123456,Ngô Thị Cường,sv21133668@student.edu.vn,0951787696,STUDENT
21133669,123456,Nguyễn Đức Trung,sv21133669@student.edu.vn,0937335557,STUDENT
21133670,123456,Vũ Tuấn Inh,sv21133670@student.edu.vn,0968952949,STUDENT
21133671,123456,Đỗ Hoàng Khánh,sv21133671@student.edu.vn,0935527629,STUDENT
21133672,123456,Hà Hoàng Khánh,sv21133672@student.edu.vn,0976891119,STUDENT
21133673,123456,Lê Hải Trung,sv21133673@student.edu.vn,0933541956,STUDENT
21133674,123456,Vũ Hữu Uyên,sv21133674@student.edu.vn,0997725917,STUDENT
21133675,123456,Hồ Nhật Đạt,sv21133675@student.edu.vn,0985452771,STUDENT
21133676,123456,Đoàn Anh Giang,sv21133676@student.edu.vn,0915874723,STUDENT
21133677,123456,Cao Quốc Nhật,sv21133677@student.edu.vn,0994911168,STUDENT
21133678,123456,Hà Đức Tùng,sv21133678@student.edu.vn,0911745371,STUDENT
21133679,123456,Hà Gia Toàn,sv21133679@student.edu.vn,0934021389,STUDENT
21133680,123456,Đinh Duy Quân,sv21133680@student.edu.vn,0912353968,STUDENT
21133681,123456,Đinh Hoàng Bảo,sv21133681@student.edu.vn,0932361273,STUDENT
21133682,123456,Lý Minh Vân,sv21133682@student.edu.vn,0923216907,STUDENT
21133683,123456,Phạm Nhật Thành,sv21133683@student.edu.vn,0949678767,STUDENT
21133684,123456,Hoàng Nhật Rạng,sv21133684@student.edu.vn,0999030857,STUDENT
21133685,123456,Phạm Hoàng Sơn,sv21133685@student.edu.vn,0986829524,STUDENT
21133686,123456,Trịnh Quốc Linh,sv21133686@student.edu.vn,0992287544,STUDENT
21133687,123456,Mai Gia Sơn,sv21133687@student.edu.vn,0948752899,STUDENT
21133688,123456,Nguyễn Phương Bình,sv21133688@student.edu.vn,0928095445,STUDENT
21133689,123456,Trịnh Anh Phúc,sv21133689@student.edu.vn,0976172688,STUDENT
21133690,123456,Hà Duy Nhật,sv21133690@student.edu.vn,0995722429,STUDENT
21133691,123456,Lý Quang Nam,sv21133691@student.edu.vn,0944297941,STUDENT
21133692,123456,Đỗ Bảo Uyên,sv21133692@student.edu.vn,0917950565,STUDENT
21133693,123456,Ngô Thu Nhật,sv21133693@student.edu.vn,0918239541,STUDENT
21133694,123456,Võ Thu Trung,sv21133694@student.edu.vn,0936040067,STUDENT
21133695,123456,Võ Hải Xuân,sv21133695@student.edu.vn,0919745109,STUDENT
21133696,123456,Bùi Kim Em,sv21133696@student.edu.vn,0985691697,STUDENT
21133697,123456,Hoàng Thiện Hương,sv21133697@student.edu.vn,0932679389,STUDENT
21133698,123456,Nguyễn Gia Trinh,sv21133698@student.edu.vn,0913582864,STUDENT
21133699,123456,Đỗ Tuấn Phong,sv21133699@student.edu.vn,0991307337,STUDENT
21133700,123456,Nguyễn Trung Toàn,sv21133700@student.edu.vn,0921854490,STUDENT
21133701,123456,Bùi Ngọc Sơn,sv21133701@student.edu.vn,0946261949,STUDENT
21133702,123456,Đỗ Hồng Phát,sv21133702@student.edu.vn,0947364519,STUDENT
21133703,123456,Đinh Gia Giang,sv21133703@student.edu.vn,0955114286,STUDENT
21133704,123456,Đinh Hoàng Cường,sv21133704@student.edu.vn,0958363544,STUDENT
21133705,123456,Phạm Thanh Lộc,sv21133705@student.edu.vn,0932142050,STUDENT
21133706,123456,Cao Tuấn Sơn,sv21133706@student.edu.vn,0999406840,STUDENT
21133707,123456,Nguyễn Hoàng Cường,sv21133707@student.edu.vn,0916208285,STUDENT
21133708,123456,Lê Phương Nga,sv21133708@student.edu.vn,0963383866,STUDENT
21133709,123456,Nguyễn Quang Toàn,sv21133709@student.edu.vn,0910533598,STUDENT
21133710,123456,Dương Trung Nga,sv21133710@student.edu.vn,0918681503,STUDENT
21133711,123456,Tạ Hoàng Khoa,sv21133711@student.edu.vn,0993692874,STUDENT
21133712,123456,Đinh Gia Hùng,sv21133712@student.edu.vn,0911126699,STUDENT
21133713,123456,Võ Nhật Vân,sv21133713@student.edu.vn,0929395543,STUDENT
21133714,123456,Đỗ Quốc Trí,sv21133714@student.edu.vn,0948190539,STUDENT
21133715,123456,Vũ Duy Kiệt,sv21133715@student.edu.vn,0970855232,STUDENT
21133716,123456,Lâm Hoàng Rạng,sv21133716@student.edu.vn,0943443670,STUDENT
21133717,123456,Dương Ngọc Sơn,sv21133717@student.edu.vn,0928857910,STUDENT
21133718,123456,Nguyễn Bảo Bình,sv21133718@student.edu.vn,0912204658,STUDENT
21133719,123456,Đỗ Anh Uyên,sv21133719@student.edu.vn,0923378748,STUDENT
21133720,123456,Đặng Quang Khoa,sv21133720@student.edu.vn,0911104201,STUDENT
21133721,123456,Lê Hữu Thảo,sv21133721@student.edu.vn,0913770502,STUDENT
21133722,123456,Dương Kim Em,sv21133722@student.edu.vn,0996144507,STUDENT
21133723,123456,Hoàng Đức Toàn,sv21133723@student.edu.vn,0963981827,STUDENT
21133724,123456,Vũ Ngọc Thắng,sv21133724@student.edu.vn,0943323533,STUDENT
21133725,123456,Cao Nhật Hiếu,sv21133725@student.edu.vn,0975042085,STUDENT
21133726,123456,Hồ Trung Bảo,sv21133726@student.edu.vn,0942339336,STUDENT
21133727,123456,Cao Nhật Thành,sv21133727@student.edu.vn,0982236221,STUDENT
21133728,123456,Tạ Bảo Bình,sv21133728@student.edu.vn,0932504102,STUDENT
21133729,123456,Nguyễn Gia Thắng,sv21133729@student.edu.vn,0910467908,STUDENT
21133730,123456,Đặng Thị Inh,sv21133730@student.edu.vn,0981175200,STUDENT
21133731,123456,Phạm Quang Phát,sv21133731@student.edu.vn,0995664612,STUDENT
21133732,123456,Lê Xuân Minh,sv21133732@student.edu.vn,0954762361,STUDENT
21133733,123456,Vũ Quang Trang,sv21133733@student.edu.vn,0970732934,STUDENT
21133734,123456,Huỳnh Hoàng Giang,sv21133734@student.edu.vn,0978952301,STUDENT
21133735,123456,Đinh Trung Khoa,sv21133735@student.edu.vn,0915218959,STUDENT
21133736,123456,Đinh Hữu Giang,sv21133736@student.edu.vn,0979573734,STUDENT
21133737,123456,Hoàng Hồng Vinh,sv21133737@student.edu.vn,0985702692,STUDENT
21133738,123456,Lý Đức Em,sv21133738@student.edu.vn,0990346685,STUDENT
21133739,123456,Mai Thanh Uyên,sv21133739@student.edu.vn,0939978646,STUDENT
21133740,123456,Vũ Thiện Duy,sv21133740@student.edu.vn,0930962383,STUDENT
21133741,123456,Hồ Xuân Duy,sv21133741@student.edu.vn,0914773292,STUDENT
21133742,123456,Lý Thanh An,sv21133742@student.edu.vn,0951684248,STUDENT
21133743,123456,Nguyễn Nhật An,sv21133743@student.edu.vn,0955591760,STUDENT
21133744,123456,Ngô Quốc Lan,sv21133744@student.edu.vn,0946983836,STUDENT
21133745,123456,Đoàn Tuấn Kiệt,sv21133745@student.edu.vn,0940412683,STUDENT
21133746,123456,Cao Nhật Lan,sv21133746@student.edu.vn,0912986447,STUDENT
21133747,123456,Lý Thanh Rạng,sv21133747@student.edu.vn,0941090121,STUDENT
21133748,123456,Đoàn Quang Sơn,sv21133748@student.edu.vn,0952950076,STUDENT
21133749,123456,Phạm Thị Cường,sv21133749@student.edu.vn,0929568195,STUDENT
21133750,123456,Võ Thiện Nam,sv21133750@student.edu.vn,0990407212,STUDENT
21133751,123456,Trần Đức Yến,sv21133751@student.edu.vn,0976156729,STUDENT
21133752,123456,Cao Gia Trang,sv21133752@student.edu.vn,0999951197,STUDENT
21133753,123456,Tạ Quốc Giang,sv21133753@student.edu.vn,0954481913,STUDENT
21133754,123456,Võ Phương Phúc,sv21133754@student.edu.vn,0990921602,STUDENT
21133755,123456,Tạ Thị Tâm,sv21133755@student.edu.vn,0950648916,STUDENT
21133756,123456,Đinh Hoàng Phúc,sv21133756@student.edu.vn,0965641069,STUDENT
21133757,123456,Dương Hồng Giang,sv21133757@student.edu.vn,0933724490,STUDENT
21133758,123456,Tạ Duy Long,sv21133758@student.edu.vn,0919602067,STUDENT
21133759,123456,Tạ Hoàng Sơn,sv21133759@student.edu.vn,0944708848,STUDENT
21133760,123456,Bùi Quốc Sơn,sv21133760@student.edu.vn,0918051477,STUDENT
21133761,123456,Lê Hải Uyên,sv21133761@student.edu.vn,0911274960,STUDENT
21133762,123456,Tạ Nhật Khánh,sv21133762@student.edu.vn,0935268332,STUDENT
21133763,123456,Tạ Quang Tài,sv21133763@student.edu.vn,0932162540,STUDENT
21133764,123456,Trịnh Thị Khoa,sv21133764@student.edu.vn,0980563452,STUDENT
21133765,123456,Lê Hữu Kiệt,sv21133765@student.edu.vn,0930664922,STUDENT
21133766,123456,Huỳnh Gia Oanh,sv21133766@student.edu.vn,0919633813,STUDENT
21133767,123456,Tạ Xuân Rạng,sv21133767@student.edu.vn,0947136603,STUDENT
21133768,123456,Lý Tuấn Duy,sv21133768@student.edu.vn,0980632378,STUDENT
21133769,123456,Cao Hữu Tùng,sv21133769@student.edu.vn,0979258371,STUDENT
21133770,123456,Cao Đức Quân,sv21133770@student.edu.vn,0982347195,STUDENT
21133771,123456,Huỳnh Quốc Nga,sv21133771@student.edu.vn,0952162155,STUDENT
21133772,123456,Đinh Kim Bình,sv21133772@student.edu.vn,0999295758,STUDENT
21133773,123456,Đinh Bảo Hùng,sv21133773@student.edu.vn,0931770472,STUDENT
21133774,123456,Lê Hồng Thành,sv21133774@student.edu.vn,0998922442,STUDENT
21133775,123456,Nguyễn Duy Hương,sv21133775@student.edu.vn,0996467077,STUDENT
21133776,123456,Phan Thị Inh,sv21133776@student.edu.vn,0931478666,STUDENT
21133777,123456,Mai Văn Linh,sv21133777@student.edu.vn,0995507022,STUDENT
21133778,123456,Nguyễn Ngọc Phong,sv21133778@student.edu.vn,0949119700,STUDENT
21133779,123456,Trịnh Phương Vinh,sv21133779@student.edu.vn,0973950680,STUDENT
21133780,123456,Võ Thiện Đạt,sv21133780@student.edu.vn,0921632886,STUDENT
21133781,123456,Cao Tuấn Trinh,sv21133781@student.edu.vn,0932668873,STUDENT
21133782,123456,Phạm Hữu Huy,sv21133782@student.edu.vn,0953807283,STUDENT
21133783,123456,Trịnh Hải Trinh,sv21133783@student.edu.vn,0926943614,STUDENT
21133784,123456,Mai Tuấn Yến,sv21133784@student.edu.vn,0931141191,STUDENT
21133785,123456,Đoàn Văn Vân,sv21133785@student.edu.vn,0955561389,STUDENT
21133786,123456,Phạm Hữu Trinh,sv21133786@student.edu.vn,0969147397,STUDENT
21133787,123456,Tạ Quang Trí,sv21133787@student.edu.vn,0981060382,STUDENT
21133788,123456,Lý Kim Phong,sv21133788@student.edu.vn,0958161472,STUDENT
21133789,123456,Mai Hải Cường,sv21133789@student.edu.vn,0953192008,STUDENT
21133790,123456,Phan Quốc Thảo,sv21133790@student.edu.vn,0958474986,STUDENT
21133791,123456,Lâm Hoàng Thảo,sv21133791@student.edu.vn,0997864537,STUDENT
21133792,123456,Tạ Thu Trinh,sv21133792@student.edu.vn,0946083762,STUDENT
21133793,123456,Trịnh Tuấn Bình,sv21133793@student.edu.vn,0912091188,STUDENT
21133794,123456,Đoàn Thu Sơn,sv21133794@student.edu.vn,0977781587,STUDENT
21133795,123456,Lý Phương Oanh,sv21133795@student.edu.vn,0926789067,STUDENT
21133796,123456,Trịnh Nhật Hương,sv21133796@student.edu.vn,0959013559,STUDENT
21133797,123456,Cao Quốc Thành,sv21133797@student.edu.vn,0994300517,STUDENT
21133798,123456,Đặng Nhật Trang,sv21133798@student.edu.vn,0961349458,STUDENT
21133799,123456,Đỗ Thu Duy,sv21133799@student.edu.vn,0970848247,STUDENT
21133800,123456,Đỗ Ngọc Em,sv21133800@student.edu.vn,0985968562,STUDENT
21133801,123456,Lý Thiện Trang,sv21133801@student.edu.vn,0925650310,STUDENT
21133802,123456,Dương Minh Thảo,sv21133802@student.edu.vn,0968617541,STUDENT
21133803,123456,Phạm Bảo Kiệt,sv21133803@student.edu.vn,0988437590,STUDENT
21133804,123456,Huỳnh Tuấn Khoa,sv21133804@student.edu.vn,0947303543,STUDENT
21133805,123456,Hà Gia Oanh,sv21133805@student.edu.vn,0919659687,STUDENT
21133806,123456,Bùi Văn Em,sv21133806@student.edu.vn,0988389001,STUDENT
21133807,123456,Lâm Văn Hiếu,sv21133807@student.edu.vn,0938401579,STUDENT
21133808,123456,Dương Trung Kiệt,sv21133808@student.edu.vn,0926424370,STUDENT
21133809,123456,Bùi Xuân Vân,sv21133809@student.edu.vn,0967491674,STUDENT
21133810,123456,Cao Minh Xuân,sv21133810@student.edu.vn,0940378629,STUDENT
21133811,123456,Hồ Thiện An,sv21133811@student.edu.vn,0921964438,STUDENT
21133812,123456,Đặng Xuân Nhật,sv21133812@student.edu.vn,0970364002,STUDENT
21133813,123456,Mai Minh Yến,sv21133813@student.edu.vn,0946792047,STUDENT
21133814,123456,Lâm Anh Huy,sv21133814@student.edu.vn,0983719781,STUDENT
21133815,123456,Trần Xuân Hùng,sv21133815@student.edu.vn,0963379189,STUDENT
21133816,123456,Phan Thiện Hà,sv21133816@student.edu.vn,0963681763,STUDENT
21133817,123456,Lâm Đức Tài,sv21133817@student.edu.vn,0924947509,STUDENT
21133818,123456,Hoàng Duy Bảo,sv21133818@student.edu.vn,0958576132,STUDENT
21133819,123456,Nguyễn Gia Bình,sv21133819@student.edu.vn,0916601148,STUDENT
21133820,123456,Huỳnh Thị Thành,sv21133820@student.edu.vn,0940499988,STUDENT
21133821,123456,Lý Văn Trí,sv21133821@student.edu.vn,0993792758,STUDENT
21133822,123456,Nguyễn Kim Toàn,sv21133822@student.edu.vn,0965050988,STUDENT
21133823,123456,Ngô Bảo Trí,sv21133823@student.edu.vn,0917306430,STUDENT
21133824,123456,Hoàng Thị Vinh,sv21133824@student.edu.vn,0937417103,STUDENT
21133825,123456,Hà Hoàng Bình,sv21133825@student.edu.vn,0995890683,STUDENT
21133826,123456,Trịnh Quốc Trung,sv21133826@student.edu.vn,0968424308,STUDENT
21133827,123456,Võ Anh Hà,sv21133827@student.edu.vn,0933337748,STUDENT
21133828,123456,Dương Bảo Toàn,sv21133828@student.edu.vn,0953543497,STUDENT
21133829,123456,Đinh Quang Lan,sv21133829@student.edu.vn,0922781363,STUDENT
21133830,123456,Hồ Tuấn Tùng,sv21133830@student.edu.vn,0968487199,STUDENT
21133831,123456,Mai Quốc Nhật,sv21133831@student.edu.vn,0936370327,STUDENT
21133832,123456,Lê Thanh Toàn,sv21133832@student.edu.vn,0923734423,STUDENT
21133833,123456,Vũ Phương Toàn,sv21133833@student.edu.vn,0918370608,STUDENT
21133834,123456,Hoàng Hải Giang,sv21133834@student.edu.vn,0991142186,STUDENT
21133835,123456,Đoàn Thiện Oanh,sv21133835@student.edu.vn,0942895557,STUDENT
21133836,123456,Huỳnh Thiện Tài,sv21133836@student.edu.vn,0936324144,STUDENT
21133837,123456,Lê Minh Đạt,sv21133837@student.edu.vn,0969492494,STUDENT
21133838,123456,Đặng Quang Hương,sv21133838@student.edu.vn,0934197373,STUDENT
21133839,123456,Lâm Tuấn Bảo,sv21133839@student.edu.vn,0977567263,STUDENT
21133840,123456,Phạm Đức Lộc,sv21133840@student.edu.vn,0977589607,STUDENT
21133841,123456,Ngô Văn Bảo,sv21133841@student.edu.vn,0912432752,STUDENT
21133842,123456,Mai Đức Hùng,sv21133842@student.edu.vn,0937700527,STUDENT
21133843,123456,Vũ Quang Quân,sv21133843@student.edu.vn,0971858805,STUDENT
21133844,123456,Phạm Hồng Yến,sv21133844@student.edu.vn,0945459036,STUDENT
21133845,123456,Phạm Ngọc Inh,sv21133845@student.edu.vn,0940918925,STUDENT
21133846,123456,Vũ Phương Thắng,sv21133846@student.edu.vn,0925601331,STUDENT
21133847,123456,Lâm Hải Huy,sv21133847@student.edu.vn,0998018956,STUDENT
21133848,123456,Hà Thị Nam,sv21133848@student.edu.vn,0918904463,STUDENT
21133849,123456,Đinh Minh Tùng,sv21133849@student.edu.vn,0978268489,STUDENT
21133850,123456,Huỳnh Xuân Trang,sv21133850@student.edu.vn,0986000378,STUDENT
21133851,123456,Đỗ Hoàng Kiệt,sv21133851@student.edu.vn,0931970263,STUDENT
21133852,123456,Lý Hoàng Phong,sv21133852@student.edu.vn,0981153258,STUDENT
21133853,123456,Võ Văn Inh,sv21133853@student.edu.vn,0939002264,STUDENT
21133854,123456,Cao Quốc Minh,sv21133854@student.edu.vn,0913403897,STUDENT
21133855,123456,Đoàn Hoàng Hùng,sv21133855@student.edu.vn,0948268009,STUDENT
21133856,123456,Đặng Thu Uyên,sv21133856@student.edu.vn,0990723654,STUDENT
21133857,123456,Dương Thu An,sv21133857@student.edu.vn,0937502603,STUDENT
21133858,123456,Lâm Hoàng Trí,sv21133858@student.edu.vn,0991867708,STUDENT
21133859,123456,Đỗ Hữu Thảo,sv21133859@student.edu.vn,0931668780,STUDENT
21133860,123456,Nguyễn Hải Minh,sv21133860@student.edu.vn,0983660073,STUDENT
21133861,123456,Trần Duy Vân,sv21133861@student.edu.vn,0991435864,STUDENT
21133862,123456,Dương Duy Tâm,sv21133862@student.edu.vn,0959031591,STUDENT
21133863,123456,Lý Tuấn Minh,sv21133863@student.edu.vn,0923169122,STUDENT
21133864,123456,Đặng Đức Huy,sv21133864@student.edu.vn,0938329394,STUDENT
21133865,123456,Lâm Minh Cường,sv21133865@student.edu.vn,0949726998,STUDENT
21133866,123456,Phan Thanh Huy,sv21133866@student.edu.vn,0927805105,STUDENT
21133867,123456,Đoàn Xuân Bình,sv21133867@student.edu.vn,0956688462,STUDENT
21133868,123456,Bùi Anh Thắng,sv21133868@student.edu.vn,0938750554,STUDENT
21133869,123456,Bùi Bảo Rạng,sv21133869@student.edu.vn,0933404704,STUDENT
21133870,123456,Tạ Phương Vinh,sv21133870@student.edu.vn,0951248604,STUDENT
21133871,123456,Mai Tuấn Khánh,sv21133871@student.edu.vn,0990710263,STUDENT
21133872,123456,Đinh Quang Giang,sv21133872@student.edu.vn,0997483616,STUDENT
21133873,123456,Ngô Hữu Vinh,sv21133873@student.edu.vn,0930912504,STUDENT
21133874,123456,Đỗ Đức Long,sv21133874@student.edu.vn,0960303598,STUDENT
21133875,123456,Hồ Gia Khánh,sv21133875@student.edu.vn,0952644520,STUDENT
21133876,123456,Bùi Văn Vân,sv21133876@student.edu.vn,0961486372,STUDENT
21133877,123456,Dương Thị Long,sv21133877@student.edu.vn,0938842365,STUDENT
21133878,123456,Vũ Tuấn Toàn,sv21133878@student.edu.vn,0960797482,STUDENT
21133879,123456,Lý Xuân Minh,sv21133879@student.edu.vn,0936109821,STUDENT
21133880,123456,Hoàng Thiện Yến,sv21133880@student.edu.vn,0957398248,STUDENT
21133881,123456,Đỗ Đức An,sv21133881@student.edu.vn,0937557839,STUDENT
21133882,123456,Huỳnh Gia Thảo,sv21133882@student.edu.vn,0930982116,STUDENT
21133883,123456,Dương Nhật Em,sv21133883@student.edu.vn,0932575303,STUDENT
21133884,123456,Trần Tuấn Vinh,sv21133884@student.edu.vn,0964412629,STUDENT
21133885,123456,Đoàn Quốc Tài,sv21133885@student.edu.vn,0913673253,STUDENT
21133886,123456,Nguyễn Nhật Trí,sv21133886@student.edu.vn,0967933198,STUDENT
21133887,123456,Bùi Thiện Uyên,sv21133887@student.edu.vn,0932573945,STUDENT
21133888,123456,Lâm Hải Hà,sv21133888@student.edu.vn,0988205386,STUDENT
21133889,123456,Lý Nhật Phát,sv21133889@student.edu.vn,0936677018,STUDENT
21133890,123456,Dương Hữu Toàn,sv21133890@student.edu.vn,0939846113,STUDENT
21133891,123456,Bùi Nhật Quân,sv21133891@student.edu.vn,0921667924,STUDENT
21133892,123456,Đỗ Hải Oanh,sv21133892@student.edu.vn,0985204713,STUDENT
21133893,123456,Trịnh Duy Minh,sv21133893@student.edu.vn,0991588821,STUDENT
21133894,123456,Vũ Gia Thảo,sv21133894@student.edu.vn,0922686905,STUDENT
21133895,123456,Lâm Đức Phong,sv21133895@student.edu.vn,0989604338,STUDENT
21133896,123456,Dương Thu Uyên,sv21133896@student.edu.vn,0915791087,STUDENT
21133897,123456,Đỗ Tuấn Minh,sv21133897@student.edu.vn,0929130376,STUDENT
21133898,123456,Đặng Thanh Tài,sv21133898@student.edu.vn,0941918703,STUDENT
21133899,123456,Đoàn Nhật Inh,sv21133899@student.edu.vn,0968836033,STUDENT
21133900,123456,Bùi Quang An,sv21133900@student.edu.vn,0933385011,STUDENT
21133901,123456,Đinh Ngọc Long,sv21133901@student.edu.vn,0969869243,STUDENT
21133902,123456,Bùi Văn Duy,sv21133902@student.edu.vn,0966914375,STUDENT
21133903,123456,Cao Xuân Minh,sv21133903@student.edu.vn,0941108595,STUDENT
21133904,123456,Đỗ Kim Tâm,sv21133904@student.edu.vn,0963164485,STUDENT
21133905,123456,Bùi Bảo Lộc,sv21133905@student.edu.vn,0913572568,STUDENT
21133906,123456,Vũ Kim Duy,sv21133906@student.edu.vn,0962689381,STUDENT
21133907,123456,Đoàn Văn Uyên,sv21133907@student.edu.vn,0933045484,STUDENT
21133908,123456,Dương Hải Inh,sv21133908@student.edu.vn,0917220217,STUDENT
21133909,123456,Phan Phương Khánh,sv21133909@student.edu.vn,0974951987,STUDENT
21133910,123456,Nguyễn Hoàng Bình,sv21133910@student.edu.vn,0991183545,STUDENT
21133911,123456,Võ Thanh Thảo,sv21133911@student.edu.vn,0965464511,STUDENT
21133912,123456,Đinh Ngọc Quân,sv21133912@student.edu.vn,0954218998,STUDENT
21133913,123456,Đặng Nhật Phát,sv21133913@student.edu.vn,0930696243,STUDENT
21133914,123456,Võ Bảo Trang,sv21133914@student.edu.vn,0983866855,STUDENT
21133915,123456,Mai Trung Xuân,sv21133915@student.edu.vn,0933200642,STUDENT
21133916,123456,Đỗ Quốc Tùng,sv21133916@student.edu.vn,0963184669,STUDENT
21133917,123456,Dương Hoàng Cường,sv21133917@student.edu.vn,0948117457,STUDENT
21133918,123456,Hà Gia Duy,sv21133918@student.edu.vn,0921831318,STUDENT
21133919,123456,Hồ Văn An,sv21133919@student.edu.vn,0921110947,STUDENT
21133920,123456,Mai Hải Hương,sv21133920@student.edu.vn,0999679830,STUDENT
21133921,123456,Đỗ Thu Hương,sv21133921@student.edu.vn,0996346378,STUDENT
21133922,123456,Tạ Anh Phát,sv21133922@student.edu.vn,0914592576,STUDENT
21133923,123456,Trần Quang Bảo,sv21133923@student.edu.vn,0967774095,STUDENT
21133924,123456,Lý Hồng Nhật,sv21133924@student.edu.vn,0913351755,STUDENT
21133925,123456,Cao Anh Khánh,sv21133925@student.edu.vn,0918789393,STUDENT
21133926,123456,Đặng Hoàng Trí,sv21133926@student.edu.vn,0978336084,STUDENT
21133927,123456,Ngô Hải Khánh,sv21133927@student.edu.vn,0912617064,STUDENT
21133928,123456,Đoàn Kim Oanh,sv21133928@student.edu.vn,0912776458,STUDENT
21133929,123456,Huỳnh Gia Phong,sv21133929@student.edu.vn,0915712436,STUDENT
21133930,123456,Lý Thanh An,sv21133930@student.edu.vn,0934058315,STUDENT
21133931,123456,Dương Thu Lan,sv21133931@student.edu.vn,0961342166,STUDENT
21133932,123456,Lý Ngọc Thành,sv21133932@student.edu.vn,0985067486,STUDENT
21133933,123456,Lê Gia Huy,sv21133933@student.edu.vn,0923314271,STUDENT
21133934,123456,Tạ Đức Hùng,sv21133934@student.edu.vn,0951227112,STUDENT
21133935,123456,Phạm Đức Inh,sv21133935@student.edu.vn,0920191024,STUDENT
21133936,123456,Trần Thu Kiệt,sv21133936@student.edu.vn,0928612976,STUDENT
21133937,123456,Đinh Hồng Nga,sv21133937@student.edu.vn,0911280867,STUDENT
21133938,123456,Huỳnh Hoàng Hùng,sv21133938@student.edu.vn,0965095490,STUDENT
21133939,123456,Trần Gia Hương,sv21133939@student.edu.vn,0949630992,STUDENT
21133940,123456,Nguyễn Hải Giang,sv21133940@student.edu.vn,0983800572,STUDENT
21133941,123456,Phan Bảo Yến,sv21133941@student.edu.vn,0919787656,STUDENT
21133942,123456,Lê Minh Linh,sv21133942@student.edu.vn,0955857400,STUDENT
21133943,123456,Bùi Thu Nhật,sv21133943@student.edu.vn,0919475609,STUDENT
21133944,123456,Lê Phương Hà,sv21133944@student.edu.vn,0967731771,STUDENT
21133945,123456,Đinh Thị Inh,sv21133945@student.edu.vn,0915484636,STUDENT
21133946,123456,Mai Xuân Nhật,sv21133946@student.edu.vn,0953529183,STUDENT
21133947,123456,Hồ Duy Thảo,sv21133947@student.edu.vn,0910844898,STUDENT
21133948,123456,Đinh Thanh Bình,sv21133948@student.edu.vn,0942117345,STUDENT
21133949,123456,Vũ Hồng An,sv21133949@student.edu.vn,0918679397,STUDENT
21133950,123456,Bùi Văn Inh,sv21133950@student.edu.vn,0979692206,STUDENT
21133951,123456,Hà Phương Thắng,sv21133951@student.edu.vn,0970764329,STUDENT
21133952,123456,Lý Kim Hùng,sv21133952@student.edu.vn,0979585185,STUDENT
21133953,123456,Trịnh Thanh Hương,sv21133953@student.edu.vn,0955670144,STUDENT
21133954,123456,Hoàng Thiện Bảo,sv21133954@student.edu.vn,0980676880,STUDENT
21133955,123456,Trịnh Trung Sơn,sv21133955@student.edu.vn,0974070539,STUDENT
21133956,123456,Vũ Trung Em,sv21133956@student.edu.vn,0960414808,STUDENT
21133957,123456,Huỳnh Ngọc Thắng,sv21133957@student.edu.vn,0981917864,STUDENT
21133958,123456,Lý Xuân Vinh,sv21133958@student.edu.vn,0940034908,STUDENT
21133959,123456,Ngô Thanh Tâm,sv21133959@student.edu.vn,0916051679,STUDENT
21133960,123456,Ngô Văn Đạt,sv21133960@student.edu.vn,0956129606,STUDENT
21133961,123456,Vũ Hải Trang,sv21133961@student.edu.vn,0954356594,STUDENT
21133962,123456,Lý Xuân Xuân,sv21133962@student.edu.vn,0930142451,STUDENT
21133963,123456,Dương Thanh Bảo,sv21133963@student.edu.vn,0992340560,STUDENT
21133964,123456,Đinh Đức Khánh,sv21133964@student.edu.vn,0937593567,STUDENT
21133965,123456,Dương Quang Thắng,sv21133965@student.edu.vn,0962941158,STUDENT
21133966,123456,Phạm Hoàng Inh,sv21133966@student.edu.vn,0933923600,STUDENT
21133967,123456,Huỳnh Gia Tâm,sv21133967@student.edu.vn,0917473554,STUDENT
21133968,123456,Nguyễn Trung Rạng,sv21133968@student.edu.vn,0981036673,STUDENT
21133969,123456,Tạ Tuấn Phúc,sv21133969@student.edu.vn,0950517081,STUDENT
21133970,123456,Hoàng Quốc Oanh,sv21133970@student.edu.vn,0984485198,STUDENT
21133971,123456,Hoàng Thiện Phát,sv21133971@student.edu.vn,0918291734,STUDENT
21133972,123456,Đặng Hoàng Trang,sv21133972@student.edu.vn,0979108786,STUDENT
21133973,123456,Lâm Thanh Trung,sv21133973@student.edu.vn,0948149644,STUDENT
21133974,123456,Trần Đức Kiệt,sv21133974@student.edu.vn,0975289868,STUDENT
21133975,123456,Vũ Gia Thành,sv21133975@student.edu.vn,0946967737,STUDENT
21133976,123456,Trịnh Thanh Vân,sv21133976@student.edu.vn,0980056091,STUDENT
21133977,123456,Vũ Ngọc Em,sv21133977@student.edu.vn,0962264374,STUDENT
21133978,123456,Phan Hoàng Yến,sv21133978@student.edu.vn,0917559574,STUDENT
21133979,123456,Phạm Trung Tâm,sv21133979@student.edu.vn,0939667290,STUDENT
21133980,123456,Huỳnh Thu Trung,sv21133980@student.edu.vn,0996440984,STUDENT
21133981,123456,Võ Thị Nga,sv21133981@student.edu.vn,0932602380,STUDENT
21133982,123456,Trịnh Văn Tài,sv21133982@student.edu.vn,0919849907,STUDENT
21133983,123456,Đặng Đức Thành,sv21133983@student.edu.vn,0989851629,STUDENT
21133984,123456,Đinh Trung Khoa,sv21133984@student.edu.vn,0937673006,STUDENT
21133985,123456,Lý Quốc Uyên,sv21133985@student.edu.vn,0958065173,STUDENT
21133986,123456,Hà Hoàng Vân,sv21133986@student.edu.vn,0957112691,STUDENT
21133987,123456,Phạm Hải Phong,sv21133987@student.edu.vn,0959289033,STUDENT
21133988,123456,Mai Tuấn Giang,sv21133988@student.edu.vn,0926027151,STUDENT
21133989,123456,Trần Trung Phong,sv21133989@student.edu.vn,0964089375,STUDENT
21133990,123456,Phan Hải Tâm,sv21133990@student.edu.vn,0921589374,STUDENT
21133991,123456,Cao Duy Lộc,sv21133991@student.edu.vn,0944100712,STUDENT
21133992,123456,Tạ Gia Hương,sv21133992@student.edu.vn,0967046797,STUDENT
21133993,123456,Nguyễn Thu Minh,sv21133993@student.edu.vn,0989232794,STUDENT
21133994,123456,Vũ Ngọc Trung,sv21133994@student.edu.vn,0987829556,STUDENT
21133995,123456,Phạm Bảo Duy,sv21133995@student.edu.vn,0970570375,STUDENT
21133996,123456,Đinh Hồng Kiệt,sv21133996@student.edu.vn,0978203768,STUDENT
21133997,123456,Bùi Tuấn Tùng,sv21133997@student.edu.vn,0953755314,STUDENT
21133998,123456,Trịnh Thu An,sv21133998@student.edu.vn,0947732066,STUDENT
21133999,123456,Hoàng Hồng Em,sv21133999@student.edu.vn,0962864389,STUDENT
21134000,123456,Đỗ Minh Khoa,sv21134000@student.edu.vn,0990314449,STUDENT
21134001,123456,Bùi Hồng Giang,sv21134001@student.edu.vn,0953407401,STUDENT
21134002,123456,Bùi Trung Hùng,sv21134002@student.edu.vn,0971293340,STUDENT
21134003,123456,Đinh Thiện Hà,sv21134003@student.edu.vn,0979778875,STUDENT
21134004,123456,Phạm Hồng Uyên,sv21134004@student.edu.vn,0995122382,STUDENT
21134005,123456,Vũ Thị Yến,sv21134005@student.edu.vn,0937428213,STUDENT
21134006,123456,Ngô Minh Yến,sv21134006@student.edu.vn,0934982572,STUDENT
21134007,123456,Ngô Bảo Bình,sv21134007@student.edu.vn,0928792129,STUDENT
21134008,123456,Vũ Phương Khoa,sv21134008@student.edu.vn,0921349475,STUDENT
21134009,123456,Mai Anh Yến,sv21134009@student.edu.vn,0969405726,STUDENT
21134010,123456,Mai Quang Xuân,sv21134010@student.edu.vn,0990261338,STUDENT
21134011,123456,Đoàn Hồng Uyên,sv21134011@student.edu.vn,0972560074,STUDENT
21134012,123456,Trần Tuấn Giang,sv21134012@student.edu.vn,0957102793,STUDENT
21134013,123456,Huỳnh Hoàng Tài,sv21134013@student.edu.vn,0980274445,STUDENT
21134014,123456,Phan Duy Nga,sv21134014@student.edu.vn,0981273084,STUDENT
21134015,123456,Lý Nhật Hương,sv21134015@student.edu.vn,0980154439,STUDENT
21134016,123456,Lý Trung Long,sv21134016@student.edu.vn,0936500682,STUDENT
21134017,123456,Lê Bảo Toàn,sv21134017@student.edu.vn,0935361879,STUDENT
21134018,123456,Hồ Ngọc Lan,sv21134018@student.edu.vn,0952552642,STUDENT
21134019,123456,Trịnh Bảo Yến,sv21134019@student.edu.vn,0950694586,STUDENT
21134020,123456,Lý Thiện Sơn,sv21134020@student.edu.vn,0966371173,STUDENT
21134021,123456,Ngô Trung Phúc,sv21134021@student.edu.vn,0987474204,STUDENT
21134022,123456,Hoàng Thị Toàn,sv21134022@student.edu.vn,0923840200,STUDENT
21134023,123456,Đoàn Hải Linh,sv21134023@student.edu.vn,0999926778,STUDENT
21134024,123456,Đinh Thanh Lan,sv21134024@student.edu.vn,0914059777,STUDENT
21134025,123456,Hồ Xuân Uyên,sv21134025@student.edu.vn,0915618920,STUDENT
21134026,123456,Hoàng Thiện Phát,sv21134026@student.edu.vn,0954157346,STUDENT
21134027,123456,Lê Bảo Khoa,sv21134027@student.edu.vn,0943789976,STUDENT
21134028,123456,Mai Nhật Kiệt,sv21134028@student.edu.vn,0910906402,STUDENT
21134029,123456,Lý Phương Bình,sv21134029@student.edu.vn,0950374787,STUDENT
21134030,123456,Hoàng Hải Phát,sv21134030@student.edu.vn,0974626941,STUDENT
21134031,123456,Lý Ngọc Giang,sv21134031@student.edu.vn,0938516777,STUDENT
21134032,123456,Tạ Hải Oanh,sv21134032@student.edu.vn,0946056754,STUDENT
21134033,123456,Dương Kim Quân,sv21134033@student.edu.vn,0977567122,STUDENT
21134034,123456,Nguyễn Hồng Phát,sv21134034@student.edu.vn,0937040245,STUDENT
21134035,123456,Tạ Thanh Hiếu,sv21134035@student.edu.vn,0979064299,STUDENT
21134036,123456,Võ Nhật Trí,sv21134036@student.edu.vn,0991791965,STUDENT
21134037,123456,Đỗ Trung Tùng,sv21134037@student.edu.vn,0918464971,STUDENT
21134038,123456,Vũ Quang Khoa,sv21134038@student.edu.vn,0958834731,STUDENT
21134039,123456,Trần Phương Trinh,sv21134039@student.edu.vn,0992583544,STUDENT
21134040,123456,Phạm Quang Sơn,sv21134040@student.edu.vn,0979345369,STUDENT
21134041,123456,Đặng Quang Duy,sv21134041@student.edu.vn,0945402741,STUDENT
21134042,123456,Bùi Nhật Đạt,sv21134042@student.edu.vn,0927472771,STUDENT
21134043,123456,Đặng Ngọc Đạt,sv21134043@student.edu.vn,0925315857,STUDENT
21134044,123456,Nguyễn Thanh Thắng,sv21134044@student.edu.vn,0958194589,STUDENT
21134045,123456,Đinh Văn Em,sv21134045@student.edu.vn,0918084363,STUDENT
21134046,123456,Trần Thiện Hiếu,sv21134046@student.edu.vn,0918310478,STUDENT
21134047,123456,Phan Minh Trí,sv21134047@student.edu.vn,0986827740,STUDENT
21134048,123456,Nguyễn Văn Trí,sv21134048@student.edu.vn,0939530215,STUDENT
21134049,123456,Dương Hữu Uyên,sv21134049@student.edu.vn,0931810205,STUDENT
21134050,123456,Hồ Thị Xuân,sv21134050@student.edu.vn,0988824500,STUDENT
21134051,123456,Võ Quang Inh,sv21134051@student.edu.vn,0943151981,STUDENT
21134052,123456,Trịnh Ngọc Long,sv21134052@student.edu.vn,0985149980,STUDENT
21134053,123456,Mai Phương Tùng,sv21134053@student.edu.vn,0962407424,STUDENT
21134054,123456,Nguyễn Kim Sơn,sv21134054@student.edu.vn,0959873427,STUDENT
21134055,123456,Phan Duy Cường,sv21134055@student.edu.vn,0999437059,STUDENT
21134056,123456,Hoàng Hữu Phát,sv21134056@student.edu.vn,0914778399,STUDENT
21134057,123456,Nguyễn Quốc Hương,sv21134057@student.edu.vn,0989795917,STUDENT
21134058,123456,Phan Gia Hùng,sv21134058@student.edu.vn,0986905567,STUDENT
21134059,123456,Huỳnh Văn Duy,sv21134059@student.edu.vn,0961500517,STUDENT
21134060,123456,Đoàn Duy Oanh,sv21134060@student.edu.vn,0950086958,STUDENT
21134061,123456,Ngô Minh Khánh,sv21134061@student.edu.vn,0912468461,STUDENT
21134062,123456,Nguyễn Duy Duy,sv21134062@student.edu.vn,0976818301,STUDENT
21134063,123456,Lâm Trung An,sv21134063@student.edu.vn,0917610253,STUDENT
21134064,123456,Lâm Quốc Trinh,sv21134064@student.edu.vn,0958009167,STUDENT
21134065,123456,Mai Ngọc Phát,sv21134065@student.edu.vn,0963476576,STUDENT
21134066,123456,Ngô Thiện Hiếu,sv21134066@student.edu.vn,0937059334,STUDENT
21134067,123456,Huỳnh Hải Xuân,sv21134067@student.edu.vn,0992722673,STUDENT
21134068,123456,Nguyễn Hữu Bình,sv21134068@student.edu.vn,0972459737,STUDENT
21134069,123456,Lâm Gia Inh,sv21134069@student.edu.vn,0941865473,STUDENT
21134070,123456,Lý Duy Uyên,sv21134070@student.edu.vn,0991672124,STUDENT
21134071,123456,Dương Thị Khánh,sv21134071@student.edu.vn,0933635933,STUDENT
21134072,123456,Phạm Bảo Minh,sv21134072@student.edu.vn,0915204120,STUDENT
21134073,123456,Lý Hữu Yến,sv21134073@student.edu.vn,0985982803,STUDENT
21134074,123456,Trần Nhật Rạng,sv21134074@student.edu.vn,0984941880,STUDENT
21134075,123456,Đỗ Hữu Toàn,sv21134075@student.edu.vn,0936914409,STUDENT
21134076,123456,Hồ Kim Tâm,sv21134076@student.edu.vn,0982277369,STUDENT
21134077,123456,Lý Tuấn Uyên,sv21134077@student.edu.vn,0983178633,STUDENT
21134078,123456,Bùi Quang Tài,sv21134078@student.edu.vn,0919006450,STUDENT
21134079,123456,Lâm Thị Nam,sv21134079@student.edu.vn,0974576107,STUDENT
21134080,123456,Vũ Thị Khánh,sv21134080@student.edu.vn,0995180714,STUDENT
21134081,123456,Bùi Thị Khánh,sv21134081@student.edu.vn,0972346495,STUDENT
21134082,123456,Đỗ Minh Lan,sv21134082@student.edu.vn,0934829945,STUDENT
21134083,123456,Trần Anh Toàn,sv21134083@student.edu.vn,0986731479,STUDENT
21134084,123456,Hồ Hồng An,sv21134084@student.edu.vn,0934641414,STUDENT
21134085,123456,Vũ Gia Xuân,sv21134085@student.edu.vn,0939689903,STUDENT
21134086,123456,Nguyễn Minh Bảo,sv21134086@student.edu.vn,0970485021,STUDENT
21134087,123456,Võ Bảo Duy,sv21134087@student.edu.vn,0966704621,STUDENT
21134088,123456,Trịnh Ngọc Sơn,sv21134088@student.edu.vn,0932173984,STUDENT
21134089,123456,Dương Quốc Quân,sv21134089@student.edu.vn,0924741089,STUDENT
21134090,123456,Lê Thiện Rạng,sv21134090@student.edu.vn,0980378810,STUDENT
21134091,123456,Lý Thu Tâm,sv21134091@student.edu.vn,0988700815,STUDENT
21134092,123456,Tạ Quang Vân,sv21134092@student.edu.vn,0918797621,STUDENT
21134093,123456,Lâm Bảo Rạng,sv21134093@student.edu.vn,0949811731,STUDENT
21134094,123456,Trần Minh Hiếu,sv21134094@student.edu.vn,0963057671,STUDENT
21134095,123456,Nguyễn Thị Thắng,sv21134095@student.edu.vn,0947572883,STUDENT
21134096,123456,Bùi Minh Trung,sv21134096@student.edu.vn,0991695668,STUDENT
21134097,123456,Dương Nhật Linh,sv21134097@student.edu.vn,0985439540,STUDENT
21134098,123456,Võ Tuấn Rạng,sv21134098@student.edu.vn,0967944618,STUDENT
21134099,123456,Đinh Văn Tâm,sv21134099@student.edu.vn,0983347151,STUDENT
21134100,123456,Ngô Phương Trí,sv21134100@student.edu.vn,0967039699,STUDENT
21134101,123456,Hồ Đức Phát,sv21134101@student.edu.vn,0984567647,STUDENT
21134102,123456,Phạm Xuân Phát,sv21134102@student.edu.vn,0992080194,STUDENT
21134103,123456,Tạ Anh Em,sv21134103@student.edu.vn,0988432575,STUDENT
21134104,123456,Huỳnh Thanh Nga,sv21134104@student.edu.vn,0916678206,STUDENT
21134105,123456,Võ Xuân Duy,sv21134105@student.edu.vn,0995755378,STUDENT
21134106,123456,Tạ Hữu An,sv21134106@student.edu.vn,0966349831,STUDENT
21134107,123456,Đoàn Quang Bảo,sv21134107@student.edu.vn,0939722166,STUDENT
21134108,123456,Nguyễn Xuân Giang,sv21134108@student.edu.vn,0960926204,STUDENT
21134109,123456,Trần Thu Tùng,sv21134109@student.edu.vn,0989082375,STUDENT
21134110,123456,Hồ Ngọc Khánh,sv21134110@student.edu.vn,0957389806,STUDENT
21134111,123456,Tạ Hoàng Đạt,sv21134111@student.edu.vn,0957028720,STUDENT
21134112,123456,Võ Nhật Em,sv21134112@student.edu.vn,0984640067,STUDENT
21134113,123456,Trịnh Minh Linh,sv21134113@student.edu.vn,0995819026,STUDENT
21134114,123456,Trần Anh Sơn,sv21134114@student.edu.vn,0954608048,STUDENT
21134115,123456,Huỳnh Nhật Kiệt,sv21134115@student.edu.vn,0924730345,STUDENT
21134116,123456,Phạm Thu Cường,sv21134116@student.edu.vn,0976027673,STUDENT
21134117,123456,Huỳnh Hồng Long,sv21134117@student.edu.vn,0963856480,STUDENT
21134118,123456,Lê Bảo Toàn,sv21134118@student.edu.vn,0995535211,STUDENT
21134119,123456,Nguyễn Anh Toàn,sv21134119@student.edu.vn,0948426796,STUDENT
21134120,123456,Đinh Anh Thành,sv21134120@student.edu.vn,0948175399,STUDENT
21134121,123456,Lê Tuấn Phát,sv21134121@student.edu.vn,0980709223,STUDENT
21134122,123456,Hồ Hải Rạng,sv21134122@student.edu.vn,0953353074,STUDENT
21134123,123456,Đặng Đức Rạng,sv21134123@student.edu.vn,0964688360,STUDENT
21134124,123456,Phạm Hữu Linh,sv21134124@student.edu.vn,0989045788,STUDENT
21134125,123456,Lâm Thu Bảo,sv21134125@student.edu.vn,0998340660,STUDENT
21134126,123456,Ngô Hải Huy,sv21134126@student.edu.vn,0942943367,STUDENT
21134127,123456,Tạ Quốc Tâm,sv21134127@student.edu.vn,0978586671,STUDENT
21134128,123456,Võ Kim Long,sv21134128@student.edu.vn,0993861866,STUDENT
21134129,123456,Cao Trung Inh,sv21134129@student.edu.vn,0939035160,STUDENT
21134130,123456,Mai Trung Inh,sv21134130@student.edu.vn,0913747702,STUDENT
21134131,123456,Bùi Duy Duy,sv21134131@student.edu.vn,0928641782,STUDENT
21134132,123456,Mai Hoàng Rạng,sv21134132@student.edu.vn,0963373655,STUDENT
21134133,123456,Hoàng Phương Cường,sv21134133@student.edu.vn,0964233427,STUDENT
21134134,123456,Nguyễn Thanh Trang,sv21134134@student.edu.vn,0982533048,STUDENT
21134135,123456,Đoàn Anh Phát,sv21134135@student.edu.vn,0982471616,STUDENT
21134136,123456,Đoàn Nhật Bảo,sv21134136@student.edu.vn,0957873692,STUDENT
21134137,123456,Đoàn Phương Xuân,sv21134137@student.edu.vn,0931102572,STUDENT
21134138,123456,Đặng Quang Hùng,sv21134138@student.edu.vn,0981724682,STUDENT
21134139,123456,Dương Bảo Hiếu,sv21134139@student.edu.vn,0912621308,STUDENT
21134140,123456,Nguyễn Duy Inh,sv21134140@student.edu.vn,0922633398,STUDENT
21134141,123456,Lê Anh Tài,sv21134141@student.edu.vn,0943681942,STUDENT
21134142,123456,Trần Bảo Thảo,sv21134142@student.edu.vn,0916773216,STUDENT
21134143,123456,Mai Hữu Đạt,sv21134143@student.edu.vn,0989953725,STUDENT
21134144,123456,Lê Phương Hương,sv21134144@student.edu.vn,0910418707,STUDENT
21134145,123456,Lý Nhật Linh,sv21134145@student.edu.vn,0986239245,STUDENT
21134146,123456,Mai Minh Duy,sv21134146@student.edu.vn,0985024468,STUDENT
21134147,123456,Võ Thị Kiệt,sv21134147@student.edu.vn,0925649094,STUDENT
21134148,123456,Võ Thị Bình,sv21134148@student.edu.vn,0972461736,STUDENT
21134149,123456,Đỗ Thiện Trinh,sv21134149@student.edu.vn,0962140495,STUDENT
21134150,123456,Ngô Thiện Quân,sv21134150@student.edu.vn,0976810243,STUDENT
21134151,123456,Bùi Hồng Trinh,sv21134151@student.edu.vn,0973734556,STUDENT
21134152,123456,Tạ Gia Hà,sv21134152@student.edu.vn,0920446942,STUDENT
21134153,123456,Bùi Đức Nhật,sv21134153@student.edu.vn,0948582206,STUDENT
21134154,123456,Cao Anh Hà,sv21134154@student.edu.vn,0916328657,STUDENT
21134155,123456,Ngô Văn Quân,sv21134155@student.edu.vn,0962459260,STUDENT
21134156,123456,Ngô Hữu Em,sv21134156@student.edu.vn,0984922054,STUDENT
21134157,123456,Lê Minh Nhật,sv21134157@student.edu.vn,0911528324,STUDENT
21134158,123456,Phan Thu Uyên,sv21134158@student.edu.vn,0975878365,STUDENT
21134159,123456,Lý Phương Tùng,sv21134159@student.edu.vn,0980324817,STUDENT
21134160,123456,Lê Thu Inh,sv21134160@student.edu.vn,0919593500,STUDENT
21134161,123456,Vũ Kim Vinh,sv21134161@student.edu.vn,0929942004,STUDENT
21134162,123456,Hồ Ngọc Trang,sv21134162@student.edu.vn,0924305219,STUDENT
21134163,123456,Mai Quốc Thảo,sv21134163@student.edu.vn,0920117313,STUDENT
21134164,123456,Trần Hữu Uyên,sv21134164@student.edu.vn,0913005181,STUDENT
21134165,123456,Tạ Phương Tâm,sv21134165@student.edu.vn,0963393940,STUDENT
21134166,123456,Trần Minh Lộc,sv21134166@student.edu.vn,0984004672,STUDENT
21134167,123456,Phan Thu Bảo,sv21134167@student.edu.vn,0927484971,STUDENT
21134168,123456,Trịnh Anh An,sv21134168@student.edu.vn,0952161261,STUDENT
21134169,123456,Huỳnh Thanh Linh,sv21134169@student.edu.vn,0972814473,STUDENT
21134170,123456,Đặng Hoàng Vinh,sv21134170@student.edu.vn,0972727055,STUDENT
21134171,123456,Đoàn Đức Thành,sv21134171@student.edu.vn,0982988831,STUDENT
21134172,123456,Hoàng Trung Trinh,sv21134172@student.edu.vn,0968844707,STUDENT
21134173,123456,Mai Trung Khoa,sv21134173@student.edu.vn,0981309274,STUDENT
21134174,123456,Bùi Hồng Tài,sv21134174@student.edu.vn,0918336120,STUDENT
21134175,123456,Trịnh Duy Vinh,sv21134175@student.edu.vn,0982630522,STUDENT
21134176,123456,Bùi Anh Bảo,sv21134176@student.edu.vn,0990620025,STUDENT
21134177,123456,Hồ Văn Hương,sv21134177@student.edu.vn,0965029483,STUDENT
21134178,123456,Vũ Phương Trung,sv21134178@student.edu.vn,0929392517,STUDENT
21134179,123456,Cao Văn Toàn,sv21134179@student.edu.vn,0933721845,STUDENT
21134180,123456,Nguyễn Thanh Lộc,sv21134180@student.edu.vn,0918183328,STUDENT
21134181,123456,Dương Xuân Trung,sv21134181@student.edu.vn,0983194333,STUDENT
21134182,123456,Hà Ngọc Oanh,sv21134182@student.edu.vn,0936464612,STUDENT
21134183,123456,Lý Gia Inh,sv21134183@student.edu.vn,0941404930,STUDENT
21134184,123456,Đinh Duy Vân,sv21134184@student.edu.vn,0928019596,STUDENT
21134185,123456,Huỳnh Ngọc Thành,sv21134185@student.edu.vn,0924279531,STUDENT
21134186,123456,Trần Đức Uyên,sv21134186@student.edu.vn,0981480180,STUDENT
21134187,123456,Võ Tuấn Hùng,sv21134187@student.edu.vn,0985587322,STUDENT
21134188,123456,Đặng Hoàng Oanh,sv21134188@student.edu.vn,0920598027,STUDENT
21134189,123456,Trịnh Thiện Bảo,sv21134189@student.edu.vn,0936267236,STUDENT
21134190,123456,Ngô Nhật Kiệt,sv21134190@student.edu.vn,0994442272,STUDENT
21134191,123456,Bùi Tuấn Trung,sv21134191@student.edu.vn,0927412278,STUDENT
21134192,123456,Đỗ Hữu Trung,sv21134192@student.edu.vn,0989763332,STUDENT
21134193,123456,Đinh Minh Oanh,sv21134193@student.edu.vn,0917557784,STUDENT
21134194,123456,Lâm Thị Trinh,sv21134194@student.edu.vn,0935550472,STUDENT
21134195,123456,Vũ Nhật Rạng,sv21134195@student.edu.vn,0995339926,STUDENT
21134196,123456,Trịnh Quang An,sv21134196@student.edu.vn,0999021990,STUDENT
21134197,123456,Hồ Duy Kiệt,sv21134197@student.edu.vn,0932789009,STUDENT
21134198,123456,Bùi Hải Yến,sv21134198@student.edu.vn,0927224025,STUDENT
21134199,123456,Tạ Hải Phát,sv21134199@student.edu.vn,0931278704,STUDENT
21134200,123456,Nguyễn Xuân Hà,sv21134200@student.edu.vn,0974295332,STUDENT
21134201,123456,Hoàng Hữu Sơn,sv21134201@student.edu.vn,0938485187,STUDENT
21134202,123456,Đinh Thanh Tài,sv21134202@student.edu.vn,0934238917,STUDENT
21134203,123456,Võ Duy Toàn,sv21134203@student.edu.vn,0983332651,STUDENT
21134204,123456,Đặng Duy Khánh,sv21134204@student.edu.vn,0982958977,STUDENT
21134205,123456,Phan Hồng Quân,sv21134205@student.edu.vn,0916851056,STUDENT
21134206,123456,Lâm Gia Toàn,sv21134206@student.edu.vn,0963881048,STUDENT
21134207,123456,Lâm Anh Thắng,sv21134207@student.edu.vn,0955735256,STUDENT
21134208,123456,Lê Phương Xuân,sv21134208@student.edu.vn,0932525572,STUDENT
21134209,123456,Lý Quốc Minh,sv21134209@student.edu.vn,0910162378,STUDENT
21134210,123456,Hoàng Ngọc An,sv21134210@student.edu.vn,0973891229,STUDENT
21134211,123456,Nguyễn Trung Minh,sv21134211@student.edu.vn,0984684958,STUDENT
21134212,123456,Trịnh Nhật Trung,sv21134212@student.edu.vn,0996155768,STUDENT
21134213,123456,Lâm Minh Lộc,sv21134213@student.edu.vn,0938728226,STUDENT
21134214,123456,Tạ Bảo Khoa,sv21134214@student.edu.vn,0983934235,STUDENT
21134215,123456,Hoàng Văn Bình,sv21134215@student.edu.vn,0984560895,STUDENT
21134216,123456,Lâm Quang Thắng,sv21134216@student.edu.vn,0988774917,STUDENT
21134217,123456,Vũ Thiện Lan,sv21134217@student.edu.vn,0917570208,STUDENT
21134218,123456,Dương Văn Hùng,sv21134218@student.edu.vn,0932829480,STUDENT
21134219,123456,Lý Bảo Đạt,sv21134219@student.edu.vn,0950548147,STUDENT
21134220,123456,Đỗ Văn Inh,sv21134220@student.edu.vn,0931186010,STUDENT
21134221,123456,Phạm Minh Bảo,sv21134221@student.edu.vn,0981114463,STUDENT
21134222,123456,Đỗ Hồng Hương,sv21134222@student.edu.vn,0939649588,STUDENT
21134223,123456,Đỗ Thiện Cường,sv21134223@student.edu.vn,0960976123,STUDENT
21134224,123456,Phan Quốc Trinh,sv21134224@student.edu.vn,0915218725,STUDENT
21134225,123456,Võ Thị Nga,sv21134225@student.edu.vn,0995319849,STUDENT
21134226,123456,Mai Nhật Em,sv21134226@student.edu.vn,0957567701,STUDENT
21134227,123456,Lê Anh Oanh,sv21134227@student.edu.vn,0928023521,STUDENT
21134228,123456,Tạ Hữu Trinh,sv21134228@student.edu.vn,0931037421,STUDENT
21134229,123456,Phan Phương Đạt,sv21134229@student.edu.vn,0958079938,STUDENT
21134230,123456,Hà Ngọc Linh,sv21134230@student.edu.vn,0927962019,STUDENT
21134231,123456,Đoàn Anh Trí,sv21134231@student.edu.vn,0945847848,STUDENT
21134232,123456,Võ Văn Oanh,sv21134232@student.edu.vn,0950678337,STUDENT
21134233,123456,Trịnh Bảo Phúc,sv21134233@student.edu.vn,0998134093,STUDENT
21134234,123456,Tạ Thiện Trí,sv21134234@student.edu.vn,0955120931,STUDENT
21134235,123456,Lê Thanh Inh,sv21134235@student.edu.vn,0985985013,STUDENT
21134236,123456,Đinh Thiện Hà,sv21134236@student.edu.vn,0943917126,STUDENT
21134237,123456,Bùi Thiện Giang,sv21134237@student.edu.vn,0922794588,STUDENT
21134238,123456,Võ Quốc Long,sv21134238@student.edu.vn,0965023684,STUDENT
21134239,123456,Trần Gia Nga,sv21134239@student.edu.vn,0924041946,STUDENT
21134240,123456,Lê Hữu Yến,sv21134240@student.edu.vn,0911440714,STUDENT
21134241,123456,Hồ Ngọc Yến,sv21134241@student.edu.vn,0995575456,STUDENT
21134242,123456,Hoàng Trung Vân,sv21134242@student.edu.vn,0910212715,STUDENT
21134243,123456,Ngô Anh Rạng,sv21134243@student.edu.vn,0977000331,STUDENT
21134244,123456,Lý Phương Lộc,sv21134244@student.edu.vn,0986069706,STUDENT
21134245,123456,Ngô Trung Tùng,sv21134245@student.edu.vn,0971030527,STUDENT
21134246,123456,Tạ Thị Huy,sv21134246@student.edu.vn,0995813185,STUDENT
21134247,123456,Huỳnh Văn Thắng,sv21134247@student.edu.vn,0915853378,STUDENT
21134248,123456,Trần Hữu Vinh,sv21134248@student.edu.vn,0964022023,STUDENT
21134249,123456,Đoàn Duy Long,sv21134249@student.edu.vn,0919259041,STUDENT
21134250,123456,Trần Tuấn Rạng,sv21134250@student.edu.vn,0971758488,STUDENT
21134251,123456,Hà Quốc Trí,sv21134251@student.edu.vn,0974640231,STUDENT
21134252,123456,Hà Thiện Trung,sv21134252@student.edu.vn,0968071050,STUDENT
21134253,123456,Dương Kim Em,sv21134253@student.edu.vn,0935269750,STUDENT
21134254,123456,Lý Tuấn Hà,sv21134254@student.edu.vn,0916020598,STUDENT
21134255,123456,Mai Thu Vân,sv21134255@student.edu.vn,0959757323,STUDENT
21134256,123456,Lê Phương Tùng,sv21134256@student.edu.vn,0975954071,STUDENT
21134257,123456,Lê Anh Vân,sv21134257@student.edu.vn,0987425056,STUDENT
21134258,123456,Lý Hoàng Giang,sv21134258@student.edu.vn,0931322085,STUDENT
21134259,123456,Lâm Phương Trang,sv21134259@student.edu.vn,0991147156,STUDENT
21134260,123456,Huỳnh Thị Vinh,sv21134260@student.edu.vn,0919077545,STUDENT
21134261,123456,Dương Duy An,sv21134261@student.edu.vn,0982433250,STUDENT
21134262,123456,Tạ Trung Nam,sv21134262@student.edu.vn,0922512732,STUDENT
21134263,123456,Võ Quang Trinh,sv21134263@student.edu.vn,0945953636,STUDENT
21134264,123456,Huỳnh Ngọc Em,sv21134264@student.edu.vn,0956092178,STUDENT
21134265,123456,Trịnh Văn Hà,sv21134265@student.edu.vn,0932494289,STUDENT
21134266,123456,Nguyễn Nhật Thắng,sv21134266@student.edu.vn,0956285691,STUDENT
21134267,123456,Ngô Duy Thảo,sv21134267@student.edu.vn,0959824560,STUDENT
21134268,123456,Đoàn Hồng Yến,sv21134268@student.edu.vn,0938566718,STUDENT
21134269,123456,Tạ Kim Trinh,sv21134269@student.edu.vn,0980956732,STUDENT
21134270,123456,Lâm Kim Phát,sv21134270@student.edu.vn,0922890253,STUDENT
21134271,123456,Bùi Quang Thắng,sv21134271@student.edu.vn,0915027495,STUDENT
21134272,123456,Hồ Duy Nhật,sv21134272@student.edu.vn,0973754494,STUDENT
21134273,123456,Bùi Quang Trinh,sv21134273@student.edu.vn,0951953397,STUDENT
21134274,123456,Ngô Thị Lan,sv21134274@student.edu.vn,0910642136,STUDENT
21134275,123456,Lý Xuân Linh,sv21134275@student.edu.vn,0974150720,STUDENT
21134276,123456,Tạ Quang Lộc,sv21134276@student.edu.vn,0986185297,STUDENT
21134277,123456,Đinh Thanh Yến,sv21134277@student.edu.vn,0948340707,STUDENT
21134278,123456,Nguyễn Duy Duy,sv21134278@student.edu.vn,0972212381,STUDENT
21134279,123456,Đinh Văn Hùng,sv21134279@student.edu.vn,0982028837,STUDENT
21134280,123456,Bùi Nhật Phong,sv21134280@student.edu.vn,0913132842,STUDENT
21134281,123456,Nguyễn Tuấn Cường,sv21134281@student.edu.vn,0964242075,STUDENT
21134282,123456,Trịnh Minh Tùng,sv21134282@student.edu.vn,0998966940,STUDENT
21134283,123456,Hoàng Gia Hương,sv21134283@student.edu.vn,0971208398,STUDENT
21134284,123456,Phạm Anh Hương,sv21134284@student.edu.vn,0992097917,STUDENT
21134285,123456,Đỗ Nhật Thảo,sv21134285@student.edu.vn,0921559051,STUDENT
21134286,123456,Hà Bảo Inh,sv21134286@student.edu.vn,0979094827,STUDENT
21134287,123456,Tạ Đức Trang,sv21134287@student.edu.vn,0976004138,STUDENT
21134288,123456,Vũ Xuân Thành,sv21134288@student.edu.vn,0969740939,STUDENT
21134289,123456,Võ Hữu Thảo,sv21134289@student.edu.vn,0967393104,STUDENT
21134290,123456,Đoàn Minh Trang,sv21134290@student.edu.vn,0936339359,STUDENT
21134291,123456,Dương Đức Phúc,sv21134291@student.edu.vn,0955677700,STUDENT
21134292,123456,Đỗ Minh Long,sv21134292@student.edu.vn,0947897467,STUDENT
21134293,123456,Trịnh Thu Yến,sv21134293@student.edu.vn,0930431919,STUDENT
21134294,123456,Vũ Văn Sơn,sv21134294@student.edu.vn,0940350877,STUDENT
21134295,123456,Lê Thanh Đạt,sv21134295@student.edu.vn,0975393334,STUDENT
21134296,123456,Đoàn Ngọc Bình,sv21134296@student.edu.vn,0961963774,STUDENT
21134297,123456,Đinh Phương Yến,sv21134297@student.edu.vn,0946822008,STUDENT
21134298,123456,Lý Gia Cường,sv21134298@student.edu.vn,0949497333,STUDENT
21134299,123456,Cao Xuân Duy,sv21134299@student.edu.vn,0982944080,STUDENT
21134300,123456,Cao Phương Khoa,sv21134300@student.edu.vn,0938938218,STUDENT
21134301,123456,Đỗ Hải An,sv21134301@student.edu.vn,0942162003,STUDENT
21134302,123456,Lý Thu Hà,sv21134302@student.edu.vn,0985692731,STUDENT
21134303,123456,Hồ Thị Yến,sv21134303@student.edu.vn,0930022062,STUDENT
21134304,123456,Dương Bảo Yến,sv21134304@student.edu.vn,0937577339,STUDENT
21134305,123456,Cao Phương Hiếu,sv21134305@student.edu.vn,0943766427,STUDENT
21134306,123456,Đỗ Quốc Oanh,sv21134306@student.edu.vn,0919545728,STUDENT
21134307,123456,Lý Quốc Toàn,sv21134307@student.edu.vn,0958138059,STUDENT
21134308,123456,Nguyễn Bảo Inh,sv21134308@student.edu.vn,0937070059,STUDENT
21134309,123456,Bùi Nhật Bảo,sv21134309@student.edu.vn,0989399539,STUDENT
21134310,123456,Hoàng Duy Nam,sv21134310@student.edu.vn,0920666251,STUDENT
21134311,123456,Đặng Nhật Giang,sv21134311@student.edu.vn,0973308328,STUDENT
21134312,123456,Cao Phương An,sv21134312@student.edu.vn,0945290214,STUDENT
21134313,123456,Cao Hồng Minh,sv21134313@student.edu.vn,0985423064,STUDENT
21134314,123456,Hà Thị Thành,sv21134314@student.edu.vn,0965069841,STUDENT
21134315,123456,Hà Xuân Vân,sv21134315@student.edu.vn,0914164795,STUDENT
21134316,123456,Bùi Quốc Oanh,sv21134316@student.edu.vn,0959519246,STUDENT
21134317,123456,Bùi Phương Phát,sv21134317@student.edu.vn,0972295093,STUDENT
21134318,123456,Phạm Xuân Quân,sv21134318@student.edu.vn,0966989257,STUDENT
21134319,123456,Phạm Gia Nga,sv21134319@student.edu.vn,0927372191,STUDENT
21134320,123456,Hà Ngọc Yến,sv21134320@student.edu.vn,0940479603,STUDENT
21134321,123456,Trịnh Bảo Hà,sv21134321@student.edu.vn,0924559342,STUDENT
21134322,123456,Đỗ Anh Phát,sv21134322@student.edu.vn,0922094173,STUDENT
21134323,123456,Hồ Minh An,sv21134323@student.edu.vn,0944922963,STUDENT
21134324,123456,Dương Thanh Lan,sv21134324@student.edu.vn,0995247673,STUDENT
21134325,123456,Lâm Quốc Long,sv21134325@student.edu.vn,0981020949,STUDENT
21134326,123456,Dương Ngọc Duy,sv21134326@student.edu.vn,0999867960,STUDENT
21134327,123456,Đinh Xuân Trung,sv21134327@student.edu.vn,0983467269,STUDENT
21134328,123456,Hà Thị Trinh,sv21134328@student.edu.vn,0982434317,STUDENT
21134329,123456,Lâm Minh Phát,sv21134329@student.edu.vn,0978316810,STUDENT
21134330,123456,Nguyễn Kim Em,sv21134330@student.edu.vn,0973165221,STUDENT
21134331,123456,Hoàng Duy Tùng,sv21134331@student.edu.vn,0979038143,STUDENT
21134332,123456,Tạ Anh Đạt,sv21134332@student.edu.vn,0926018025,STUDENT
21134333,123456,Mai Hải Nga,sv21134333@student.edu.vn,0930263829,STUDENT
21134334,123456,Lê Đức Hiếu,sv21134334@student.edu.vn,0918348277,STUDENT
21134335,123456,Lý Xuân Oanh,sv21134335@student.edu.vn,0979573360,STUDENT
21134336,123456,Huỳnh Quốc Đạt,sv21134336@student.edu.vn,0917874406,STUDENT
21134337,123456,Đinh Xuân Vinh,sv21134337@student.edu.vn,0943715265,STUDENT
21134338,123456,Lý Anh Trung,sv21134338@student.edu.vn,0974230154,STUDENT
21134339,123456,Hồ Quang Cường,sv21134339@student.edu.vn,0994195492,STUDENT
21134340,123456,Lâm Anh Yến,sv21134340@student.edu.vn,0959775568,STUDENT
21134341,123456,Tạ Thị Vân,sv21134341@student.edu.vn,0948744993,STUDENT
21134342,123456,Hoàng Hải Hương,sv21134342@student.edu.vn,0966322279,STUDENT
21134343,123456,Đỗ Thanh Đạt,sv21134343@student.edu.vn,0914196474,STUDENT
21134344,123456,Vũ Hoàng Thảo,sv21134344@student.edu.vn,0940139575,STUDENT
21134345,123456,Lê Duy Hương,sv21134345@student.edu.vn,0921193771,STUDENT
21134346,123456,Hoàng Thiện Sơn,sv21134346@student.edu.vn,0919109231,STUDENT
21134347,123456,Đặng Thu Thắng,sv21134347@student.edu.vn,0973010723,STUDENT
21134348,123456,Trịnh Đức Nga,sv21134348@student.edu.vn,0996558764,STUDENT
21134349,123456,Đặng Đức Phong,sv21134349@student.edu.vn,0944816745,STUDENT
21134350,123456,Đỗ Phương Rạng,sv21134350@student.edu.vn,0946583075,STUDENT
21134351,123456,Đỗ Quốc Oanh,sv21134351@student.edu.vn,0940135849,STUDENT
21134352,123456,Cao Quang Quân,sv21134352@student.edu.vn,0966014055,STUDENT
21134353,123456,Nguyễn Thu Huy,sv21134353@student.edu.vn,0952717556,STUDENT
21134354,123456,Ngô Thu Bình,sv21134354@student.edu.vn,0952602394,STUDENT
21134355,123456,Bùi Anh Trí,sv21134355@student.edu.vn,0914174210,STUDENT
21134356,123456,Nguyễn Thanh Tài,sv21134356@student.edu.vn,0919382887,STUDENT
21134357,123456,Tạ Kim Inh,sv21134357@student.edu.vn,0949962037,STUDENT
21134358,123456,Vũ Anh Trí,sv21134358@student.edu.vn,0984994747,STUDENT
21134359,123456,Lý Nhật Vinh,sv21134359@student.edu.vn,0957335076,STUDENT
21134360,123456,Đoàn Quang Rạng,sv21134360@student.edu.vn,0930789471,STUDENT
21134361,123456,Tạ Văn Thảo,sv21134361@student.edu.vn,0946341607,STUDENT
21134362,123456,Hà Gia Tùng,sv21134362@student.edu.vn,0961558665,STUDENT
21134363,123456,Trịnh Nhật Phong,sv21134363@student.edu.vn,0944261655,STUDENT
21134364,123456,Hồ Quang Nhật,sv21134364@student.edu.vn,0991752280,STUDENT
21134365,123456,Đinh Hồng Inh,sv21134365@student.edu.vn,0988621947,STUDENT
21134366,123456,Ngô Phương Uyên,sv21134366@student.edu.vn,0999124074,STUDENT
21134367,123456,Huỳnh Nhật An,sv21134367@student.edu.vn,0922879276,STUDENT
21134368,123456,Đặng Trung Phong,sv21134368@student.edu.vn,0974247965,STUDENT
21134369,123456,Phạm Thị Yến,sv21134369@student.edu.vn,0921732987,STUDENT
21134370,123456,Nguyễn Hồng Bảo,sv21134370@student.edu.vn,0929301045,STUDENT
21134371,123456,Cao Bảo Duy,sv21134371@student.edu.vn,0996208602,STUDENT
21134372,123456,Ngô Minh Huy,sv21134372@student.edu.vn,0924299422,STUDENT
21134373,123456,Hồ Anh Khánh,sv21134373@student.edu.vn,0934808046,STUDENT
21134374,123456,Phan Thu Yến,sv21134374@student.edu.vn,0960980619,STUDENT
21134375,123456,Lý Duy Kiệt,sv21134375@student.edu.vn,0980574498,STUDENT
21134376,123456,Lê Gia Long,sv21134376@student.edu.vn,0921453966,STUDENT
21134377,123456,Tạ Nhật Nam,sv21134377@student.edu.vn,0914956530,STUDENT
21134378,123456,Hồ Anh Vân,sv21134378@student.edu.vn,0937593288,STUDENT
21134379,123456,Huỳnh Tuấn Hùng,sv21134379@student.edu.vn,0965815710,STUDENT
21134380,123456,Vũ Thu Inh,sv21134380@student.edu.vn,0911549164,STUDENT
21134381,123456,Trịnh Thị Oanh,sv21134381@student.edu.vn,0975894250,STUDENT
21134382,123456,Lê Phương Trinh,sv21134382@student.edu.vn,0943647350,STUDENT
21134383,123456,Hoàng Ngọc Trí,sv21134383@student.edu.vn,0952473188,STUDENT
21134384,123456,Tạ Nhật Thắng,sv21134384@student.edu.vn,0921664215,STUDENT
21134385,123456,Đoàn Thu Tài,sv21134385@student.edu.vn,0915531792,STUDENT
21134386,123456,Hồ Bảo Kiệt,sv21134386@student.edu.vn,0937736124,STUDENT
21134387,123456,Tạ Duy Cường,sv21134387@student.edu.vn,0973984089,STUDENT
21134388,123456,Vũ Hữu Duy,sv21134388@student.edu.vn,0960024191,STUDENT
21134389,123456,Lê Duy Trí,sv21134389@student.edu.vn,0936896323,STUDENT
21134390,123456,Lâm Xuân Vân,sv21134390@student.edu.vn,0924278812,STUDENT
21134391,123456,Phạm Tuấn Hiếu,sv21134391@student.edu.vn,0959742854,STUDENT
21134392,123456,Hà Hữu Phúc,sv21134392@student.edu.vn,0983483661,STUDENT
21134393,123456,Cao Ngọc Vân,sv21134393@student.edu.vn,0995590530,STUDENT
21134394,123456,Đặng Thanh Duy,sv21134394@student.edu.vn,0947456760,STUDENT
21134395,123456,Dương Hữu Toàn,sv21134395@student.edu.vn,0912699038,STUDENT
21134396,123456,Ngô Gia Tâm,sv21134396@student.edu.vn,0910740236,STUDENT
21134397,123456,Đặng Nhật Phúc,sv21134397@student.edu.vn,0978232930,STUDENT
21134398,123456,Đinh Đức Bình,sv21134398@student.edu.vn,0919179163,STUDENT
21134399,123456,Mai Thanh Tài,sv21134399@student.edu.vn,0944697138,STUDENT
21134400,123456,Dương Kim Inh,sv21134400@student.edu.vn,0969634849,STUDENT
21134401,123456,Phan Văn Bình,sv21134401@student.edu.vn,0915248212,STUDENT
21134402,123456,Huỳnh Thị Quân,sv21134402@student.edu.vn,0934739011,STUDENT
21134403,123456,Phan Ngọc Kiệt,sv21134403@student.edu.vn,0943917261,STUDENT
21134404,123456,Hoàng Quốc Kiệt,sv21134404@student.edu.vn,0915671066,STUDENT
21134405,123456,Hoàng Trung Inh,sv21134405@student.edu.vn,0938481930,STUDENT
21134406,123456,Lâm Thiện Duy,sv21134406@student.edu.vn,0914257794,STUDENT
21134407,123456,Ngô Anh Nga,sv21134407@student.edu.vn,0931511603,STUDENT
21134408,123456,Đặng Ngọc Inh,sv21134408@student.edu.vn,0931779400,STUDENT
21134409,123456,Ngô Thu Khoa,sv21134409@student.edu.vn,0949066347,STUDENT
21134410,123456,Trần Ngọc Thảo,sv21134410@student.edu.vn,0933585456,STUDENT
21134411,123456,Lâm Tuấn Nga,sv21134411@student.edu.vn,0982007308,STUDENT
21134412,123456,Hà Ngọc Yến,sv21134412@student.edu.vn,0986241562,STUDENT
21134413,123456,Cao Phương Kiệt,sv21134413@student.edu.vn,0983230591,STUDENT
21134414,123456,Trần Anh Khánh,sv21134414@student.edu.vn,0989898373,STUDENT
21134415,123456,Nguyễn Hải Hà,sv21134415@student.edu.vn,0987967271,STUDENT
21134416,123456,Dương Tuấn Vinh,sv21134416@student.edu.vn,0981025293,STUDENT
21134417,123456,Nguyễn Kim Bảo,sv21134417@student.edu.vn,0995391954,STUDENT
21134418,123456,Lê Hải Xuân,sv21134418@student.edu.vn,0931177517,STUDENT
21134419,123456,Ngô Thu Trí,sv21134419@student.edu.vn,0965922396,STUDENT
21134420,123456,Đặng Thanh Đạt,sv21134420@student.edu.vn,0956106769,STUDENT
21134421,123456,Đinh Minh Uyên,sv21134421@student.edu.vn,0948735727,STUDENT
21134422,123456,Võ Bảo Lộc,sv21134422@student.edu.vn,0995045222,STUDENT
21134423,123456,Huỳnh Đức Trang,sv21134423@student.edu.vn,0971179214,STUDENT
21134424,123456,Ngô Phương Toàn,sv21134424@student.edu.vn,0930215501,STUDENT
21134425,123456,Lâm Hữu Rạng,sv21134425@student.edu.vn,0955240317,STUDENT
21134426,123456,Hồ Văn Long,sv21134426@student.edu.vn,0969968038,STUDENT
21134427,123456,Vũ Quang Huy,sv21134427@student.edu.vn,0998382312,STUDENT
21134428,123456,Võ Quốc Cường,sv21134428@student.edu.vn,0932358923,STUDENT
21134429,123456,Trịnh Gia Nhật,sv21134429@student.edu.vn,0999298750,STUDENT
21134430,123456,Võ Hồng Phong,sv21134430@student.edu.vn,0979947550,STUDENT
21134431,123456,Hồ Anh Bảo,sv21134431@student.edu.vn,0976613460,STUDENT
21134432,123456,Hồ Phương Bảo,sv21134432@student.edu.vn,0955761515,STUDENT
21134433,123456,Vũ Kim Hùng,sv21134433@student.edu.vn,0937194685,STUDENT
21134434,123456,Trịnh Bảo Giang,sv21134434@student.edu.vn,0910867488,STUDENT
21134435,123456,Lâm Duy Nam,sv21134435@student.edu.vn,0994642027,STUDENT
21134436,123456,Mai Trung Minh,sv21134436@student.edu.vn,0958868607,STUDENT
21134437,123456,Cao Quốc Linh,sv21134437@student.edu.vn,0971945514,STUDENT
21134438,123456,Ngô Quang Thắng,sv21134438@student.edu.vn,0932171323,STUDENT
21134439,123456,Hồ Anh Uyên,sv21134439@student.edu.vn,0958535089,STUDENT
21134440,123456,Trần Thanh Oanh,sv21134440@student.edu.vn,0997480693,STUDENT
21134441,123456,Nguyễn Xuân Minh,sv21134441@student.edu.vn,0987612189,STUDENT
21134442,123456,Huỳnh Duy Nhật,sv21134442@student.edu.vn,0920067681,STUDENT
21134443,123456,Vũ Văn Em,sv21134443@student.edu.vn,0917545230,STUDENT
21134444,123456,Dương Hoàng Long,sv21134444@student.edu.vn,0966196185,STUDENT
21134445,123456,Mai Hồng Bình,sv21134445@student.edu.vn,0949949014,STUDENT
21134446,123456,Đinh Hoàng Trinh,sv21134446@student.edu.vn,0981720258,STUDENT
21134447,123456,Nguyễn Quốc Toàn,sv21134447@student.edu.vn,0945994359,STUDENT
21134448,123456,Lý Thu Phúc,sv21134448@student.edu.vn,0967208642,STUDENT
21134449,123456,Hồ Anh Cường,sv21134449@student.edu.vn,0958970281,STUDENT
21134450,123456,Đỗ Văn Trung,sv21134450@student.edu.vn,0918432988,STUDENT
21134451,123456,Hồ Xuân Vinh,sv21134451@student.edu.vn,0910902253,STUDENT
21134452,123456,Lâm Ngọc Em,sv21134452@student.edu.vn,0927607143,STUDENT
21134453,123456,Tạ Bảo Quân,sv21134453@student.edu.vn,0938038268,STUDENT
21134454,123456,Lâm Quang An,sv21134454@student.edu.vn,0938834415,STUDENT
21134455,123456,Vũ Nhật Rạng,sv21134455@student.edu.vn,0921837780,STUDENT
21134456,123456,Hà Duy Rạng,sv21134456@student.edu.vn,0979715699,STUDENT
21134457,123456,Phan Ngọc Inh,sv21134457@student.edu.vn,0982243877,STUDENT
21134458,123456,Đinh Bảo An,sv21134458@student.edu.vn,0962151658,STUDENT
21134459,123456,Đinh Hồng An,sv21134459@student.edu.vn,0994023756,STUDENT
21134460,123456,Lê Quang Đạt,sv21134460@student.edu.vn,0943608198,STUDENT
21134461,123456,Trần Hữu Duy,sv21134461@student.edu.vn,0931234416,STUDENT
21134462,123456,Tạ Hồng Hiếu,sv21134462@student.edu.vn,0982278316,STUDENT
21134463,123456,Phạm Văn Tài,sv21134463@student.edu.vn,0953696016,STUDENT
21134464,123456,Lý Đức Hà,sv21134464@student.edu.vn,0930020839,STUDENT
21134465,123456,Hồ Thiện Trí,sv21134465@student.edu.vn,0993247776,STUDENT
21134466,123456,Tạ Xuân Vinh,sv21134466@student.edu.vn,0963088758,STUDENT
21134467,123456,Bùi Hoàng Khánh,sv21134467@student.edu.vn,0965481857,STUDENT
21134468,123456,Võ Anh Uyên,sv21134468@student.edu.vn,0991911309,STUDENT
21134469,123456,Huỳnh Kim Trinh,sv21134469@student.edu.vn,0989777067,STUDENT
21134470,123456,Vũ Ngọc Vân,sv21134470@student.edu.vn,0963560399,STUDENT
21134471,123456,Đỗ Đức Duy,sv21134471@student.edu.vn,0981294654,STUDENT
21134472,123456,Lâm Đức Tài,sv21134472@student.edu.vn,0979659461,STUDENT
21134473,123456,Bùi Hải Long,sv21134473@student.edu.vn,0979744681,STUDENT
21134474,123456,Huỳnh Anh Giang,sv21134474@student.edu.vn,0977596152,STUDENT
21134475,123456,Hà Quốc Khánh,sv21134475@student.edu.vn,0937831719,STUDENT
21134476,123456,Võ Xuân Thảo,sv21134476@student.edu.vn,0917401654,STUDENT
21134477,123456,Huỳnh Duy Hương,sv21134477@student.edu.vn,0958685915,STUDENT
21134478,123456,Nguyễn Phương Hiếu,sv21134478@student.edu.vn,0930138398,STUDENT
21134479,123456,Trịnh Quốc Tài,sv21134479@student.edu.vn,0930976368,STUDENT
21134480,123456,Dương Nhật Phúc,sv21134480@student.edu.vn,0925370451,STUDENT
21134481,123456,Trịnh Thiện Trang,sv21134481@student.edu.vn,0930398412,STUDENT
21134482,123456,Lê Tuấn Hương,sv21134482@student.edu.vn,0915325240,STUDENT
21134483,123456,Võ Thu Vân,sv21134483@student.edu.vn,0952874817,STUDENT
21134484,123456,Nguyễn Hải Cường,sv21134484@student.edu.vn,0929141945,STUDENT
21134485,123456,Bùi Anh Bảo,sv21134485@student.edu.vn,0962311123,STUDENT
21134486,123456,Võ Trung Vinh,sv21134486@student.edu.vn,0943129775,STUDENT
21134487,123456,Huỳnh Thu Khánh,sv21134487@student.edu.vn,0990508299,STUDENT
21134488,123456,Phạm Anh Nga,sv21134488@student.edu.vn,0919929354,STUDENT
21134489,123456,Bùi Phương Tâm,sv21134489@student.edu.vn,0957629459,STUDENT
21134490,123456,Võ Gia Trung,sv21134490@student.edu.vn,0956217262,STUDENT
21134491,123456,Lê Tuấn Thảo,sv21134491@student.edu.vn,0930310970,STUDENT
21134492,123456,Ngô Trung Hà,sv21134492@student.edu.vn,0991050150,STUDENT
21134493,123456,Trần Phương Em,sv21134493@student.edu.vn,0914956350,STUDENT
21134494,123456,Phạm Phương Thắng,sv21134494@student.edu.vn,0991497938,STUDENT
21134495,123456,Mai Duy Trí,sv21134495@student.edu.vn,0966161974,STUDENT
21134496,123456,Lê Thị Hương,sv21134496@student.edu.vn,0936214346,STUDENT
21134497,123456,Hoàng Ngọc Hiếu,sv21134497@student.edu.vn,0937654461,STUDENT
21134498,123456,Phan Nhật Vân,sv21134498@student.edu.vn,0988082800,STUDENT
21134499,123456,Lý Thanh Hương,sv21134499@student.edu.vn,0931514444,STUDENT
21134500,123456,Hồ Duy Trung,sv21134500@student.edu.vn,0988939130,STUDENT
21134501,123456,Đặng Hồng Bảo,sv21134501@student.edu.vn,0988147936,STUDENT
21134502,123456,Mai Hữu Uyên,sv21134502@student.edu.vn,0935724784,STUDENT
21134503,123456,Võ Hồng Nga,sv21134503@student.edu.vn,0989629546,STUDENT
21134504,123456,Mai Hải Inh,sv21134504@student.edu.vn,0928783257,STUDENT
21134505,123456,Trịnh Nhật Giang,sv21134505@student.edu.vn,0967558070,STUDENT
21134506,123456,Lý Quốc An,sv21134506@student.edu.vn,0919024060,STUDENT
21134507,123456,Ngô Thanh Thành,sv21134507@student.edu.vn,0954794966,STUDENT
21134508,123456,Nguyễn Thanh Vinh,sv21134508@student.edu.vn,0916629417,STUDENT
21134509,123456,Hồ Bảo Thành,sv21134509@student.edu.vn,0922774922,STUDENT
21134510,123456,Bùi Kim Thành,sv21134510@student.edu.vn,0977090927,STUDENT
21134511,123456,Hồ Hoàng Cường,sv21134511@student.edu.vn,0922114678,STUDENT
21134512,123456,Ngô Quốc Hương,sv21134512@student.edu.vn,0934499088,STUDENT
21134513,123456,Tạ Tuấn Hiếu,sv21134513@student.edu.vn,0915267931,STUDENT
21134514,123456,Huỳnh Duy Phát,sv21134514@student.edu.vn,0952757535,STUDENT
21134515,123456,Ngô Quốc Hà,sv21134515@student.edu.vn,0972960408,STUDENT
21134516,123456,Vũ Quốc Duy,sv21134516@student.edu.vn,0935143705,STUDENT
21134517,123456,Trần Minh Huy,sv21134517@student.edu.vn,0941862041,STUDENT
21134518,123456,Lý Thị Kiệt,sv21134518@student.edu.vn,0972726437,STUDENT
21134519,123456,Đặng Nhật Inh,sv21134519@student.edu.vn,0954576192,STUDENT
21134520,123456,Tạ Quốc Quân,sv21134520@student.edu.vn,0920693594,STUDENT
21134521,123456,Huỳnh Quang Thành,sv21134521@student.edu.vn,0989740808,STUDENT
21134522,123456,Đinh Phương Linh,sv21134522@student.edu.vn,0953799152,STUDENT
21134523,123456,Võ Hồng Nga,sv21134523@student.edu.vn,0978787008,STUDENT
21134524,123456,Đỗ Thiện Lộc,sv21134524@student.edu.vn,0995960369,STUDENT
21134525,123456,Hồ Gia Yến,sv21134525@student.edu.vn,0957853423,STUDENT
21134526,123456,Hà Bảo Tâm,sv21134526@student.edu.vn,0947556720,STUDENT
21134527,123456,Hà Văn Trí,sv21134527@student.edu.vn,0980078744,STUDENT
21134528,123456,Đinh Duy Lan,sv21134528@student.edu.vn,0990627910,STUDENT
21134529,123456,Phạm Đức Minh,sv21134529@student.edu.vn,0968834831,STUDENT
21134530,123456,Nguyễn Hữu Yến,sv21134530@student.edu.vn,0991156560,STUDENT
21134531,123456,Đinh Thị Uyên,sv21134531@student.edu.vn,0914695141,STUDENT
21134532,123456,Bùi Ngọc Oanh,sv21134532@student.edu.vn,0920582000,STUDENT
21134533,123456,Phan Quang Quân,sv21134533@student.edu.vn,0969222888,STUDENT
21134534,123456,Bùi Quang Hương,sv21134534@student.edu.vn,0924726780,STUDENT
21134535,123456,Đoàn Minh Linh,sv21134535@student.edu.vn,0987212210,STUDENT
21134536,123456,Vũ Xuân Nga,sv21134536@student.edu.vn,0947498584,STUDENT
21134537,123456,Phan Nhật Rạng,sv21134537@student.edu.vn,0929077751,STUDENT
21134538,123456,Lý Minh Tài,sv21134538@student.edu.vn,0995458212,STUDENT
21134539,123456,Ngô Hoàng Phong,sv21134539@student.edu.vn,0934176121,STUDENT
21134540,123456,Đặng Quốc Hương,sv21134540@student.edu.vn,0945722560,STUDENT
21134541,123456,Đinh Thanh Tâm,sv21134541@student.edu.vn,0911832456,STUDENT
21134542,123456,Cao Hoàng Bảo,sv21134542@student.edu.vn,0929288819,STUDENT
21134543,123456,Nguyễn Văn Minh,sv21134543@student.edu.vn,0938358383,STUDENT
21134544,123456,Cao Văn Thắng,sv21134544@student.edu.vn,0948079238,STUDENT
21134545,123456,Huỳnh Gia Thành,sv21134545@student.edu.vn,0948428409,STUDENT
21134546,123456,Trần Thu Linh,sv21134546@student.edu.vn,0956436986,STUDENT
21134547,123456,Hồ Ngọc Khoa,sv21134547@student.edu.vn,0981448468,STUDENT
21134548,123456,Trần Quang Phúc,sv21134548@student.edu.vn,0949048848,STUDENT
21134549,123456,Đoàn Thanh Em,sv21134549@student.edu.vn,0973025137,STUDENT
21134550,123456,Ngô Duy An,sv21134550@student.edu.vn,0940408333,STUDENT
21134551,123456,Lý Hoàng Hùng,sv21134551@student.edu.vn,0945328257,STUDENT
21134552,123456,Bùi Xuân Minh,sv21134552@student.edu.vn,0928489379,STUDENT
21134553,123456,Nguyễn Thiện Nga,sv21134553@student.edu.vn,0918388810,STUDENT
21134554,123456,Hà Duy Xuân,sv21134554@student.edu.vn,0926149966,STUDENT
21134555,123456,Ngô Gia Yến,sv21134555@student.edu.vn,0998771784,STUDENT
21134556,123456,Đoàn Nhật Hương,sv21134556@student.edu.vn,0915563755,STUDENT
21134557,123456,Đoàn Bảo Toàn,sv21134557@student.edu.vn,0988528631,STUDENT
21134558,123456,Dương Duy Phát,sv21134558@student.edu.vn,0941456540,STUDENT
21134559,123456,Lý Thiện Bình,sv21134559@student.edu.vn,0960023285,STUDENT
21134560,123456,Nguyễn Ngọc Oanh,sv21134560@student.edu.vn,0991537517,STUDENT
21134561,123456,Dương Thị Nhật,sv21134561@student.edu.vn,0993810057,STUDENT
21134562,123456,Cao Kim Tùng,sv21134562@student.edu.vn,0995782673,STUDENT
21134563,123456,Hà Thiện Kiệt,sv21134563@student.edu.vn,0982751692,STUDENT
21134564,123456,Đinh Thị Phong,sv21134564@student.edu.vn,0988081872,STUDENT
21134565,123456,Nguyễn Thị Hiếu,sv21134565@student.edu.vn,0947580654,STUDENT
21134566,123456,Phạm Hải Quân,sv21134566@student.edu.vn,0965112982,STUDENT
21134567,123456,Vũ Thiện Thảo,sv21134567@student.edu.vn,0920268603,STUDENT
21134568,123456,Võ Bảo Khoa,sv21134568@student.edu.vn,0956969325,STUDENT
21134569,123456,Phạm Phương Tài,sv21134569@student.edu.vn,0969903581,STUDENT
21134570,123456,Trần Đức Khoa,sv21134570@student.edu.vn,0945988990,STUDENT
21134571,123456,Phan Tuấn Nam,sv21134571@student.edu.vn,0926531621,STUDENT
21134572,123456,Hà Đức Nam,sv21134572@student.edu.vn,0971956662,STUDENT
21134573,123456,Hoàng Phương Khoa,sv21134573@student.edu.vn,0941109038,STUDENT
21134574,123456,Đặng Bảo Em,sv21134574@student.edu.vn,0921939987,STUDENT
21134575,123456,Trần Hải Kiệt,sv21134575@student.edu.vn,0985371293,STUDENT
21134576,123456,Lê Nhật Linh,sv21134576@student.edu.vn,0956952671,STUDENT
21134577,123456,Hoàng Thu Giang,sv21134577@student.edu.vn,0998808565,STUDENT
21134578,123456,Lâm Hồng Hương,sv21134578@student.edu.vn,0967565537,STUDENT
21134579,123456,Phạm Hồng Khoa,sv21134579@student.edu.vn,0965295317,STUDENT
21134580,123456,Võ Phương Kiệt,sv21134580@student.edu.vn,0963483212,STUDENT
21134581,123456,Cao Thiện Lan,sv21134581@student.edu.vn,0981708546,STUDENT
21134582,123456,Lâm Gia Long,sv21134582@student.edu.vn,0981066107,STUDENT
21134583,123456,Vũ Hồng Vân,sv21134583@student.edu.vn,0950245302,STUDENT
21134584,123456,Hồ Tuấn Xuân,sv21134584@student.edu.vn,0978392559,STUDENT
21134585,123456,Phạm Trung Lộc,sv21134585@student.edu.vn,0942391232,STUDENT
21134586,123456,Cao Duy Nam,sv21134586@student.edu.vn,0969581433,STUDENT
21134587,123456,Phan Thiện Sơn,sv21134587@student.edu.vn,0955053540,STUDENT
21134588,123456,Tạ Xuân Hà,sv21134588@student.edu.vn,0939813491,STUDENT
21134589,123456,Lê Minh Bình,sv21134589@student.edu.vn,0982552995,STUDENT
21134590,123456,Nguyễn Đức Trang,sv21134590@student.edu.vn,0948824210,STUDENT
21134591,123456,Dương Ngọc Huy,sv21134591@student.edu.vn,0943084604,STUDENT
21134592,123456,Đoàn Hoàng Giang,sv21134592@student.edu.vn,0941664339,STUDENT
21134593,123456,Mai Thanh Xuân,sv21134593@student.edu.vn,0962844104,STUDENT
21134594,123456,Lý Thanh Kiệt,sv21134594@student.edu.vn,0981667374,STUDENT
21134595,123456,Lê Thị Phát,sv21134595@student.edu.vn,0990809878,STUDENT
21134596,123456,Lê Hồng Duy,sv21134596@student.edu.vn,0921600734,STUDENT
21134597,123456,Phan Tuấn Đạt,sv21134597@student.edu.vn,0965103586,STUDENT
21134598,123456,Phan Hồng Tùng,sv21134598@student.edu.vn,0925981053,STUDENT
21134599,123456,Lê Hoàng Duy,sv21134599@student.edu.vn,0927851159,STUDENT
21134600,123456,Nguyễn Thị Cường,sv21134600@student.edu.vn,0990051654,STUDENT
21134601,123456,Võ Trung Phúc,sv21134601@student.edu.vn,0959192180,STUDENT
21134602,123456,Đinh Ngọc Yến,sv21134602@student.edu.vn,0959403798,STUDENT
21134603,123456,Hà Quang Thắng,sv21134603@student.edu.vn,0936066326,STUDENT
21134604,123456,Mai Trung Tâm,sv21134604@student.edu.vn,0919952477,STUDENT
21134605,123456,Lý Kim Cường,sv21134605@student.edu.vn,0922592046,STUDENT
21134606,123456,Đinh Quang Tài,sv21134606@student.edu.vn,0981580122,STUDENT
21134607,123456,Vũ Trung Duy,sv21134607@student.edu.vn,0974409646,STUDENT
21134608,123456,Trần Quốc Uyên,sv21134608@student.edu.vn,0964614637,STUDENT
21134609,123456,Hoàng Tuấn Oanh,sv21134609@student.edu.vn,0951366941,STUDENT
21134610,123456,Hồ Hải Toàn,sv21134610@student.edu.vn,0952222462,STUDENT
21134611,123456,Vũ Thu Oanh,sv21134611@student.edu.vn,0952639652,STUDENT
21134612,123456,Hà Phương Em,sv21134612@student.edu.vn,0987002407,STUDENT
21134613,123456,Lý Bảo Thành,sv21134613@student.edu.vn,0944052357,STUDENT
21134614,123456,Lý Thị Thành,sv21134614@student.edu.vn,0992990901,STUDENT
21134615,123456,Hà Kim Em,sv21134615@student.edu.vn,0980736299,STUDENT
21134616,123456,Đinh Quang Giang,sv21134616@student.edu.vn,0927087438,STUDENT
21134617,123456,Ngô Đức Lan,sv21134617@student.edu.vn,0993683928,STUDENT
21134618,123456,Đinh Xuân Vinh,sv21134618@student.edu.vn,0914397988,STUDENT
21134619,123456,Lê Gia Hùng,sv21134619@student.edu.vn,0975722023,STUDENT
21134620,123456,Võ Quốc Oanh,sv21134620@student.edu.vn,0920638397,STUDENT
21134621,123456,Lâm Hữu Thắng,sv21134621@student.edu.vn,0929723341,STUDENT
21134622,123456,Lê Ngọc Nam,sv21134622@student.edu.vn,0992705931,STUDENT
21134623,123456,Trịnh Quốc Vân,sv21134623@student.edu.vn,0910451436,STUDENT
21134624,123456,Hà Kim Nam,sv21134624@student.edu.vn,0980062566,STUDENT
21134625,123456,Hoàng Đức Cường,sv21134625@student.edu.vn,0918514253,STUDENT
21134626,123456,Trần Hữu Bảo,sv21134626@student.edu.vn,0941174922,STUDENT
21134627,123456,Hoàng Thanh Uyên,sv21134627@student.edu.vn,0997430677,STUDENT
21134628,123456,Hoàng Ngọc Em,sv21134628@student.edu.vn,0981278404,STUDENT
21134629,123456,Hoàng Hữu Khoa,sv21134629@student.edu.vn,0976959988,STUDENT
21134630,123456,Cao Thiện Tùng,sv21134630@student.edu.vn,0925367756,STUDENT
21134631,123456,Võ Gia Bảo,sv21134631@student.edu.vn,0919802972,STUDENT
21134632,123456,Mai Phương An,sv21134632@student.edu.vn,0930914036,STUDENT
21134633,123456,Lâm Quang Yến,sv21134633@student.edu.vn,0912397658,STUDENT
21134634,123456,Cao Hữu Thắng,sv21134634@student.edu.vn,0994214727,STUDENT
21134635,123456,Đoàn Hải An,sv21134635@student.edu.vn,0925753044,STUDENT
21134636,123456,Đinh Kim Minh,sv21134636@student.edu.vn,0926578467,STUDENT
21134637,123456,Trần Gia Lộc,sv21134637@student.edu.vn,0958208757,STUDENT
21134638,123456,Hà Hữu Huy,sv21134638@student.edu.vn,0943995927,STUDENT
21134639,123456,Vũ Đức Em,sv21134639@student.edu.vn,0929177560,STUDENT
21134640,123456,Lê Phương Phát,sv21134640@student.edu.vn,0975796096,STUDENT
21134641,123456,Lâm Văn Kiệt,sv21134641@student.edu.vn,0978860110,STUDENT
21134642,123456,Đặng Duy Phong,sv21134642@student.edu.vn,0946941816,STUDENT
21134643,123456,Vũ Tuấn Cường,sv21134643@student.edu.vn,0977982824,STUDENT
21134644,123456,Lâm Anh Nam,sv21134644@student.edu.vn,0919091497,STUDENT
21134645,123456,Trần Hải Đạt,sv21134645@student.edu.vn,0951805642,STUDENT
21134646,123456,Huỳnh Đức Thảo,sv21134646@student.edu.vn,0951719284,STUDENT
21134647,123456,Lâm Xuân Minh,sv21134647@student.edu.vn,0943319357,STUDENT
21134648,123456,Mai Kim Tài,sv21134648@student.edu.vn,0976686105,STUDENT
21134649,123456,Bùi Trung Minh,sv21134649@student.edu.vn,0969278461,STUDENT
21134650,123456,Bùi Văn Trí,sv21134650@student.edu.vn,0993577903,STUDENT
21134651,123456,Mai Quang Phong,sv21134651@student.edu.vn,0936249206,STUDENT
21134652,123456,Huỳnh Hải Inh,sv21134652@student.edu.vn,0997796127,STUDENT
21134653,123456,Vũ Xuân Vân,sv21134653@student.edu.vn,0993388858,STUDENT
21134654,123456,Hà Nhật Sơn,sv21134654@student.edu.vn,0967497536,STUDENT
21134655,123456,Mai Bảo Phúc,sv21134655@student.edu.vn,0922295294,STUDENT
21134656,123456,Hà Hữu Đạt,sv21134656@student.edu.vn,0959000880,STUDENT
21134657,123456,Phạm Quốc Giang,sv21134657@student.edu.vn,0974397743,STUDENT
21134658,123456,Vũ Hoàng Vân,sv21134658@student.edu.vn,0945903662,STUDENT
21134659,123456,Cao Duy Đạt,sv21134659@student.edu.vn,0931897755,STUDENT
21134660,123456,Ngô Trung Trinh,sv21134660@student.edu.vn,0945379584,STUDENT
21134661,123456,Nguyễn Hoàng Xuân,sv21134661@student.edu.vn,0942250655,STUDENT
21134662,123456,Ngô Hồng Phong,sv21134662@student.edu.vn,0975101610,STUDENT
21134663,123456,Nguyễn Gia Lộc,sv21134663@student.edu.vn,0959105025,STUDENT
21134664,123456,Đinh Nhật Khánh,sv21134664@student.edu.vn,0928515943,STUDENT
21134665,123456,Cao Gia Trinh,sv21134665@student.edu.vn,0972063185,STUDENT
21134666,123456,Trịnh Hải Phong,sv21134666@student.edu.vn,0947142279,STUDENT
21134667,123456,Lâm Minh Vân,sv21134667@student.edu.vn,0975028724,STUDENT
21134668,123456,Hoàng Anh Đạt,sv21134668@student.edu.vn,0963981893,STUDENT
21134669,123456,Lý Thu Hiếu,sv21134669@student.edu.vn,0946341047,STUDENT
21134670,123456,Hồ Hoàng Thành,sv21134670@student.edu.vn,0987289158,STUDENT
21134671,123456,Hoàng Trung Bình,sv21134671@student.edu.vn,0925432726,STUDENT
21134672,123456,Nguyễn Thiện Phúc,sv21134672@student.edu.vn,0958506154,STUDENT
21134673,123456,Phan Đức Nhật,sv21134673@student.edu.vn,0963078542,STUDENT
21134674,123456,Lê Anh Uyên,sv21134674@student.edu.vn,0939672463,STUDENT
21134675,123456,Phạm Kim Giang,sv21134675@student.edu.vn,0941796180,STUDENT
21134676,123456,Mai Duy Xuân,sv21134676@student.edu.vn,0963798089,STUDENT
21134677,123456,Hà Hải Vân,sv21134677@student.edu.vn,0991159243,STUDENT
21134678,123456,Đinh Minh Trang,sv21134678@student.edu.vn,0973995229,STUDENT
21134679,123456,Võ Hồng Em,sv21134679@student.edu.vn,0916624291,STUDENT
21134680,123456,Lê Hữu Kiệt,sv21134680@student.edu.vn,0910087698,STUDENT
21134681,123456,Trịnh Minh Tài,sv21134681@student.edu.vn,0946467844,STUDENT
21134682,123456,Võ Hải Hùng,sv21134682@student.edu.vn,0940591094,STUDENT
21134683,123456,Dương Trung Xuân,sv21134683@student.edu.vn,0953978329,STUDENT
21134684,123456,Hà Ngọc Kiệt,sv21134684@student.edu.vn,0967594830,STUDENT
21134685,123456,Huỳnh Trung Đạt,sv21134685@student.edu.vn,0943584264,STUDENT
21134686,123456,Lâm Nhật Lộc,sv21134686@student.edu.vn,0954992251,STUDENT
21134687,123456,Nguyễn Quang Thành,sv21134687@student.edu.vn,0921888280,STUDENT
21134688,123456,Huỳnh Thanh Hương,sv21134688@student.edu.vn,0932628783,STUDENT
21134689,123456,Huỳnh Xuân Em,sv21134689@student.edu.vn,0971157027,STUDENT
21134690,123456,Lê Thiện Minh,sv21134690@student.edu.vn,0965447589,STUDENT
21134691,123456,Ngô Đức An,sv21134691@student.edu.vn,0918451047,STUDENT
21134692,123456,Lâm Gia Trinh,sv21134692@student.edu.vn,0930110830,STUDENT
21134693,123456,Phạm Hồng Lan,sv21134693@student.edu.vn,0949458347,STUDENT
21134694,123456,Đặng Anh Hương,sv21134694@student.edu.vn,0925662122,STUDENT
21134695,123456,Huỳnh Thanh Trinh,sv21134695@student.edu.vn,0947527779,STUDENT
21134696,123456,Đoàn Hoàng Tâm,sv21134696@student.edu.vn,0976707680,STUDENT
21134697,123456,Lý Thị Trung,sv21134697@student.edu.vn,0920730969,STUDENT
21134698,123456,Phan Thiện Trung,sv21134698@student.edu.vn,0979492425,STUDENT
21134699,123456,Lâm Minh Vân,sv21134699@student.edu.vn,0944577069,STUDENT
21134700,123456,Đinh Minh Hà,sv21134700@student.edu.vn,0972929067,STUDENT
21134701,123456,Trần Thiện Trung,sv21134701@student.edu.vn,0971012021,STUDENT
21134702,123456,Lâm Trung Quân,sv21134702@student.edu.vn,0961924201,STUDENT
21134703,123456,Hoàng Quốc Tài,sv21134703@student.edu.vn,0916130215,STUDENT
21134704,123456,Đỗ Hồng Thắng,sv21134704@student.edu.vn,0980127070,STUDENT
21134705,123456,Đinh Hữu Hiếu,sv21134705@student.edu.vn,0966726808,STUDENT
21134706,123456,Đoàn Hải Phúc,sv21134706@student.edu.vn,0955501758,STUDENT
21134707,123456,Võ Bảo Thảo,sv21134707@student.edu.vn,0976665102,STUDENT
21134708,123456,Võ Hữu Kiệt,sv21134708@student.edu.vn,0998370838,STUDENT
21134709,123456,Đỗ Tuấn Thắng,sv21134709@student.edu.vn,0939935141,STUDENT
21134710,123456,Lâm Gia Vân,sv21134710@student.edu.vn,0951848869,STUDENT
21134711,123456,Tạ Kim Toàn,sv21134711@student.edu.vn,0956597128,STUDENT
21134712,123456,Hoàng Ngọc Trinh,sv21134712@student.edu.vn,0992107292,STUDENT
21134713,123456,Võ Nhật Tùng,sv21134713@student.edu.vn,0973231012,STUDENT
21134714,123456,Đoàn Đức Em,sv21134714@student.edu.vn,0924314534,STUDENT
21134715,123456,Dương Quốc Uyên,sv21134715@student.edu.vn,0976925521,STUDENT
21134716,123456,Phan Ngọc Duy,sv21134716@student.edu.vn,0944757602,STUDENT
21134717,123456,Bùi Trung Trung,sv21134717@student.edu.vn,0962547867,STUDENT
21134718,123456,Đỗ Văn Nga,sv21134718@student.edu.vn,0940972072,STUDENT
21134719,123456,Đặng Thu Nga,sv21134719@student.edu.vn,0926681535,STUDENT
21134720,123456,Lê Thu An,sv21134720@student.edu.vn,0964739731,STUDENT
21134721,123456,Lê Quốc Trung,sv21134721@student.edu.vn,0924039356,STUDENT
21134722,123456,Cao Gia Vân,sv21134722@student.edu.vn,0937781882,STUDENT
21134723,123456,Tạ Bảo Thắng,sv21134723@student.edu.vn,0930047071,STUDENT
21134724,123456,Lâm Đức Toàn,sv21134724@student.edu.vn,0924398678,STUDENT
21134725,123456,Tạ Duy Quân,sv21134725@student.edu.vn,0911547185,STUDENT
21134726,123456,Nguyễn Bảo Lộc,sv21134726@student.edu.vn,0993035009,STUDENT
21134727,123456,Huỳnh Thiện Duy,sv21134727@student.edu.vn,0974065454,STUDENT
21134728,123456,Ngô Thanh Đạt,sv21134728@student.edu.vn,0942155469,STUDENT
21134729,123456,Trần Xuân Nga,sv21134729@student.edu.vn,0995826082,STUDENT
21134730,123456,Trịnh Quốc Hùng,sv21134730@student.edu.vn,0973339748,STUDENT
21134731,123456,Dương Tuấn Nam,sv21134731@student.edu.vn,0933948375,STUDENT
21134732,123456,Trần Hoàng Nga,sv21134732@student.edu.vn,0935823451,STUDENT
21134733,123456,Trịnh Thu Bảo,sv21134733@student.edu.vn,0987646431,STUDENT
21134734,123456,Lâm Hồng Phát,sv21134734@student.edu.vn,0987770521,STUDENT
21134735,123456,Cao Trung Inh,sv21134735@student.edu.vn,0917618473,STUDENT
21134736,123456,Đỗ Kim Xuân,sv21134736@student.edu.vn,0925337400,STUDENT
21134737,123456,Dương Tuấn Trí,sv21134737@student.edu.vn,0945164796,STUDENT
21134738,123456,Phan Thiện Hà,sv21134738@student.edu.vn,0920067914,STUDENT
21134739,123456,Đinh Gia Minh,sv21134739@student.edu.vn,0972184209,STUDENT
21134740,123456,Nguyễn Hải Phong,sv21134740@student.edu.vn,0928219253,STUDENT
21134741,123456,Võ Hữu Phát,sv21134741@student.edu.vn,0949703900,STUDENT
21134742,123456,Trần Hồng Toàn,sv21134742@student.edu.vn,0927974617,STUDENT
21134743,123456,Trịnh Minh Phong,sv21134743@student.edu.vn,0943563519,STUDENT
21134744,123456,Nguyễn Hoàng Nhật,sv21134744@student.edu.vn,0951915845,STUDENT
21134745,123456,Ngô Hữu Oanh,sv21134745@student.edu.vn,0983666448,STUDENT
21134746,123456,Trịnh Bảo Uyên,sv21134746@student.edu.vn,0941741396,STUDENT
21134747,123456,Phạm Minh Lan,sv21134747@student.edu.vn,0979484769,STUDENT
21134748,123456,Phạm Thiện An,sv21134748@student.edu.vn,0988544035,STUDENT
21134749,123456,Lý Tuấn Phong,sv21134749@student.edu.vn,0986117270,STUDENT
21134750,123456,Huỳnh Trung Em,sv21134750@student.edu.vn,0981038245,STUDENT
21134751,123456,Phan Duy Duy,sv21134751@student.edu.vn,0976164200,STUDENT
21134752,123456,Đỗ Thanh Toàn,sv21134752@student.edu.vn,0925937339,STUDENT
21134753,123456,Huỳnh Hồng Khánh,sv21134753@student.edu.vn,0921476244,STUDENT
21134754,123456,Hồ Nhật Kiệt,sv21134754@student.edu.vn,0939858347,STUDENT
21134755,123456,Huỳnh Thị Phúc,sv21134755@student.edu.vn,0915898594,STUDENT
21134756,123456,Hoàng Minh Tâm,sv21134756@student.edu.vn,0933520892,STUDENT
21134757,123456,Tạ Duy Nam,sv21134757@student.edu.vn,0988847322,STUDENT
21134758,123456,Đinh Thị Duy,sv21134758@student.edu.vn,0993182136,STUDENT
21134759,123456,Võ Kim Nam,sv21134759@student.edu.vn,0937783358,STUDENT
21134760,123456,Trịnh Phương Vinh,sv21134760@student.edu.vn,0963206377,STUDENT
21134761,123456,Huỳnh Hữu Bảo,sv21134761@student.edu.vn,0958747243,STUDENT
21134762,123456,Trịnh Bảo Hà,sv21134762@student.edu.vn,0965114632,STUDENT
21134763,123456,Huỳnh Thiện Toàn,sv21134763@student.edu.vn,0933883768,STUDENT
21134764,123456,Bùi Duy Trung,sv21134764@student.edu.vn,0974636643,STUDENT
21134765,123456,Phạm Duy Khoa,sv21134765@student.edu.vn,0974339803,STUDENT
21134766,123456,Trần Thanh Linh,sv21134766@student.edu.vn,0977456971,STUDENT
21134767,123456,Dương Phương Phúc,sv21134767@student.edu.vn,0994438664,STUDENT
21134768,123456,Đinh Thanh Minh,sv21134768@student.edu.vn,0997660087,STUDENT
21134769,123456,Trịnh Hồng Đạt,sv21134769@student.edu.vn,0948080811,STUDENT
21134770,123456,Cao Hữu Minh,sv21134770@student.edu.vn,0935574501,STUDENT
21134771,123456,Ngô Hữu Thắng,sv21134771@student.edu.vn,0931295363,STUDENT
21134772,123456,Nguyễn Hải Thảo,sv21134772@student.edu.vn,0976652020,STUDENT
21134773,123456,Lý Văn Phong,sv21134773@student.edu.vn,0981476130,STUDENT
21134774,123456,Mai Thanh Inh,sv21134774@student.edu.vn,0914723523,STUDENT
21134775,123456,Hà Bảo Inh,sv21134775@student.edu.vn,0930362309,STUDENT
21134776,123456,Lâm Ngọc Em,sv21134776@student.edu.vn,0972715991,STUDENT
21134777,123456,Hà Kim Bảo,sv21134777@student.edu.vn,0969336931,STUDENT
21134778,123456,Nguyễn Anh Phát,sv21134778@student.edu.vn,0993256186,STUDENT
21134779,123456,Đặng Ngọc Nga,sv21134779@student.edu.vn,0953959840,STUDENT
21134780,123456,Cao Minh Tài,sv21134780@student.edu.vn,0926595699,STUDENT
21134781,123456,Phạm Xuân Thảo,sv21134781@student.edu.vn,0988884161,STUDENT
21134782,123456,Hồ Xuân Yến,sv21134782@student.edu.vn,0968016262,STUDENT
21134783,123456,Đinh Phương Phúc,sv21134783@student.edu.vn,0910979442,STUDENT
21134784,123456,Phan Quang Lan,sv21134784@student.edu.vn,0939654283,STUDENT
21134785,123456,Hà Gia Khánh,sv21134785@student.edu.vn,0982368087,STUDENT
21134786,123456,Đỗ Tuấn Vân,sv21134786@student.edu.vn,0987629535,STUDENT
21134787,123456,Huỳnh Hữu Huy,sv21134787@student.edu.vn,0979563539,STUDENT
21134788,123456,Cao Duy Nhật,sv21134788@student.edu.vn,0930265827,STUDENT
21134789,123456,Mai Thị An,sv21134789@student.edu.vn,0956316104,STUDENT
21134790,123456,Huỳnh Minh Quân,sv21134790@student.edu.vn,0998500703,STUDENT
21134791,123456,Trịnh Văn Cường,sv21134791@student.edu.vn,0980863453,STUDENT
21134792,123456,Phan Gia Huy,sv21134792@student.edu.vn,0981416203,STUDENT
21134793,123456,Võ Hồng Sơn,sv21134793@student.edu.vn,0916806316,STUDENT
21134794,123456,Phạm Hoàng Oanh,sv21134794@student.edu.vn,0959389646,STUDENT
21134795,123456,Ngô Thanh Hà,sv21134795@student.edu.vn,0960272094,STUDENT
21134796,123456,Cao Hữu Trinh,sv21134796@student.edu.vn,0996210192,STUDENT
21134797,123456,Tạ Gia Tâm,sv21134797@student.edu.vn,0985654970,STUDENT
21134798,123456,Nguyễn Hồng Vân,sv21134798@student.edu.vn,0915872810,STUDENT
21134799,123456,Trần Kim Trí,sv21134799@student.edu.vn,0941555271,STUDENT
21134800,123456,Ngô Bảo Trí,sv21134800@student.edu.vn,0955324387,STUDENT
21134801,123456,Trịnh Minh Xuân,sv21134801@student.edu.vn,0945358231,STUDENT
21134802,123456,Trịnh Trung Huy,sv21134802@student.edu.vn,0968454156,STUDENT
21134803,123456,Đinh Kim Phát,sv21134803@student.edu.vn,0994279681,STUDENT
21134804,123456,Mai Anh Trí,sv21134804@student.edu.vn,0975053315,STUDENT
21134805,123456,Huỳnh Thiện Long,sv21134805@student.edu.vn,0917766736,STUDENT
21134806,123456,Ngô Duy Sơn,sv21134806@student.edu.vn,0916317799,STUDENT
21134807,123456,Cao Minh Sơn,sv21134807@student.edu.vn,0970751955,STUDENT
21134808,123456,Trịnh Phương Minh,sv21134808@student.edu.vn,0980689054,STUDENT
21134809,123456,Lâm Duy Hương,sv21134809@student.edu.vn,0953356926,STUDENT
21134810,123456,Đỗ Phương Trang,sv21134810@student.edu.vn,0945488969,STUDENT
21134811,123456,Lê Kim Thảo,sv21134811@student.edu.vn,0939499598,STUDENT
21134812,123456,Mai Duy Cường,sv21134812@student.edu.vn,0917793725,STUDENT
21134813,123456,Hoàng Phương Trinh,sv21134813@student.edu.vn,0918215342,STUDENT
21134814,123456,Lê Trung Vinh,sv21134814@student.edu.vn,0958453785,STUDENT
21134815,123456,Cao Thanh Nam,sv21134815@student.edu.vn,0985926485,STUDENT
21134816,123456,Lâm Quốc Lan,sv21134816@student.edu.vn,0999010103,STUDENT
21134817,123456,Mai Kim An,sv21134817@student.edu.vn,0971914644,STUDENT
21134818,123456,Dương Kim Đạt,sv21134818@student.edu.vn,0964361933,STUDENT
21134819,123456,Phan Thanh Nhật,sv21134819@student.edu.vn,0911160400,STUDENT
21134820,123456,Đoàn Thiện Duy,sv21134820@student.edu.vn,0955390142,STUDENT
21134821,123456,Hà Thanh Trang,sv21134821@student.edu.vn,0981246870,STUDENT
21134822,123456,Đỗ Thu Trí,sv21134822@student.edu.vn,0963576480,STUDENT
21134823,123456,Hoàng Duy Thắng,sv21134823@student.edu.vn,0931775613,STUDENT
21134824,123456,Đặng Thiện Oanh,sv21134824@student.edu.vn,0995907833,STUDENT
21134825,123456,Phan Phương Thảo,sv21134825@student.edu.vn,0978130964,STUDENT
21134826,123456,Phạm Nhật Trí,sv21134826@student.edu.vn,0962182989,STUDENT
21134827,123456,Đỗ Thiện Nam,sv21134827@student.edu.vn,0950472824,STUDENT
21134828,123456,Cao Gia Nhật,sv21134828@student.edu.vn,0963226575,STUDENT
21134829,123456,Mai Quốc Hiếu,sv21134829@student.edu.vn,0931741894,STUDENT
21134830,123456,Phan Bảo Vinh,sv21134830@student.edu.vn,0920596706,STUDENT
21134831,123456,Nguyễn Hữu Khánh,sv21134831@student.edu.vn,0996898517,STUDENT
21134832,123456,Hà Thu Em,sv21134832@student.edu.vn,0965895990,STUDENT
21134833,123456,Cao Nhật Tài,sv21134833@student.edu.vn,0947063851,STUDENT
21134834,123456,Huỳnh Quang Hiếu,sv21134834@student.edu.vn,0928384212,STUDENT
21134835,123456,Dương Nhật Lộc,sv21134835@student.edu.vn,0968266529,STUDENT
21134836,123456,Lý Tuấn Duy,sv21134836@student.edu.vn,0983011206,STUDENT
21134837,123456,Bùi Bảo Phong,sv21134837@student.edu.vn,0916785885,STUDENT
21134838,123456,Lâm Duy Thành,sv21134838@student.edu.vn,0979838772,STUDENT
21134839,123456,Tạ Ngọc Vân,sv21134839@student.edu.vn,0977416852,STUDENT
21134840,123456,Hà Minh Vân,sv21134840@student.edu.vn,0915763613,STUDENT
21134841,123456,Huỳnh Kim An,sv21134841@student.edu.vn,0990308982,STUDENT
21134842,123456,Phan Hồng Khánh,sv21134842@student.edu.vn,0985815392,STUDENT
21134843,123456,Đinh Văn Toàn,sv21134843@student.edu.vn,0983500385,STUDENT
21134844,123456,Hoàng Xuân Uyên,sv21134844@student.edu.vn,0943654466,STUDENT
21134845,123456,Đoàn Hoàng Nga,sv21134845@student.edu.vn,0947768095,STUDENT
21134846,123456,Ngô Thị Nam,sv21134846@student.edu.vn,0942786060,STUDENT
21134847,123456,Đỗ Duy Hương,sv21134847@student.edu.vn,0949047733,STUDENT
21134848,123456,Hà Thu Long,sv21134848@student.edu.vn,0943603339,STUDENT
21134849,123456,Đoàn Duy Lộc,sv21134849@student.edu.vn,0971854038,STUDENT
21134850,123456,Mai Quang Kiệt,sv21134850@student.edu.vn,0973422358,STUDENT
21134851,123456,Lý Đức Hương,sv21134851@student.edu.vn,0919667967,STUDENT
21134852,123456,Phan Trung Tùng,sv21134852@student.edu.vn,0967127845,STUDENT
21134853,123456,Đoàn Hoàng Long,sv21134853@student.edu.vn,0921266487,STUDENT
21134854,123456,Đỗ Hải Hùng,sv21134854@student.edu.vn,0911115693,STUDENT
21134855,123456,Bùi Thu Khánh,sv21134855@student.edu.vn,0917692686,STUDENT
21134856,123456,Lâm Nhật Quân,sv21134856@student.edu.vn,0995207958,STUDENT
21134857,123456,Vũ Hữu Thắng,sv21134857@student.edu.vn,0921073304,STUDENT
21134858,123456,Ngô Kim Long,sv21134858@student.edu.vn,0960010393,STUDENT
21134859,123456,Đặng Hoàng Rạng,sv21134859@student.edu.vn,0997815758,STUDENT
21134860,123456,Trịnh Bảo Hiếu,sv21134860@student.edu.vn,0938655672,STUDENT
21134861,123456,Đinh Tuấn Rạng,sv21134861@student.edu.vn,0936106173,STUDENT
21134862,123456,Hoàng Thanh Thành,sv21134862@student.edu.vn,0923619822,STUDENT
21134863,123456,Tạ Minh Phong,sv21134863@student.edu.vn,0949191662,STUDENT
21134864,123456,Nguyễn Thị Hiếu,sv21134864@student.edu.vn,0942445393,STUDENT
21134865,123456,Mai Ngọc Trinh,sv21134865@student.edu.vn,0920673698,STUDENT
21134866,123456,Hồ Bảo Giang,sv21134866@student.edu.vn,0929103144,STUDENT
21134867,123456,Đinh Đức Tâm,sv21134867@student.edu.vn,0999126680,STUDENT
21134868,123456,Phan Minh Phát,sv21134868@student.edu.vn,0960599505,STUDENT
21134869,123456,Tạ Tuấn Bảo,sv21134869@student.edu.vn,0995294124,STUDENT
21134870,123456,Nguyễn Minh Yến,sv21134870@student.edu.vn,0936340806,STUDENT
21134871,123456,Đinh Duy Oanh,sv21134871@student.edu.vn,0975734746,STUDENT
21134872,123456,Bùi Duy Trung,sv21134872@student.edu.vn,0982247156,STUDENT
21134873,123456,Mai Đức Trung,sv21134873@student.edu.vn,0946633673,STUDENT
21134874,123456,Lâm Nhật Em,sv21134874@student.edu.vn,0912938779,STUDENT
21134875,123456,Đinh Văn Hiếu,sv21134875@student.edu.vn,0980694399,STUDENT
21134876,123456,Đặng Ngọc Nam,sv21134876@student.edu.vn,0996365051,STUDENT
21134877,123456,Hoàng Tuấn Nam,sv21134877@student.edu.vn,0969371589,STUDENT
21134878,123456,Dương Quang Em,sv21134878@student.edu.vn,0954345406,STUDENT
21134879,123456,Lý Hồng Long,sv21134879@student.edu.vn,0935636036,STUDENT
21134880,123456,Ngô Thanh Thành,sv21134880@student.edu.vn,0974912668,STUDENT
21134881,123456,Hoàng Hoàng Phong,sv21134881@student.edu.vn,0920849221,STUDENT
21134882,123456,Ngô Văn Giang,sv21134882@student.edu.vn,0929394951,STUDENT
21134883,123456,Đỗ Ngọc Hà,sv21134883@student.edu.vn,0912078935,STUDENT
21134884,123456,Đinh Gia Lan,sv21134884@student.edu.vn,0943581617,STUDENT
21134885,123456,Phan Nhật Sơn,sv21134885@student.edu.vn,0999954451,STUDENT
21134886,123456,Trần Văn Đạt,sv21134886@student.edu.vn,0933540977,STUDENT
21134887,123456,Phạm Tuấn Rạng,sv21134887@student.edu.vn,0927413845,STUDENT
21134888,123456,Dương Thanh Phúc,sv21134888@student.edu.vn,0936370981,STUDENT
21134889,123456,Hà Quốc Lan,sv21134889@student.edu.vn,0964469319,STUDENT
21134890,123456,Phan Anh Tài,sv21134890@student.edu.vn,0935483369,STUDENT
21134891,123456,Lý Quốc Phát,sv21134891@student.edu.vn,0999283714,STUDENT
21134892,123456,Hồ Hoàng Lan,sv21134892@student.edu.vn,0996523548,STUDENT
21134893,123456,Mai Hồng Lộc,sv21134893@student.edu.vn,0943253196,STUDENT
21134894,123456,Dương Anh Yến,sv21134894@student.edu.vn,0915306087,STUDENT
21134895,123456,Tạ Hải Oanh,sv21134895@student.edu.vn,0960543479,STUDENT
21134896,123456,Phan Đức Sơn,sv21134896@student.edu.vn,0928435259,STUDENT
21134897,123456,Trần Gia Long,sv21134897@student.edu.vn,0982138095,STUDENT
21134898,123456,Hồ Bảo Nga,sv21134898@student.edu.vn,0943876471,STUDENT
21134899,123456,Trịnh Duy Linh,sv21134899@student.edu.vn,0963618741,STUDENT
21134900,123456,Lý Ngọc Phúc,sv21134900@student.edu.vn,0994290348,STUDENT
21134901,123456,Phan Xuân Quân,sv21134901@student.edu.vn,0930283505,STUDENT
21134902,123456,Lý Hoàng Tùng,sv21134902@student.edu.vn,0918965847,STUDENT
21134903,123456,Vũ Thanh Sơn,sv21134903@student.edu.vn,0947433951,STUDENT
21134904,123456,Cao Ngọc Rạng,sv21134904@student.edu.vn,0969167737,STUDENT
21134905,123456,Ngô Tuấn Linh,sv21134905@student.edu.vn,0979061049,STUDENT
21134906,123456,Đặng Hoàng Nam,sv21134906@student.edu.vn,0937224019,STUDENT
21134907,123456,Phan Quốc Hùng,sv21134907@student.edu.vn,0995302577,STUDENT
21134908,123456,Phan Văn Thành,sv21134908@student.edu.vn,0910688791,STUDENT
21134909,123456,Phạm Đức Lan,sv21134909@student.edu.vn,0950806435,STUDENT
21134910,123456,Trịnh Thanh Nhật,sv21134910@student.edu.vn,0923822357,STUDENT
21134911,123456,Hồ Ngọc Nhật,sv21134911@student.edu.vn,0912573191,STUDENT
21134912,123456,Đinh Trung Hà,sv21134912@student.edu.vn,0945474547,STUDENT
21134913,123456,Đỗ Ngọc Giang,sv21134913@student.edu.vn,0976702443,STUDENT
21134914,123456,Đinh Thiện Thành,sv21134914@student.edu.vn,0944708284,STUDENT
21134915,123456,Dương Quang Thành,sv21134915@student.edu.vn,0996705592,STUDENT
21134916,123456,Mai Duy Trinh,sv21134916@student.edu.vn,0917911457,STUDENT
21134917,123456,Dương Minh Toàn,sv21134917@student.edu.vn,0973214125,STUDENT
21134918,123456,Ngô Ngọc Xuân,sv21134918@student.edu.vn,0917753912,STUDENT
21134919,123456,Hoàng Anh Xuân,sv21134919@student.edu.vn,0992804107,STUDENT
21134920,123456,Trịnh Quang Hùng,sv21134920@student.edu.vn,0960552671,STUDENT
21134921,123456,Đinh Trung Trinh,sv21134921@student.edu.vn,0967333010,STUDENT
21134922,123456,Phạm Anh Lộc,sv21134922@student.edu.vn,0976877226,STUDENT
21134923,123456,Trịnh Xuân Hương,sv21134923@student.edu.vn,0998108158,STUDENT
21134924,123456,Võ Nhật Nga,sv21134924@student.edu.vn,0991728420,STUDENT
21134925,123456,Hồ Tuấn Xuân,sv21134925@student.edu.vn,0918992365,STUDENT
21134926,123456,Lâm Phương Thắng,sv21134926@student.edu.vn,0916751189,STUDENT
21134927,123456,Nguyễn Thanh Hà,sv21134927@student.edu.vn,0988110372,STUDENT
21134928,123456,Nguyễn Tuấn Trí,sv21134928@student.edu.vn,0944813937,STUDENT
21134929,123456,Ngô Văn Xuân,sv21134929@student.edu.vn,0920025787,STUDENT
21134930,123456,Phạm Thu Xuân,sv21134930@student.edu.vn,0912491628,STUDENT
21134931,123456,Võ Phương Hùng,sv21134931@student.edu.vn,0920364975,STUDENT
21134932,123456,Vũ Duy Lộc,sv21134932@student.edu.vn,0974842216,STUDENT
21134933,123456,Phan Minh Sơn,sv21134933@student.edu.vn,0948779213,STUDENT
21134934,123456,Võ Ngọc Minh,sv21134934@student.edu.vn,0930924214,STUDENT
21134935,123456,Dương Quốc Nam,sv21134935@student.edu.vn,0981064160,STUDENT
21134936,123456,Mai Hải Yến,sv21134936@student.edu.vn,0917956449,STUDENT
21134937,123456,Lê Trung Bình,sv21134937@student.edu.vn,0972613519,STUDENT
21134938,123456,Tạ Gia Cường,sv21134938@student.edu.vn,0911679474,STUDENT
21134939,123456,Hà Hải Oanh,sv21134939@student.edu.vn,0916681989,STUDENT
21134940,123456,Bùi Thu Tài,sv21134940@student.edu.vn,0969745038,STUDENT
21134941,123456,Lý Phương Long,sv21134941@student.edu.vn,0939963521,STUDENT
21134942,123456,Đỗ Thanh Tâm,sv21134942@student.edu.vn,0994415332,STUDENT
21134943,123456,Lý Gia Hiếu,sv21134943@student.edu.vn,0910810444,STUDENT
21134944,123456,Đặng Duy Trinh,sv21134944@student.edu.vn,0948983157,STUDENT
21134945,123456,Hồ Bảo Trung,sv21134945@student.edu.vn,0922752213,STUDENT
21134946,123456,Đoàn Phương Thành,sv21134946@student.edu.vn,0928975825,STUDENT
21134947,123456,Cao Tuấn Vân,sv21134947@student.edu.vn,0924307423,STUDENT
21134948,123456,Nguyễn Hồng Vân,sv21134948@student.edu.vn,0922552007,STUDENT
21134949,123456,Đỗ Tuấn Phát,sv21134949@student.edu.vn,0970206482,STUDENT
21134950,123456,Trịnh Phương Uyên,sv21134950@student.edu.vn,0940130173,STUDENT
21134951,123456,Ngô Minh Kiệt,sv21134951@student.edu.vn,0918116032,STUDENT
21134952,123456,Trần Quang Thành,sv21134952@student.edu.vn,0925035489,STUDENT
21134953,123456,Võ Xuân Hiếu,sv21134953@student.edu.vn,0920367466,STUDENT
21134954,123456,Vũ Minh Thành,sv21134954@student.edu.vn,0937673552,STUDENT
21134955,123456,Dương Trung Phúc,sv21134955@student.edu.vn,0964297918,STUDENT
21134956,123456,Nguyễn Hữu Linh,sv21134956@student.edu.vn,0974894405,STUDENT
21134957,123456,Dương Ngọc Thảo,sv21134957@student.edu.vn,0984866407,STUDENT
21134958,123456,Nguyễn Quang Phúc,sv21134958@student.edu.vn,0935629426,STUDENT
21134959,123456,Lâm Trung Hương,sv21134959@student.edu.vn,0989376384,STUDENT
21134960,123456,Lê Trung Hương,sv21134960@student.edu.vn,0947958766,STUDENT
21134961,123456,Cao Duy Tài,sv21134961@student.edu.vn,0987450601,STUDENT
21134962,123456,Phan Thu Hiếu,sv21134962@student.edu.vn,0969900859,STUDENT
21134963,123456,Lâm Ngọc Minh,sv21134963@student.edu.vn,0929957809,STUDENT
21134964,123456,Lý Hữu Thảo,sv21134964@student.edu.vn,0917676752,STUDENT
21134965,123456,Lâm Gia Nam,sv21134965@student.edu.vn,0987611025,STUDENT
21134966,123456,Đỗ Quốc Đạt,sv21134966@student.edu.vn,0983168868,STUDENT
21134967,123456,Hà Thu Thành,sv21134967@student.edu.vn,0955212959,STUDENT
21134968,123456,Bùi Hoàng Yến,sv21134968@student.edu.vn,0942707575,STUDENT
21134969,123456,Mai Bảo Cường,sv21134969@student.edu.vn,0972395375,STUDENT
21134970,123456,Vũ Hoàng Khánh,sv21134970@student.edu.vn,0972645712,STUDENT
21134971,123456,Trần Văn Thảo,sv21134971@student.edu.vn,0941808803,STUDENT
21134972,123456,Tạ Văn Bảo,sv21134972@student.edu.vn,0996512588,STUDENT
21134973,123456,Lý Bảo Giang,sv21134973@student.edu.vn,0939969784,STUDENT
21134974,123456,Võ Hoàng Toàn,sv21134974@student.edu.vn,0930278389,STUDENT
21134975,123456,Lâm Minh Thành,sv21134975@student.edu.vn,0931904180,STUDENT
21134976,123456,Huỳnh Quốc Xuân,sv21134976@student.edu.vn,0932513509,STUDENT
21134977,123456,Phan Thanh Hương,sv21134977@student.edu.vn,0983816775,STUDENT
21134978,123456,Võ Thị Thắng,sv21134978@student.edu.vn,0954531003,STUDENT
21134979,123456,Lê Duy Trinh,sv21134979@student.edu.vn,0997491141,STUDENT
21134980,123456,Hồ Thanh Thắng,sv21134980@student.edu.vn,0994190520,STUDENT
21134981,123456,Lý Ngọc Vinh,sv21134981@student.edu.vn,0972972785,STUDENT
21134982,123456,Vũ Hoàng Khoa,sv21134982@student.edu.vn,0965689856,STUDENT
21134983,123456,Đặng Bảo Xuân,sv21134983@student.edu.vn,0993211364,STUDENT
21134984,123456,Hồ Xuân Nhật,sv21134984@student.edu.vn,0930073065,STUDENT
21134985,123456,Đỗ Hồng Phúc,sv21134985@student.edu.vn,0910943243,STUDENT
21134986,123456,Lê Hoàng Phong,sv21134986@student.edu.vn,0997920808,STUDENT
21134987,123456,Vũ Thị Khánh,sv21134987@student.edu.vn,0950269641,STUDENT
21134988,123456,Đỗ Duy Vân,sv21134988@student.edu.vn,0962935113,STUDENT
21134989,123456,Mai Quốc Quân,sv21134989@student.edu.vn,0921045459,STUDENT
21134990,123456,Đoàn Nhật Sơn,sv21134990@student.edu.vn,0915768068,STUDENT
21134991,123456,Nguyễn Hồng Oanh,sv21134991@student.edu.vn,0987452188,STUDENT
21134992,123456,Đặng Phương Quân,sv21134992@student.edu.vn,0992917159,STUDENT
21134993,123456,Lâm Hải Toàn,sv21134993@student.edu.vn,0922168071,STUDENT
21134994,123456,Đinh Ngọc Thắng,sv21134994@student.edu.vn,0926636454,STUDENT
21134995,123456,Phan Văn Kiệt,sv21134995@student.edu.vn,0911246694,STUDENT
21134996,123456,Lý Thiện Thành,sv21134996@student.edu.vn,0988973092,STUDENT
21134997,123456,Đỗ Trung Oanh,sv21134997@student.edu.vn,0967445754,STUDENT
21134998,123456,Võ Duy Phát,sv21134998@student.edu.vn,0987799346,STUDENT
21134999,123456,Lý Thiện Toàn,sv21134999@student.edu.vn,0968113091,STUDENT
21135000,123456,Tạ Nhật Phúc,sv21135000@student.edu.vn,0985399418,STUDENT
21135001,123456,Trịnh Tuấn Hùng,sv21135001@student.edu.vn,0981203677,STUDENT
21135002,123456,Dương Hải Phong,sv21135002@student.edu.vn,0950008467,STUDENT
21135003,123456,Dương Phương Tùng,sv21135003@student.edu.vn,0923537546,STUDENT
21135004,123456,Huỳnh Thu Duy,sv21135004@student.edu.vn,0999611319,STUDENT
21135005,123456,Hà Ngọc Yến,sv21135005@student.edu.vn,0921605371,STUDENT
21135006,123456,Huỳnh Hồng Trang,sv21135006@student.edu.vn,0998030755,STUDENT
21135007,123456,Huỳnh Quốc Khoa,sv21135007@student.edu.vn,0983739153,STUDENT
21135008,123456,Tạ Phương Bình,sv21135008@student.edu.vn,0941623148,STUDENT
21135009,123456,Mai Xuân Kiệt,sv21135009@student.edu.vn,0984125254,STUDENT
21135010,123456,Lê Tuấn Lộc,sv21135010@student.edu.vn,0994264932,STUDENT
21135011,123456,Lý Quốc Trang,sv21135011@student.edu.vn,0913286438,STUDENT
21135012,123456,Phạm Duy Em,sv21135012@student.edu.vn,0921831253,STUDENT
21135013,123456,Đặng Thu Hùng,sv21135013@student.edu.vn,0958941039,STUDENT
21135014,123456,Huỳnh Hoàng Đạt,sv21135014@student.edu.vn,0959461277,STUDENT
21135015,123456,Huỳnh Kim Hà,sv21135015@student.edu.vn,0978397120,STUDENT
21135016,123456,Đặng Nhật Nam,sv21135016@student.edu.vn,0948568743,STUDENT
21135017,123456,Ngô Hữu Long,sv21135017@student.edu.vn,0918264694,STUDENT
21135018,123456,Mai Văn Khánh,sv21135018@student.edu.vn,0977225659,STUDENT
21135019,123456,Bùi Hữu Hiếu,sv21135019@student.edu.vn,0991462196,STUDENT
21135020,123456,Trần Hồng Đạt,sv21135020@student.edu.vn,0970696723,STUDENT
21135021,123456,Bùi Nhật Đạt,sv21135021@student.edu.vn,0940139276,STUDENT
21135022,123456,Mai Thiện Nhật,sv21135022@student.edu.vn,0976972312,STUDENT
21135023,123456,Phan Thanh Minh,sv21135023@student.edu.vn,0970984529,STUDENT
21135024,123456,Đoàn Bảo Oanh,sv21135024@student.edu.vn,0973798459,STUDENT
21135025,123456,Hồ Kim Vân,sv21135025@student.edu.vn,0964548751,STUDENT
21135026,123456,Trần Phương Bình,sv21135026@student.edu.vn,0920502344,STUDENT
21135027,123456,Trần Gia Em,sv21135027@student.edu.vn,0926785507,STUDENT
21135028,123456,Hà Hoàng Bảo,sv21135028@student.edu.vn,0924924566,STUDENT
21135029,123456,Mai Hữu Hà,sv21135029@student.edu.vn,0925457136,STUDENT
21135030,123456,Hồ Duy Thắng,sv21135030@student.edu.vn,0996074727,STUDENT
21135031,123456,Đặng Thu Tùng,sv21135031@student.edu.vn,0911815681,STUDENT
21135032,123456,Trịnh Quang Tài,sv21135032@student.edu.vn,0990836294,STUDENT
21135033,123456,Hà Phương Hương,sv21135033@student.edu.vn,0932277060,STUDENT
21135034,123456,Hoàng Thị Tâm,sv21135034@student.edu.vn,0922321171,STUDENT
21135035,123456,Ngô Gia Uyên,sv21135035@student.edu.vn,0999812409,STUDENT
21135036,123456,Phạm Trung Tài,sv21135036@student.edu.vn,0927492004,STUDENT
21135037,123456,Lê Văn Yến,sv21135037@student.edu.vn,0984318060,STUDENT
21135038,123456,Lý Minh Trung,sv21135038@student.edu.vn,0991528169,STUDENT
21135039,123456,Trịnh Hồng Tâm,sv21135039@student.edu.vn,0936440933,STUDENT
21135040,123456,Hoàng Tuấn Hùng,sv21135040@student.edu.vn,0949467110,STUDENT
21135041,123456,Huỳnh Hải Tùng,sv21135041@student.edu.vn,0976445603,STUDENT
21135042,123456,Cao Thanh Xuân,sv21135042@student.edu.vn,0913007849,STUDENT
21135043,123456,Hoàng Hữu Tâm,sv21135043@student.edu.vn,0996917813,STUDENT
21135044,123456,Phạm Anh Yến,sv21135044@student.edu.vn,0967035897,STUDENT
21135045,123456,Đinh Xuân Giang,sv21135045@student.edu.vn,0966184778,STUDENT
21135046,123456,Hồ Hồng Đạt,sv21135046@student.edu.vn,0977426266,STUDENT
21135047,123456,Ngô Văn Linh,sv21135047@student.edu.vn,0957241889,STUDENT
21135048,123456,Hà Hữu Toàn,sv21135048@student.edu.vn,0957719226,STUDENT
21135049,123456,Phan Gia Hùng,sv21135049@student.edu.vn,0937017056,STUDENT
21135050,123456,Nguyễn Thiện Nhật,sv21135050@student.edu.vn,0944660458,STUDENT
21135051,123456,Vũ Quang Inh,sv21135051@student.edu.vn,0989363060,STUDENT
21135052,123456,Mai Hồng Thắng,sv21135052@student.edu.vn,0957281511,STUDENT
21135053,123456,Tạ Đức Đạt,sv21135053@student.edu.vn,0933234178,STUDENT
21135054,123456,Huỳnh Hữu Trang,sv21135054@student.edu.vn,0941221641,STUDENT
21135055,123456,Hà Tuấn Vinh,sv21135055@student.edu.vn,0993358028,STUDENT
21135056,123456,Cao Đức Lan,sv21135056@student.edu.vn,0953625635,STUDENT
21135057,123456,Đặng Quang Hiếu,sv21135057@student.edu.vn,0914679589,STUDENT
21135058,123456,Trần Thanh Uyên,sv21135058@student.edu.vn,0917642381,STUDENT
21135059,123456,Tạ Phương Duy,sv21135059@student.edu.vn,0991291576,STUDENT
21135060,123456,Nguyễn Kim Lộc,sv21135060@student.edu.vn,0926870021,STUDENT
21135061,123456,Hà Gia Vinh,sv21135061@student.edu.vn,0923808963,STUDENT
21135062,123456,Nguyễn Văn Giang,sv21135062@student.edu.vn,0938400483,STUDENT
21135063,123456,Dương Bảo Thắng,sv21135063@student.edu.vn,0974875194,STUDENT
21135064,123456,Lý Thanh Hà,sv21135064@student.edu.vn,0965024410,STUDENT
21135065,123456,Hồ Hồng Huy,sv21135065@student.edu.vn,0946215933,STUDENT
21135066,123456,Dương Thanh Đạt,sv21135066@student.edu.vn,0978990212,STUDENT
21135067,123456,Đặng Tuấn Đạt,sv21135067@student.edu.vn,0944940153,STUDENT
21135068,123456,Ngô Nhật Cường,sv21135068@student.edu.vn,0953774300,STUDENT
21135069,123456,Huỳnh Quang Toàn,sv21135069@student.edu.vn,0960095178,STUDENT
21135070,123456,Phạm Thu Oanh,sv21135070@student.edu.vn,0970343726,STUDENT
21135071,123456,Mai Trung Trinh,sv21135071@student.edu.vn,0918814033,STUDENT
21135072,123456,Huỳnh Hải Toàn,sv21135072@student.edu.vn,0964093079,STUDENT
21135073,123456,Nguyễn Xuân Kiệt,sv21135073@student.edu.vn,0944721119,STUDENT
21135074,123456,Huỳnh Văn Thành,sv21135074@student.edu.vn,0942570941,STUDENT
21135075,123456,Trịnh Văn Trang,sv21135075@student.edu.vn,0990340312,STUDENT
21135076,123456,Đặng Kim Huy,sv21135076@student.edu.vn,0988314295,STUDENT
21135077,123456,Phạm Thu Yến,sv21135077@student.edu.vn,0916798397,STUDENT
21135078,123456,Võ Bảo Lan,sv21135078@student.edu.vn,0992659548,STUDENT
21135079,123456,Ngô Duy Hiếu,sv21135079@student.edu.vn,0956070107,STUDENT
21135080,123456,Mai Trung An,sv21135080@student.edu.vn,0925243195,STUDENT
21135081,123456,Vũ Phương Bình,sv21135081@student.edu.vn,0950043048,STUDENT
21135082,123456,Mai Quốc Trung,sv21135082@student.edu.vn,0956738837,STUDENT
21135083,123456,Trịnh Tuấn Uyên,sv21135083@student.edu.vn,0963748432,STUDENT
21135084,123456,Đặng Hữu Phúc,sv21135084@student.edu.vn,0967730153,STUDENT
21135085,123456,Phạm Đức Oanh,sv21135085@student.edu.vn,0937990225,STUDENT
21135086,123456,Cao Hoàng Toàn,sv21135086@student.edu.vn,0923427582,STUDENT
21135087,123456,Huỳnh Trung Nga,sv21135087@student.edu.vn,0923422533,STUDENT
21135088,123456,Hoàng Hữu Đạt,sv21135088@student.edu.vn,0946983485,STUDENT
21135089,123456,Nguyễn Gia Thành,sv21135089@student.edu.vn,0942148424,STUDENT
21135090,123456,Mai Thu Long,sv21135090@student.edu.vn,0950678308,STUDENT
21135091,123456,Lý Anh Yến,sv21135091@student.edu.vn,0978726732,STUDENT
21135092,123456,Trần Kim Trí,sv21135092@student.edu.vn,0931167769,STUDENT
21135093,123456,Dương Anh Phong,sv21135093@student.edu.vn,0919144387,STUDENT
21135094,123456,Hồ Quang Nhật,sv21135094@student.edu.vn,0922613418,STUDENT
21135095,123456,Mai Phương Hùng,sv21135095@student.edu.vn,0955086371,STUDENT
21135096,123456,Đặng Thanh Thảo,sv21135096@student.edu.vn,0978741431,STUDENT
21135097,123456,Trịnh Thanh Quân,sv21135097@student.edu.vn,0958775074,STUDENT
21135098,123456,Huỳnh Trung Phát,sv21135098@student.edu.vn,0989468444,STUDENT
21135099,123456,Trần Kim Long,sv21135099@student.edu.vn,0934659163,STUDENT
21135100,123456,Hoàng Quốc Phong,sv21135100@student.edu.vn,0921226693,STUDENT
21135101,123456,Đỗ Bảo Tùng,sv21135101@student.edu.vn,0946764716,STUDENT
21135102,123456,Đinh Quốc Khánh,sv21135102@student.edu.vn,0938999803,STUDENT
21135103,123456,Cao Bảo Nam,sv21135103@student.edu.vn,0922740041,STUDENT
21135104,123456,Nguyễn Hồng Tài,sv21135104@student.edu.vn,0996268961,STUDENT
21135105,123456,Lê Thiện Thắng,sv21135105@student.edu.vn,0916605032,STUDENT
21135106,123456,Hoàng Thanh Toàn,sv21135106@student.edu.vn,0956830152,STUDENT
21135107,123456,Ngô Ngọc Trinh,sv21135107@student.edu.vn,0925103429,STUDENT
21135108,123456,Đặng Anh Kiệt,sv21135108@student.edu.vn,0920307249,STUDENT
21135109,123456,Nguyễn Tuấn Lộc,sv21135109@student.edu.vn,0964801816,STUDENT
21135110,123456,Phạm Tuấn Rạng,sv21135110@student.edu.vn,0956217149,STUDENT
21135111,123456,Đinh Duy Oanh,sv21135111@student.edu.vn,0969464086,STUDENT
21135112,123456,Bùi Hoàng Giang,sv21135112@student.edu.vn,0972346569,STUDENT
21135113,123456,Trần Đức Trinh,sv21135113@student.edu.vn,0934173637,STUDENT
21135114,123456,Đinh Bảo Sơn,sv21135114@student.edu.vn,0926435465,STUDENT
21135115,123456,Đoàn Thanh Oanh,sv21135115@student.edu.vn,0936185940,STUDENT
21135116,123456,Vũ Bảo Inh,sv21135116@student.edu.vn,0959900313,STUDENT
21135117,123456,Hoàng Duy Nga,sv21135117@student.edu.vn,0915901755,STUDENT
21135118,123456,Hồ Kim Phong,sv21135118@student.edu.vn,0938203110,STUDENT
21135119,123456,Đinh Hoàng Rạng,sv21135119@student.edu.vn,0931135185,STUDENT
21135120,123456,Đoàn Hoàng Hà,sv21135120@student.edu.vn,0986986961,STUDENT
21135121,123456,Lâm Phương Yến,sv21135121@student.edu.vn,0982382797,STUDENT
21135122,123456,Lê Hồng Hùng,sv21135122@student.edu.vn,0940363419,STUDENT
21135123,123456,Đoàn Bảo Phúc,sv21135123@student.edu.vn,0944546181,STUDENT
21135124,123456,Võ Anh Hà,sv21135124@student.edu.vn,0979144984,STUDENT
21135125,123456,Đinh Duy Quân,sv21135125@student.edu.vn,0961481879,STUDENT
21135126,123456,Lý Tuấn Uyên,sv21135126@student.edu.vn,0967777518,STUDENT
21135127,123456,Hà Quốc Long,sv21135127@student.edu.vn,0920021122,STUDENT
21135128,123456,Đỗ Hoàng Nhật,sv21135128@student.edu.vn,0911138066,STUDENT
21135129,123456,Bùi Thiện Hùng,sv21135129@student.edu.vn,0974165688,STUDENT
21135130,123456,Cao Duy Bảo,sv21135130@student.edu.vn,0933095769,STUDENT
21135131,123456,Đặng Tuấn Khánh,sv21135131@student.edu.vn,0987878286,STUDENT
21135132,123456,Vũ Đức Quân,sv21135132@student.edu.vn,0933495135,STUDENT
21135133,123456,Cao Phương Hùng,sv21135133@student.edu.vn,0959838750,STUDENT
21135134,123456,Ngô Xuân Huy,sv21135134@student.edu.vn,0945021463,STUDENT
21135135,123456,Ngô Phương Tâm,sv21135135@student.edu.vn,0966110413,STUDENT
21135136,123456,Hoàng Minh Rạng,sv21135136@student.edu.vn,0991829923,STUDENT
21135137,123456,Phạm Phương Tài,sv21135137@student.edu.vn,0915952228,STUDENT
21135138,123456,Trần Văn Trang,sv21135138@student.edu.vn,0932449706,STUDENT
21135139,123456,Hoàng Thị Khánh,sv21135139@student.edu.vn,0929921453,STUDENT
21135140,123456,Ngô Hữu Xuân,sv21135140@student.edu.vn,0976045745,STUDENT
21135141,123456,Lê Hoàng Yến,sv21135141@student.edu.vn,0946172117,STUDENT
21135142,123456,Ngô Quang Tâm,sv21135142@student.edu.vn,0945866801,STUDENT
21135143,123456,Trịnh Minh Kiệt,sv21135143@student.edu.vn,0969411065,STUDENT
21135144,123456,Đỗ Nhật Thành,sv21135144@student.edu.vn,0937800053,STUDENT
21135145,123456,Bùi Phương Tâm,sv21135145@student.edu.vn,0954630011,STUDENT
21135146,123456,Võ Văn Hùng,sv21135146@student.edu.vn,0925412688,STUDENT
21135147,123456,Võ Quang Phong,sv21135147@student.edu.vn,0947835754,STUDENT
21135148,123456,Hoàng Thanh Trí,sv21135148@student.edu.vn,0972267980,STUDENT
21135149,123456,Dương Tuấn Lộc,sv21135149@student.edu.vn,0920113303,STUDENT
21135150,123456,Đoàn Trung Minh,sv21135150@student.edu.vn,0943740585,STUDENT
21135151,123456,Lý Thị Tâm,sv21135151@student.edu.vn,0949232724,STUDENT
21135152,123456,Bùi Xuân Oanh,sv21135152@student.edu.vn,0917951033,STUDENT
21135153,123456,Trịnh Xuân Huy,sv21135153@student.edu.vn,0912626345,STUDENT
21135154,123456,Lâm Quang Trí,sv21135154@student.edu.vn,0937232515,STUDENT
21135155,123456,Vũ Xuân Minh,sv21135155@student.edu.vn,0922923803,STUDENT
21135156,123456,Bùi Thị Tài,sv21135156@student.edu.vn,0958811593,STUDENT
21135157,123456,Trần Gia Hùng,sv21135157@student.edu.vn,0954348626,STUDENT
21135158,123456,Cao Hữu Trinh,sv21135158@student.edu.vn,0980975408,STUDENT
21135159,123456,Lâm Anh Vinh,sv21135159@student.edu.vn,0989415202,STUDENT
21135160,123456,Đỗ Hữu Kiệt,sv21135160@student.edu.vn,0949895017,STUDENT
21135161,123456,Mai Hải Khánh,sv21135161@student.edu.vn,0980257702,STUDENT
21135162,123456,Dương Tuấn Trinh,sv21135162@student.edu.vn,0993218219,STUDENT
21135163,123456,Vũ Nhật Nam,sv21135163@student.edu.vn,0940935560,STUDENT
21135164,123456,Mai Thị Nam,sv21135164@student.edu.vn,0929311600,STUDENT
21135165,123456,Đỗ Trung Lộc,sv21135165@student.edu.vn,0993215716,STUDENT
21135166,123456,Mai Trung Thảo,sv21135166@student.edu.vn,0924004209,STUDENT
21135167,123456,Trần Bảo Khoa,sv21135167@student.edu.vn,0971943005,STUDENT
21135168,123456,Đỗ Tuấn Hiếu,sv21135168@student.edu.vn,0989902148,STUDENT
21135169,123456,Hà Hoàng Thảo,sv21135169@student.edu.vn,0921287408,STUDENT
21135170,123456,Trịnh Hồng Hà,sv21135170@student.edu.vn,0927657266,STUDENT
21135171,123456,Hà Hoàng Kiệt,sv21135171@student.edu.vn,0988521175,STUDENT
21135172,123456,Hồ Ngọc Minh,sv21135172@student.edu.vn,0968826557,STUDENT
21135173,123456,Lê Kim Hiếu,sv21135173@student.edu.vn,0991574618,STUDENT
21135174,123456,Lý Hải Hùng,sv21135174@student.edu.vn,0923842825,STUDENT
21135175,123456,Bùi Phương Em,sv21135175@student.edu.vn,0914832878,STUDENT
21135176,123456,Đinh Anh Quân,sv21135176@student.edu.vn,0947327733,STUDENT
21135177,123456,Lý Hải Hương,sv21135177@student.edu.vn,0940954415,STUDENT
21135178,123456,Lý Ngọc Bảo,sv21135178@student.edu.vn,0939738962,STUDENT
21135179,123456,Đoàn Kim Hiếu,sv21135179@student.edu.vn,0935043729,STUDENT
21135180,123456,Đinh Kim Thảo,sv21135180@student.edu.vn,0924376717,STUDENT
21135181,123456,Dương Tuấn Linh,sv21135181@student.edu.vn,0959479201,STUDENT
21135182,123456,Nguyễn Thị Nhật,sv21135182@student.edu.vn,0994804629,STUDENT
21135183,123456,Cao Anh Minh,sv21135183@student.edu.vn,0996340937,STUDENT
21135184,123456,Phạm Quang Sơn,sv21135184@student.edu.vn,0939835176,STUDENT
21135185,123456,Trần Thanh Thảo,sv21135185@student.edu.vn,0955471583,STUDENT
21135186,123456,Võ Ngọc Nam,sv21135186@student.edu.vn,0993930074,STUDENT
21135187,123456,Tạ Hải Hà,sv21135187@student.edu.vn,0995423244,STUDENT
21135188,123456,Đinh Thu Bảo,sv21135188@student.edu.vn,0935009103,STUDENT
21135189,123456,Lý Hải Trang,sv21135189@student.edu.vn,0980916748,STUDENT
21135190,123456,Dương Quốc Cường,sv21135190@student.edu.vn,0963587012,STUDENT
21135191,123456,Trần Hoàng Tùng,sv21135191@student.edu.vn,0960259042,STUDENT
21135192,123456,Lý Duy An,sv21135192@student.edu.vn,0955812180,STUDENT
21135193,123456,Hồ Trung Phúc,sv21135193@student.edu.vn,0921562574,STUDENT
21135194,123456,Mai Phương An,sv21135194@student.edu.vn,0977394474,STUDENT
21135195,123456,Trịnh Phương Lộc,sv21135195@student.edu.vn,0935456872,STUDENT
21135196,123456,Phan Thanh An,sv21135196@student.edu.vn,0942714539,STUDENT
21135197,123456,Huỳnh Ngọc Vinh,sv21135197@student.edu.vn,0979543455,STUDENT
21135198,123456,Phan Hồng Huy,sv21135198@student.edu.vn,0984446166,STUDENT
21135199,123456,Phạm Xuân Thành,sv21135199@student.edu.vn,0922617667,STUDENT
21135200,123456,Huỳnh Hữu Nam,sv21135200@student.edu.vn,0929542112,STUDENT
21135201,123456,Hoàng Minh Phúc,sv21135201@student.edu.vn,0950209093,STUDENT
21135202,123456,Trịnh Quốc Lan,sv21135202@student.edu.vn,0923575992,STUDENT
21135203,123456,Lê Thị Long,sv21135203@student.edu.vn,0918054639,STUDENT
21135204,123456,Trịnh Kim Phát,sv21135204@student.edu.vn,0996299560,STUDENT
21135205,123456,Hà Tuấn Oanh,sv21135205@student.edu.vn,0923320577,STUDENT
21135206,123456,Vũ Hoàng Quân,sv21135206@student.edu.vn,0992291743,STUDENT
21135207,123456,Bùi Thiện Hiếu,sv21135207@student.edu.vn,0944847303,STUDENT
21135208,123456,Cao Quang Bình,sv21135208@student.edu.vn,0948289832,STUDENT
21135209,123456,Dương Quang Trí,sv21135209@student.edu.vn,0983852847,STUDENT
21135210,123456,Đặng Anh Nhật,sv21135210@student.edu.vn,0971439202,STUDENT
21135211,123456,Mai Bảo Hà,sv21135211@student.edu.vn,0980802644,STUDENT
21135212,123456,Hoàng Thị Phong,sv21135212@student.edu.vn,0949577908,STUDENT
21135213,123456,Đỗ Bảo Nga,sv21135213@student.edu.vn,0962591200,STUDENT
21135214,123456,Mai Anh Thành,sv21135214@student.edu.vn,0951557413,STUDENT
21135215,123456,Hồ Bảo Lộc,sv21135215@student.edu.vn,0922632733,STUDENT
21135216,123456,Vũ Hữu Em,sv21135216@student.edu.vn,0970144376,STUDENT
21135217,123456,Hồ Thanh Phát,sv21135217@student.edu.vn,0930114399,STUDENT
21135218,123456,Huỳnh Quốc Trí,sv21135218@student.edu.vn,0926171976,STUDENT
21135219,123456,Bùi Thu Rạng,sv21135219@student.edu.vn,0955823636,STUDENT
21135220,123456,Lý Thanh Quân,sv21135220@student.edu.vn,0930085199,STUDENT
21135221,123456,Hà Trung Trung,sv21135221@student.edu.vn,0948502022,STUDENT
21135222,123456,Hà Phương Em,sv21135222@student.edu.vn,0935347412,STUDENT
21135223,123456,Hà Hữu Em,sv21135223@student.edu.vn,0923726864,STUDENT
21135224,123456,Phan Minh Duy,sv21135224@student.edu.vn,0921978738,STUDENT
21135225,123456,Lý Ngọc Phát,sv21135225@student.edu.vn,0948614347,STUDENT
21135226,123456,Trần Tuấn Trang,sv21135226@student.edu.vn,0951090973,STUDENT
21135227,123456,Lâm Văn Trí,sv21135227@student.edu.vn,0950052168,STUDENT
21135228,123456,Hoàng Thu An,sv21135228@student.edu.vn,0934714221,STUDENT
21135229,123456,Vũ Kim An,sv21135229@student.edu.vn,0995828594,STUDENT
21135230,123456,Đoàn Hoàng Kiệt,sv21135230@student.edu.vn,0964616556,STUDENT
21135231,123456,Tạ Văn Khánh,sv21135231@student.edu.vn,0985361348,STUDENT
21135232,123456,Võ Quang Inh,sv21135232@student.edu.vn,0926231594,STUDENT
21135233,123456,Đặng Kim Rạng,sv21135233@student.edu.vn,0960072144,STUDENT
21135234,123456,Trịnh Xuân Kiệt,sv21135234@student.edu.vn,0988710347,STUDENT
21135235,123456,Đinh Thị Tùng,sv21135235@student.edu.vn,0944403537,STUDENT
21135236,123456,Vũ Minh Bảo,sv21135236@student.edu.vn,0974754821,STUDENT
21135237,123456,Đinh Nhật Đạt,sv21135237@student.edu.vn,0973049690,STUDENT
21135238,123456,Hà Thanh Oanh,sv21135238@student.edu.vn,0963690022,STUDENT
21135239,123456,Lâm Hồng Trí,sv21135239@student.edu.vn,0940865336,STUDENT
21135240,123456,Lâm Anh Trinh,sv21135240@student.edu.vn,0979859036,STUDENT
21135241,123456,Ngô Gia Toàn,sv21135241@student.edu.vn,0924098704,STUDENT
21135242,123456,Ngô Thị Inh,sv21135242@student.edu.vn,0924821827,STUDENT
21135243,123456,Lý Văn An,sv21135243@student.edu.vn,0947770050,STUDENT
21135244,123456,Bùi Thanh Vinh,sv21135244@student.edu.vn,0980144249,STUDENT
21135245,123456,Võ Anh Toàn,sv21135245@student.edu.vn,0922423820,STUDENT
21135246,123456,Tạ Ngọc Vinh,sv21135246@student.edu.vn,0973695412,STUDENT
21135247,123456,Phan Tuấn Khánh,sv21135247@student.edu.vn,0985274033,STUDENT
21135248,123456,Phạm Thanh Thắng,sv21135248@student.edu.vn,0972188471,STUDENT
21135249,123456,Phạm Thu Đạt,sv21135249@student.edu.vn,0985505037,STUDENT
21135250,123456,Đinh Đức Toàn,sv21135250@student.edu.vn,0924882592,STUDENT
21135251,123456,Trần Thanh Minh,sv21135251@student.edu.vn,0967151886,STUDENT
21135252,123456,Đinh Gia Lan,sv21135252@student.edu.vn,0933414076,STUDENT
21135253,123456,Tạ Thanh Hùng,sv21135253@student.edu.vn,0990266009,STUDENT
21135254,123456,Hồ Duy Yến,sv21135254@student.edu.vn,0955702208,STUDENT
21135255,123456,Đặng Thu Hà,sv21135255@student.edu.vn,0977044899,STUDENT
21135256,123456,Đoàn Thiện Duy,sv21135256@student.edu.vn,0959108993,STUDENT
21135257,123456,Đinh Trung Nam,sv21135257@student.edu.vn,0944161733,STUDENT
21135258,123456,Tạ Phương Em,sv21135258@student.edu.vn,0952505163,STUDENT
21135259,123456,Trịnh Tuấn Cường,sv21135259@student.edu.vn,0920809287,STUDENT
21135260,123456,Đinh Đức Nga,sv21135260@student.edu.vn,0992360508,STUDENT
21135261,123456,Tạ Bảo Cường,sv21135261@student.edu.vn,0968552788,STUDENT
21135262,123456,Cao Đức Phong,sv21135262@student.edu.vn,0977096392,STUDENT
21135263,123456,Tạ Gia Hiếu,sv21135263@student.edu.vn,0972499267,STUDENT
21135264,123456,Nguyễn Minh Linh,sv21135264@student.edu.vn,0997347118,STUDENT
21135265,123456,Huỳnh Thiện Xuân,sv21135265@student.edu.vn,0942087230,STUDENT
21135266,123456,Bùi Anh Xuân,sv21135266@student.edu.vn,0930118574,STUDENT
21135267,123456,Phan Hồng Yến,sv21135267@student.edu.vn,0961498643,STUDENT
21135268,123456,Bùi Trung Thảo,sv21135268@student.edu.vn,0983985004,STUDENT
21135269,123456,Đinh Minh Tâm,sv21135269@student.edu.vn,0946895286,STUDENT
21135270,123456,Trịnh Trung Cường,sv21135270@student.edu.vn,0965793162,STUDENT
21135271,123456,Mai Minh Bình,sv21135271@student.edu.vn,0918224591,STUDENT
21135272,123456,Nguyễn Bảo Rạng,sv21135272@student.edu.vn,0931005162,STUDENT
21135273,123456,Nguyễn Nhật Lan,sv21135273@student.edu.vn,0989991481,STUDENT
21135274,123456,Lê Nhật Rạng,sv21135274@student.edu.vn,0942637842,STUDENT
21135275,123456,Đinh Hải Kiệt,sv21135275@student.edu.vn,0957903045,STUDENT
21135276,123456,Lý Thanh Khánh,sv21135276@student.edu.vn,0993216534,STUDENT
21135277,123456,Trần Hữu Hương,sv21135277@student.edu.vn,0985756652,STUDENT
21135278,123456,Hồ Thanh Nam,sv21135278@student.edu.vn,0989632719,STUDENT
21135279,123456,Đinh Gia Bảo,sv21135279@student.edu.vn,0911166269,STUDENT
21135280,123456,Phạm Minh Uyên,sv21135280@student.edu.vn,0947199128,STUDENT
21135281,123456,Đinh Ngọc Cường,sv21135281@student.edu.vn,0981544605,STUDENT
21135282,123456,Lý Hoàng Phát,sv21135282@student.edu.vn,0951862293,STUDENT
21135283,123456,Nguyễn Thị Thảo,sv21135283@student.edu.vn,0992633604,STUDENT
21135284,123456,Mai Trung Cường,sv21135284@student.edu.vn,0955164176,STUDENT
21135285,123456,Bùi Hữu Cường,sv21135285@student.edu.vn,0995506453,STUDENT
21135286,123456,Lâm Nhật Minh,sv21135286@student.edu.vn,0920159369,STUDENT
21135287,123456,Phan Hoàng Phong,sv21135287@student.edu.vn,0978960138,STUDENT
21135288,123456,Bùi Hải Inh,sv21135288@student.edu.vn,0953131412,STUDENT
21135289,123456,Bùi Thiện Phúc,sv21135289@student.edu.vn,0944011745,STUDENT
21135290,123456,Lâm Ngọc Duy,sv21135290@student.edu.vn,0943062313,STUDENT
21135291,123456,Đặng Văn Lan,sv21135291@student.edu.vn,0926142494,STUDENT
21135292,123456,Lê Văn Xuân,sv21135292@student.edu.vn,0941354382,STUDENT
21135293,123456,Mai Hữu Trí,sv21135293@student.edu.vn,0958453584,STUDENT
21135294,123456,Lâm Quang Yến,sv21135294@student.edu.vn,0930884744,STUDENT
21135295,123456,Phạm Minh Lộc,sv21135295@student.edu.vn,0910944696,STUDENT
21135296,123456,Hoàng Duy Hiếu,sv21135296@student.edu.vn,0927916579,STUDENT
21135297,123456,Đoàn Kim Bình,sv21135297@student.edu.vn,0931248340,STUDENT
21135298,123456,Lê Duy Huy,sv21135298@student.edu.vn,0938235623,STUDENT
21135299,123456,Phạm Hải Oanh,sv21135299@student.edu.vn,0960136486,STUDENT
21135300,123456,Mai Hồng Phong,sv21135300@student.edu.vn,0910494584,STUDENT
21135301,123456,Bùi Xuân Khoa,sv21135301@student.edu.vn,0980909611,STUDENT
21135302,123456,Võ Bảo Inh,sv21135302@student.edu.vn,0977290444,STUDENT
21135303,123456,Vũ Tuấn Thành,sv21135303@student.edu.vn,0985745540,STUDENT
21135304,123456,Hà Trung Trí,sv21135304@student.edu.vn,0966671447,STUDENT
21135305,123456,Hà Đức Xuân,sv21135305@student.edu.vn,0925325721,STUDENT
21135306,123456,Cao Gia Khoa,sv21135306@student.edu.vn,0951168872,STUDENT
21135307,123456,Huỳnh Thanh An,sv21135307@student.edu.vn,0984781845,STUDENT
21135308,123456,Lâm Nhật An,sv21135308@student.edu.vn,0944607308,STUDENT
21135309,123456,Huỳnh Tuấn Phúc,sv21135309@student.edu.vn,0955090954,STUDENT
21135310,123456,Lý Thị Rạng,sv21135310@student.edu.vn,0947139988,STUDENT
21135311,123456,Lâm Thiện An,sv21135311@student.edu.vn,0917781141,STUDENT
21135312,123456,Trịnh Văn Bình,sv21135312@student.edu.vn,0941388491,STUDENT
21135313,123456,Huỳnh Thiện Rạng,sv21135313@student.edu.vn,0964227880,STUDENT
21135314,123456,Ngô Thị Nhật,sv21135314@student.edu.vn,0977924506,STUDENT
21135315,123456,Nguyễn Thu Thành,sv21135315@student.edu.vn,0919746335,STUDENT
21135316,123456,Hà Bảo Oanh,sv21135316@student.edu.vn,0918526820,STUDENT
21135317,123456,Đoàn Bảo Nam,sv21135317@student.edu.vn,0932115720,STUDENT
21135318,123456,Hồ Quang Hà,sv21135318@student.edu.vn,0955052286,STUDENT
21135319,123456,Phạm Thị Trung,sv21135319@student.edu.vn,0932531567,STUDENT
21135320,123456,Cao Tuấn Xuân,sv21135320@student.edu.vn,0998481964,STUDENT
21135321,123456,Lê Trung Toàn,sv21135321@student.edu.vn,0965358750,STUDENT
21135322,123456,Lê Tuấn Bình,sv21135322@student.edu.vn,0974694658,STUDENT
21135323,123456,Võ Đức Thảo,sv21135323@student.edu.vn,0987989106,STUDENT
21135324,123456,Đinh Quang Trí,sv21135324@student.edu.vn,0933410580,STUDENT
21135325,123456,Bùi Xuân Nga,sv21135325@student.edu.vn,0932560313,STUDENT
21135326,123456,Trịnh Xuân Oanh,sv21135326@student.edu.vn,0912237534,STUDENT
21135327,123456,Đặng Thị Hà,sv21135327@student.edu.vn,0913549548,STUDENT
21135328,123456,Nguyễn Nhật Bình,sv21135328@student.edu.vn,0930114612,STUDENT
21135329,123456,Hoàng Bảo Bảo,sv21135329@student.edu.vn,0942968286,STUDENT
21135330,123456,Vũ Quốc Đạt,sv21135330@student.edu.vn,0924581227,STUDENT
21135331,123456,Bùi Quốc Thảo,sv21135331@student.edu.vn,0935710265,STUDENT
21135332,123456,Đặng Đức Xuân,sv21135332@student.edu.vn,0924824759,STUDENT
21135333,123456,Tạ Duy Tài,sv21135333@student.edu.vn,0999075622,STUDENT
21135334,123456,Đoàn Thanh Trí,sv21135334@student.edu.vn,0962178661,STUDENT
21135335,123456,Hoàng Thị Rạng,sv21135335@student.edu.vn,0986363445,STUDENT
21135336,123456,Vũ Hồng Duy,sv21135336@student.edu.vn,0912165428,STUDENT
21135337,123456,Huỳnh Văn Lan,sv21135337@student.edu.vn,0954852733,STUDENT
21135338,123456,Trần Ngọc Hương,sv21135338@student.edu.vn,0942224305,STUDENT
21135339,123456,Lý Hồng Tâm,sv21135339@student.edu.vn,0922153048,STUDENT
21135340,123456,Vũ Tuấn Thảo,sv21135340@student.edu.vn,0964993361,STUDENT
21135341,123456,Hoàng Hồng Nam,sv21135341@student.edu.vn,0913140444,STUDENT
21135342,123456,Võ Hải Xuân,sv21135342@student.edu.vn,0957960288,STUDENT
21135343,123456,Mai Anh An,sv21135343@student.edu.vn,0919234578,STUDENT
21135344,123456,Bùi Minh Linh,sv21135344@student.edu.vn,0927886064,STUDENT
21135345,123456,Mai Thu Tùng,sv21135345@student.edu.vn,0983141872,STUDENT
21135346,123456,Đỗ Thiện Phong,sv21135346@student.edu.vn,0968503192,STUDENT
21135347,123456,Phạm Hồng Hiếu,sv21135347@student.edu.vn,0978620152,STUDENT
21135348,123456,Mai Tuấn Long,sv21135348@student.edu.vn,0991056562,STUDENT
21135349,123456,Lý Đức Nga,sv21135349@student.edu.vn,0946084925,STUDENT
21135350,123456,Đinh Bảo Thảo,sv21135350@student.edu.vn,0963221587,STUDENT
21135351,123456,Lê Hữu Thành,sv21135351@student.edu.vn,0952279167,STUDENT
21135352,123456,Võ Đức Phúc,sv21135352@student.edu.vn,0951317707,STUDENT
21135353,123456,Hoàng Thị Thảo,sv21135353@student.edu.vn,0916447798,STUDENT
21135354,123456,Nguyễn Hữu Phát,sv21135354@student.edu.vn,0950866235,STUDENT
21135355,123456,Hoàng Đức Lan,sv21135355@student.edu.vn,0947426481,STUDENT
21135356,123456,Dương Phương Bình,sv21135356@student.edu.vn,0951288714,STUDENT
21135357,123456,Tạ Tuấn Hiếu,sv21135357@student.edu.vn,0965182254,STUDENT
21135358,123456,Đinh Gia Tâm,sv21135358@student.edu.vn,0993448224,STUDENT
21135359,123456,Võ Thanh Vinh,sv21135359@student.edu.vn,0993781101,STUDENT
21135360,123456,Hà Bảo Tài,sv21135360@student.edu.vn,0913563237,STUDENT
21135361,123456,Ngô Nhật Tùng,sv21135361@student.edu.vn,0941894927,STUDENT
21135362,123456,Lê Hoàng Vân,sv21135362@student.edu.vn,0923576902,STUDENT
21135363,123456,Trần Bảo Toàn,sv21135363@student.edu.vn,0922031845,STUDENT
21135364,123456,Hoàng Thị Inh,sv21135364@student.edu.vn,0993351943,STUDENT
21135365,123456,Nguyễn Trung Phúc,sv21135365@student.edu.vn,0935914068,STUDENT
21135366,123456,Lâm Nhật Thảo,sv21135366@student.edu.vn,0990860639,STUDENT
21135367,123456,Lý Đức Xuân,sv21135367@student.edu.vn,0999569177,STUDENT
21135368,123456,Đỗ Xuân Xuân,sv21135368@student.edu.vn,0936668646,STUDENT
21135369,123456,Dương Đức Thành,sv21135369@student.edu.vn,0986234120,STUDENT
21135370,123456,Đoàn Thiện Bảo,sv21135370@student.edu.vn,0927643013,STUDENT
21135371,123456,Nguyễn Hữu Nam,sv21135371@student.edu.vn,0999151052,STUDENT
21135372,123456,Lâm Đức Sơn,sv21135372@student.edu.vn,0999883359,STUDENT
21135373,123456,Đặng Nhật Toàn,sv21135373@student.edu.vn,0956022245,STUDENT
21135374,123456,Hà Nhật Minh,sv21135374@student.edu.vn,0930579101,STUDENT
21135375,123456,Cao Phương Nga,sv21135375@student.edu.vn,0971905557,STUDENT
21135376,123456,Vũ Thu Nhật,sv21135376@student.edu.vn,0928012047,STUDENT
21135377,123456,Đặng Anh Hiếu,sv21135377@student.edu.vn,0925007878,STUDENT
21135378,123456,Dương Thị Bình,sv21135378@student.edu.vn,0943322862,STUDENT
21135379,123456,Vũ Tuấn Thành,sv21135379@student.edu.vn,0921959071,STUDENT
21135380,123456,Hà Bảo Thắng,sv21135380@student.edu.vn,0933602593,STUDENT
21135381,123456,Mai Tuấn Phúc,sv21135381@student.edu.vn,0922088339,STUDENT
21135382,123456,Hoàng Quang Đạt,sv21135382@student.edu.vn,0936058496,STUDENT
21135383,123456,Nguyễn Thanh Khoa,sv21135383@student.edu.vn,0964446039,STUDENT
21135384,123456,Hoàng Duy Inh,sv21135384@student.edu.vn,0984318004,STUDENT
21135385,123456,Bùi Duy Long,sv21135385@student.edu.vn,0967308938,STUDENT
21135386,123456,Vũ Hải Giang,sv21135386@student.edu.vn,0937413792,STUDENT
21135387,123456,Vũ Gia Tùng,sv21135387@student.edu.vn,0983742954,STUDENT
21135388,123456,Vũ Duy Phong,sv21135388@student.edu.vn,0980575404,STUDENT
21135389,123456,Phan Hoàng Phong,sv21135389@student.edu.vn,0971115315,STUDENT
21135390,123456,Nguyễn Bảo Lan,sv21135390@student.edu.vn,0917958952,STUDENT
21135391,123456,Lê Hồng Thảo,sv21135391@student.edu.vn,0969545694,STUDENT
21135392,123456,Vũ Hoàng Huy,sv21135392@student.edu.vn,0927305704,STUDENT
21135393,123456,Lâm Minh Lộc,sv21135393@student.edu.vn,0923460561,STUDENT
21135394,123456,Phan Hồng Trang,sv21135394@student.edu.vn,0974266912,STUDENT
21135395,123456,Bùi Trung Bình,sv21135395@student.edu.vn,0925784221,STUDENT
21135396,123456,Huỳnh Minh Hùng,sv21135396@student.edu.vn,0971170858,STUDENT
21135397,123456,Cao Thị Tùng,sv21135397@student.edu.vn,0952881094,STUDENT
21135398,123456,Đinh Ngọc Phong,sv21135398@student.edu.vn,0950530556,STUDENT
21135399,123456,Dương Thị Nam,sv21135399@student.edu.vn,0937591210,STUDENT
21135400,123456,Mai Hồng Kiệt,sv21135400@student.edu.vn,0935839517,STUDENT
21135401,123456,Trịnh Hoàng Thắng,sv21135401@student.edu.vn,0922530262,STUDENT
21135402,123456,Hồ Văn Tùng,sv21135402@student.edu.vn,0993702297,STUDENT
21135403,123456,Đinh Quốc Uyên,sv21135403@student.edu.vn,0967655189,STUDENT
21135404,123456,Đặng Phương Uyên,sv21135404@student.edu.vn,0937974187,STUDENT
21135405,123456,Vũ Quang Uyên,sv21135405@student.edu.vn,0914119695,STUDENT
21135406,123456,Vũ Nhật Huy,sv21135406@student.edu.vn,0959923604,STUDENT
21135407,123456,Mai Hoàng Quân,sv21135407@student.edu.vn,0919762055,STUDENT
21135408,123456,Nguyễn Hồng Bình,sv21135408@student.edu.vn,0960035935,STUDENT
21135409,123456,Cao Văn Lan,sv21135409@student.edu.vn,0958288486,STUDENT
21135410,123456,Cao Thanh Yến,sv21135410@student.edu.vn,0917506527,STUDENT
21135411,123456,Đỗ Quốc Trinh,sv21135411@student.edu.vn,0967318883,STUDENT
21135412,123456,Huỳnh Duy Phong,sv21135412@student.edu.vn,0960500162,STUDENT
21135413,123456,Mai Thiện Hà,sv21135413@student.edu.vn,0963363169,STUDENT
21135414,123456,Lâm Trung Vinh,sv21135414@student.edu.vn,0988838418,STUDENT
21135415,123456,Đỗ Bảo An,sv21135415@student.edu.vn,0956765348,STUDENT
21135416,123456,Đặng Thị Vinh,sv21135416@student.edu.vn,0941841642,STUDENT
21135417,123456,Trịnh Nhật Trinh,sv21135417@student.edu.vn,0988525034,STUDENT
21135418,123456,Vũ Văn Nhật,sv21135418@student.edu.vn,0917917493,STUDENT
21135419,123456,Nguyễn Quốc Nga,sv21135419@student.edu.vn,0955667894,STUDENT
21135420,123456,Trần Hữu Em,sv21135420@student.edu.vn,0953762380,STUDENT
21135421,123456,Hà Tuấn Thắng,sv21135421@student.edu.vn,0975176146,STUDENT
21135422,123456,Dương Văn Thành,sv21135422@student.edu.vn,0913075941,STUDENT
21135423,123456,Đinh Kim Khánh,sv21135423@student.edu.vn,0913178385,STUDENT
21135424,123456,Tạ Anh Khoa,sv21135424@student.edu.vn,0967527265,STUDENT
21135425,123456,Huỳnh Hải Hương,sv21135425@student.edu.vn,0989821059,STUDENT
21135426,123456,Đỗ Hải Phúc,sv21135426@student.edu.vn,0987072736,STUDENT
21135427,123456,Ngô Quang Trang,sv21135427@student.edu.vn,0918147098,STUDENT
21135428,123456,Vũ Kim An,sv21135428@student.edu.vn,0943782974,STUDENT
21135429,123456,Lý Quang Minh,sv21135429@student.edu.vn,0925733800,STUDENT
21135430,123456,Võ Gia Tâm,sv21135430@student.edu.vn,0976075624,STUDENT
21135431,123456,Ngô Kim Minh,sv21135431@student.edu.vn,0950249681,STUDENT
21135432,123456,Trần Phương Vinh,sv21135432@student.edu.vn,0935847897,STUDENT
21135433,123456,Võ Quốc Nam,sv21135433@student.edu.vn,0945138784,STUDENT
21135434,123456,Lý Anh Bình,sv21135434@student.edu.vn,0921980268,STUDENT
21135435,123456,Vũ Quang Trung,sv21135435@student.edu.vn,0978218940,STUDENT
21135436,123456,Phạm Minh Tâm,sv21135436@student.edu.vn,0962328808,STUDENT
21135437,123456,Ngô Ngọc Thảo,sv21135437@student.edu.vn,0928319577,STUDENT
21135438,123456,Đặng Anh Sơn,sv21135438@student.edu.vn,0974706478,STUDENT
21135439,123456,Bùi Thu Quân,sv21135439@student.edu.vn,0988574549,STUDENT
21135440,123456,Mai Quốc Trung,sv21135440@student.edu.vn,0955966992,STUDENT
21135441,123456,Nguyễn Tuấn Minh,sv21135441@student.edu.vn,0933222571,STUDENT
21135442,123456,Hà Ngọc Lan,sv21135442@student.edu.vn,0916572571,STUDENT
21135443,123456,Trần Trung Vinh,sv21135443@student.edu.vn,0999878155,STUDENT
21135444,123456,Dương Xuân Trang,sv21135444@student.edu.vn,0910531382,STUDENT
21135445,123456,Lâm Hoàng Phong,sv21135445@student.edu.vn,0983375487,STUDENT
21135446,123456,Hồ Bảo Toàn,sv21135446@student.edu.vn,0955852435,STUDENT
21135447,123456,Hồ Văn Vân,sv21135447@student.edu.vn,0967998678,STUDENT
21135448,123456,Trịnh Quang Lộc,sv21135448@student.edu.vn,0910943402,STUDENT
21135449,123456,Huỳnh Ngọc Đạt,sv21135449@student.edu.vn,0948353231,STUDENT
21135450,123456,Phan Gia Trang,sv21135450@student.edu.vn,0936763541,STUDENT
21135451,123456,Võ Anh Thắng,sv21135451@student.edu.vn,0947041939,STUDENT
21135452,123456,Vũ Xuân Tâm,sv21135452@student.edu.vn,0934606413,STUDENT
21135453,123456,Đặng Bảo Lộc,sv21135453@student.edu.vn,0934415087,STUDENT
21135454,123456,Lâm Gia Vinh,sv21135454@student.edu.vn,0966790248,STUDENT
21135455,123456,Cao Gia Trí,sv21135455@student.edu.vn,0918794961,STUDENT
21135456,123456,Vũ Minh An,sv21135456@student.edu.vn,0925824527,STUDENT
21135457,123456,Võ Đức Khánh,sv21135457@student.edu.vn,0934269630,STUDENT
21135458,123456,Bùi Bảo Yến,sv21135458@student.edu.vn,0972665564,STUDENT
21135459,123456,Trần Thanh Giang,sv21135459@student.edu.vn,0948182621,STUDENT
21135460,123456,Tạ Hữu Khánh,sv21135460@student.edu.vn,0941126863,STUDENT
21135461,123456,Đinh Bảo Huy,sv21135461@student.edu.vn,0970698106,STUDENT
21135462,123456,Hồ Thu Hà,sv21135462@student.edu.vn,0981931449,STUDENT
21135463,123456,Võ Hồng Lộc,sv21135463@student.edu.vn,0931367006,STUDENT
21135464,123456,Phan Ngọc Uyên,sv21135464@student.edu.vn,0945514488,STUDENT
21135465,123456,Nguyễn Thị Sơn,sv21135465@student.edu.vn,0966073016,STUDENT
21135466,123456,Đinh Đức Em,sv21135466@student.edu.vn,0913801332,STUDENT
21135467,123456,Hà Hải Tâm,sv21135467@student.edu.vn,0930701478,STUDENT
21135468,123456,Phan Kim Sơn,sv21135468@student.edu.vn,0967952320,STUDENT
21135469,123456,Lê Kim Trang,sv21135469@student.edu.vn,0981931137,STUDENT
21135470,123456,Lý Tuấn Phúc,sv21135470@student.edu.vn,0973451981,STUDENT
21135471,123456,Võ Thanh Kiệt,sv21135471@student.edu.vn,0966584928,STUDENT
21135472,123456,Đoàn Thị Đạt,sv21135472@student.edu.vn,0938686364,STUDENT
21135473,123456,Cao Gia Phong,sv21135473@student.edu.vn,0966701246,STUDENT
21135474,123456,Trần Quang Tài,sv21135474@student.edu.vn,0953480617,STUDENT
21135475,123456,Đinh Thị Cường,sv21135475@student.edu.vn,0961635058,STUDENT
21135476,123456,Mai Anh Trinh,sv21135476@student.edu.vn,0983243413,STUDENT
21135477,123456,Hà Văn Vân,sv21135477@student.edu.vn,0980927357,STUDENT
21135478,123456,Cao Xuân Trang,sv21135478@student.edu.vn,0991733199,STUDENT
21135479,123456,Nguyễn Hồng Hà,sv21135479@student.edu.vn,0914221259,STUDENT
21135480,123456,Vũ Hồng Phong,sv21135480@student.edu.vn,0967654783,STUDENT
21135481,123456,Huỳnh Anh Minh,sv21135481@student.edu.vn,0931955847,STUDENT
21135482,123456,Hồ Anh Long,sv21135482@student.edu.vn,0984446441,STUDENT
21135483,123456,Huỳnh Xuân Huy,sv21135483@student.edu.vn,0917752170,STUDENT
21135484,123456,Mai Xuân Duy,sv21135484@student.edu.vn,0940722886,STUDENT
21135485,123456,Mai Phương Duy,sv21135485@student.edu.vn,0953391040,STUDENT
21135486,123456,Bùi Ngọc Toàn,sv21135486@student.edu.vn,0999885501,STUDENT
21135487,123456,Ngô Phương Minh,sv21135487@student.edu.vn,0944425877,STUDENT
21135488,123456,Lê Tuấn Sơn,sv21135488@student.edu.vn,0975690733,STUDENT
21135489,123456,Phan Anh Tài,sv21135489@student.edu.vn,0969827979,STUDENT
21135490,123456,Đinh Phương Hà,sv21135490@student.edu.vn,0934882535,STUDENT
21135491,123456,Hồ Thu Minh,sv21135491@student.edu.vn,0912926598,STUDENT
21135492,123456,Đặng Kim Duy,sv21135492@student.edu.vn,0911667180,STUDENT
21135493,123456,Võ Gia Vinh,sv21135493@student.edu.vn,0979093059,STUDENT
21135494,123456,Đặng Anh Quân,sv21135494@student.edu.vn,0960180455,STUDENT
21135495,123456,Trần Hữu Nhật,sv21135495@student.edu.vn,0981138555,STUDENT
21135496,123456,Ngô Hoàng Long,sv21135496@student.edu.vn,0998949371,STUDENT
21135497,123456,Lý Phương Hà,sv21135497@student.edu.vn,0942933948,STUDENT
21135498,123456,Võ Nhật Minh,sv21135498@student.edu.vn,0952759586,STUDENT
21135499,123456,Hồ Hải Nam,sv21135499@student.edu.vn,0924246125,STUDENT
21135500,123456,Bùi Thị Giang,sv21135500@student.edu.vn,0965662195,STUDENT
21135501,123456,Huỳnh Tuấn Rạng,sv21135501@student.edu.vn,0911232137,STUDENT
21135502,123456,Lê Nhật Em,sv21135502@student.edu.vn,0968062817,STUDENT
21135503,123456,Hà Tuấn Huy,sv21135503@student.edu.vn,0930907003,STUDENT
21135504,123456,Hồ Duy An,sv21135504@student.edu.vn,0934094405,STUDENT
21135505,123456,Đỗ Gia Sơn,sv21135505@student.edu.vn,0964024444,STUDENT
21135506,123456,Trịnh Quốc Quân,sv21135506@student.edu.vn,0991040249,STUDENT
21135507,123456,Đỗ Phương Xuân,sv21135507@student.edu.vn,0935772957,STUDENT
21135508,123456,Đặng Gia Hùng,sv21135508@student.edu.vn,0972213414,STUDENT
21135509,123456,Phan Kim Bình,sv21135509@student.edu.vn,0910140284,STUDENT
21135510,123456,Ngô Thanh Trinh,sv21135510@student.edu.vn,0939072592,STUDENT
21135511,123456,Mai Quốc Quân,sv21135511@student.edu.vn,0972812580,STUDENT
21135512,123456,Lâm Bảo Nam,sv21135512@student.edu.vn,0981550505,STUDENT
21135513,123456,Lâm Hải Trí,sv21135513@student.edu.vn,0987827167,STUDENT
21135514,123456,Hồ Phương Huy,sv21135514@student.edu.vn,0956582646,STUDENT
21135515,123456,Lâm Kim Trang,sv21135515@student.edu.vn,0935001157,STUDENT
21135516,123456,Lâm Tuấn An,sv21135516@student.edu.vn,0914507324,STUDENT
21135517,123456,Võ Đức Vinh,sv21135517@student.edu.vn,0955960101,STUDENT
21135518,123456,Trịnh Thiện Oanh,sv21135518@student.edu.vn,0934815258,STUDENT
21135519,123456,Trịnh Nhật Minh,sv21135519@student.edu.vn,0983871105,STUDENT
21135520,123456,Dương Bảo Nga,sv21135520@student.edu.vn,0953998203,STUDENT
21135521,123456,Ngô Thu Xuân,sv21135521@student.edu.vn,0917025849,STUDENT
21135522,123456,Đỗ Bảo Em,sv21135522@student.edu.vn,0971361846,STUDENT
21135523,123456,Hoàng Đức Rạng,sv21135523@student.edu.vn,0933790725,STUDENT
21135524,123456,Nguyễn Bảo Tùng,sv21135524@student.edu.vn,0937461972,STUDENT
21135525,123456,Hà Thị Hiếu,sv21135525@student.edu.vn,0958205817,STUDENT
21135526,123456,Đặng Hoàng Inh,sv21135526@student.edu.vn,0928783913,STUDENT
21135527,123456,Lê Văn Linh,sv21135527@student.edu.vn,0972813649,STUDENT
21135528,123456,Trịnh Hồng Em,sv21135528@student.edu.vn,0936286991,STUDENT
21135529,123456,Hồ Trung An,sv21135529@student.edu.vn,0955295862,STUDENT
21135530,123456,Trịnh Quang Đạt,sv21135530@student.edu.vn,0946741440,STUDENT
21135531,123456,Lý Ngọc Tài,sv21135531@student.edu.vn,0981231774,STUDENT
21135532,123456,Võ Anh Khoa,sv21135532@student.edu.vn,0932237348,STUDENT
21135533,123456,Trần Thị Nga,sv21135533@student.edu.vn,0972467737,STUDENT
21135534,123456,Đặng Nhật Tâm,sv21135534@student.edu.vn,0910258290,STUDENT
21135535,123456,Lâm Kim Tùng,sv21135535@student.edu.vn,0993713356,STUDENT
21135536,123456,Lê Nhật Lộc,sv21135536@student.edu.vn,0987959539,STUDENT
21135537,123456,Huỳnh Minh Trang,sv21135537@student.edu.vn,0958251092,STUDENT
21135538,123456,Phạm Nhật Thắng,sv21135538@student.edu.vn,0949476930,STUDENT
21135539,123456,Vũ Gia Toàn,sv21135539@student.edu.vn,0981321866,STUDENT
21135540,123456,Huỳnh Kim Phát,sv21135540@student.edu.vn,0916980194,STUDENT
21135541,123456,Tạ Thanh Phúc,sv21135541@student.edu.vn,0996825446,STUDENT
21135542,123456,Tạ Thị Minh,sv21135542@student.edu.vn,0935493012,STUDENT
21135543,123456,Cao Trung Hà,sv21135543@student.edu.vn,0915484850,STUDENT
21135544,123456,Lâm Thị Xuân,sv21135544@student.edu.vn,0969969697,STUDENT
21135545,123456,Phạm Hải Nam,sv21135545@student.edu.vn,0948161223,STUDENT
21135546,123456,Hoàng Quang Yến,sv21135546@student.edu.vn,0947438739,STUDENT
21135547,123456,Ngô Ngọc Cường,sv21135547@student.edu.vn,0974826759,STUDENT
21135548,123456,Ngô Xuân Bình,sv21135548@student.edu.vn,0984708449,STUDENT
21135549,123456,Tạ Phương Huy,sv21135549@student.edu.vn,0955789428,STUDENT
21135550,123456,Dương Minh Đạt,sv21135550@student.edu.vn,0977283874,STUDENT
21135551,123456,Đinh Thị Hương,sv21135551@student.edu.vn,0943017020,STUDENT
21135552,123456,Nguyễn Nhật Giang,sv21135552@student.edu.vn,0965037869,STUDENT
21135553,123456,Võ Quang Đạt,sv21135553@student.edu.vn,0943062731,STUDENT
21135554,123456,Cao Hoàng Em,sv21135554@student.edu.vn,0943404935,STUDENT
21135555,123456,Trần Ngọc Thảo,sv21135555@student.edu.vn,0946332383,STUDENT
21135556,123456,Dương Quang Thảo,sv21135556@student.edu.vn,0949346582,STUDENT
21135557,123456,Phạm Duy Tài,sv21135557@student.edu.vn,0965379506,STUDENT
21135558,123456,Dương Xuân Hiếu,sv21135558@student.edu.vn,0992255968,STUDENT
21135559,123456,Lý Hải Giang,sv21135559@student.edu.vn,0942343179,STUDENT
21135560,123456,Võ Duy Yến,sv21135560@student.edu.vn,0937568823,STUDENT
21135561,123456,Cao Phương Tài,sv21135561@student.edu.vn,0983729659,STUDENT
21135562,123456,Hoàng Đức Nhật,sv21135562@student.edu.vn,0996878561,STUDENT
21135563,123456,Đặng Bảo An,sv21135563@student.edu.vn,0978939756,STUDENT
21135564,123456,Tạ Hữu Minh,sv21135564@student.edu.vn,0988499091,STUDENT
21135565,123456,Phan Duy Oanh,sv21135565@student.edu.vn,0990453674,STUDENT
21135566,123456,Cao Anh Thành,sv21135566@student.edu.vn,0997742766,STUDENT
21135567,123456,Lê Quốc Thảo,sv21135567@student.edu.vn,0950595083,STUDENT
21135568,123456,Ngô Duy Toàn,sv21135568@student.edu.vn,0961416628,STUDENT
21135569,123456,Hồ Minh Quân,sv21135569@student.edu.vn,0968269426,STUDENT
21135570,123456,Lê Thanh Hùng,sv21135570@student.edu.vn,0999165310,STUDENT
21135571,123456,Đỗ Bảo Nam,sv21135571@student.edu.vn,0935072395,STUDENT
21135572,123456,Dương Ngọc Trinh,sv21135572@student.edu.vn,0994881518,STUDENT
21135573,123456,Ngô Văn Hùng,sv21135573@student.edu.vn,0947454234,STUDENT
21135574,123456,Tạ Duy Lộc,sv21135574@student.edu.vn,0939014473,STUDENT
21135575,123456,Huỳnh Duy Sơn,sv21135575@student.edu.vn,0967762798,STUDENT
21135576,123456,Mai Ngọc Nam,sv21135576@student.edu.vn,0932025872,STUDENT
21135577,123456,Tạ Quang Long,sv21135577@student.edu.vn,0953973024,STUDENT
21135578,123456,Trần Xuân Oanh,sv21135578@student.edu.vn,0938285932,STUDENT
21135579,123456,Hồ Đức Thảo,sv21135579@student.edu.vn,0947546332,STUDENT
21135580,123456,Dương Phương Nhật,sv21135580@student.edu.vn,0964362697,STUDENT
21135581,123456,Trịnh Gia Kiệt,sv21135581@student.edu.vn,0948427200,STUDENT
21135582,123456,Lâm Hoàng Uyên,sv21135582@student.edu.vn,0986251354,STUDENT
21135583,123456,Ngô Thiện Phúc,sv21135583@student.edu.vn,0937581954,STUDENT
21135584,123456,Đỗ Văn Lộc,sv21135584@student.edu.vn,0968244915,STUDENT
21135585,123456,Phan Ngọc Khánh,sv21135585@student.edu.vn,0917412081,STUDENT
21135586,123456,Phạm Hồng Tâm,sv21135586@student.edu.vn,0911927326,STUDENT
21135587,123456,Võ Thanh Trang,sv21135587@student.edu.vn,0991268571,STUDENT
21135588,123456,Hồ Gia Lan,sv21135588@student.edu.vn,0933323230,STUDENT
21135589,123456,Lê Thu Cường,sv21135589@student.edu.vn,0964993819,STUDENT
21135590,123456,Đỗ Thị Long,sv21135590@student.edu.vn,0981339870,STUDENT
21135591,123456,Trịnh Hữu Inh,sv21135591@student.edu.vn,0927302611,STUDENT
21135592,123456,Lý Thu Duy,sv21135592@student.edu.vn,0962233312,STUDENT
21135593,123456,Hồ Thị Xuân,sv21135593@student.edu.vn,0993484306,STUDENT
21135594,123456,Đoàn Xuân Hương,sv21135594@student.edu.vn,0930217492,STUDENT
21135595,123456,Đoàn Bảo An,sv21135595@student.edu.vn,0978553345,STUDENT
21135596,123456,Trịnh Trung An,sv21135596@student.edu.vn,0939072500,STUDENT
21135597,123456,Dương Anh Tùng,sv21135597@student.edu.vn,0926969666,STUDENT
21135598,123456,Vũ Gia Tài,sv21135598@student.edu.vn,0931740374,STUDENT
21135599,123456,Ngô Xuân Phúc,sv21135599@student.edu.vn,0994395527,STUDENT
21135600,123456,Võ Minh Long,sv21135600@student.edu.vn,0970377589,STUDENT
21135601,123456,Đinh Bảo Hương,sv21135601@student.edu.vn,0922948821,STUDENT
21135602,123456,Cao Ngọc Trí,sv21135602@student.edu.vn,0939303678,STUDENT
21135603,123456,Cao Đức Trí,sv21135603@student.edu.vn,0974519894,STUDENT
21135604,123456,Ngô Thị Uyên,sv21135604@student.edu.vn,0970431210,STUDENT
21135605,123456,Lý Hải Nga,sv21135605@student.edu.vn,0952709967,STUDENT
21135606,123456,Đặng Hoàng Kiệt,sv21135606@student.edu.vn,0913975110,STUDENT
21135607,123456,Phạm Xuân Nam,sv21135607@student.edu.vn,0993304282,STUDENT
21135608,123456,Lâm Duy Toàn,sv21135608@student.edu.vn,0962493714,STUDENT
21135609,123456,Đinh Quang Bảo,sv21135609@student.edu.vn,0925434184,STUDENT
21135610,123456,Nguyễn Quang Hà,sv21135610@student.edu.vn,0983395252,STUDENT
21135611,123456,Trần Hải Thảo,sv21135611@student.edu.vn,0998801774,STUDENT
21135612,123456,Cao Thanh Duy,sv21135612@student.edu.vn,0971244674,STUDENT
21135613,123456,Ngô Trung Em,sv21135613@student.edu.vn,0974015826,STUDENT
21135614,123456,Huỳnh Hồng Cường,sv21135614@student.edu.vn,0975135524,STUDENT
21135615,123456,Tạ Bảo Đạt,sv21135615@student.edu.vn,0935596048,STUDENT
21135616,123456,Lâm Quốc Bảo,sv21135616@student.edu.vn,0974714131,STUDENT
21135617,123456,Dương Bảo Kiệt,sv21135617@student.edu.vn,0966810776,STUDENT
21135618,123456,Dương Quang Phúc,sv21135618@student.edu.vn,0955278518,STUDENT
21135619,123456,Đỗ Anh Rạng,sv21135619@student.edu.vn,0956723459,STUDENT
21135620,123456,Lê Nhật Nga,sv21135620@student.edu.vn,0938407919,STUDENT
21135621,123456,Đỗ Tuấn Trí,sv21135621@student.edu.vn,0957776498,STUDENT
21135622,123456,Nguyễn Thanh Khánh,sv21135622@student.edu.vn,0914035297,STUDENT
21135623,123456,Ngô Phương Huy,sv21135623@student.edu.vn,0932708976,STUDENT
21135624,123456,Lâm Văn Trung,sv21135624@student.edu.vn,0967623544,STUDENT
21135625,123456,Nguyễn Duy Duy,sv21135625@student.edu.vn,0922918072,STUDENT
21135626,123456,Huỳnh Bảo Hùng,sv21135626@student.edu.vn,0961126615,STUDENT
21135627,123456,Trần Hữu Huy,sv21135627@student.edu.vn,0999881288,STUDENT
21135628,123456,Dương Xuân Khánh,sv21135628@student.edu.vn,0933234410,STUDENT
21135629,123456,Mai Duy Duy,sv21135629@student.edu.vn,0926152964,STUDENT
21135630,123456,Nguyễn Xuân Yến,sv21135630@student.edu.vn,0975404791,STUDENT
21135631,123456,Nguyễn Văn Phát,sv21135631@student.edu.vn,0945371836,STUDENT
21135632,123456,Dương Minh Giang,sv21135632@student.edu.vn,0934333426,STUDENT
21135633,123456,Nguyễn Quốc Yến,sv21135633@student.edu.vn,0993932094,STUDENT
21135634,123456,Trịnh Kim Phúc,sv21135634@student.edu.vn,0988854362,STUDENT
21135635,123456,Cao Thị Khánh,sv21135635@student.edu.vn,0951795651,STUDENT
21135636,123456,Cao Tuấn Oanh,sv21135636@student.edu.vn,0931520508,STUDENT
21135637,123456,Đặng Duy Khánh,sv21135637@student.edu.vn,0953525166,STUDENT
21135638,123456,Đặng Duy Phong,sv21135638@student.edu.vn,0913273636,STUDENT
21135639,123456,Phạm Tuấn Khánh,sv21135639@student.edu.vn,0995991904,STUDENT
21135640,123456,Lâm Hữu Yến,sv21135640@student.edu.vn,0945133005,STUDENT
21135641,123456,Phạm Quốc Vinh,sv21135641@student.edu.vn,0931387224,STUDENT
21135642,123456,Cao Phương Hà,sv21135642@student.edu.vn,0948195545,STUDENT
21135643,123456,Huỳnh Phương Trí,sv21135643@student.edu.vn,0994913968,STUDENT
21135644,123456,Phạm Trung Quân,sv21135644@student.edu.vn,0932341806,STUDENT
21135645,123456,Võ Duy An,sv21135645@student.edu.vn,0960852841,STUDENT
21135646,123456,Đoàn Quốc Uyên,sv21135646@student.edu.vn,0922406612,STUDENT
21135647,123456,Phạm Hải Uyên,sv21135647@student.edu.vn,0951886718,STUDENT
21135648,123456,Đinh Thanh Trang,sv21135648@student.edu.vn,0960572743,STUDENT
21135649,123456,Bùi Hải Huy,sv21135649@student.edu.vn,0913819257,STUDENT
21135650,123456,Võ Hồng Inh,sv21135650@student.edu.vn,0941810264,STUDENT
21135651,123456,Lê Thị Hiếu,sv21135651@student.edu.vn,0993714999,STUDENT
21135652,123456,Lê Minh Phong,sv21135652@student.edu.vn,0983932769,STUDENT
21135653,123456,Phạm Tuấn Vinh,sv21135653@student.edu.vn,0988819407,STUDENT
21135654,123456,Dương Nhật Cường,sv21135654@student.edu.vn,0960493375,STUDENT
21135655,123456,Đỗ Quang Thành,sv21135655@student.edu.vn,0960764768,STUDENT
21135656,123456,Đoàn Quốc Lộc,sv21135656@student.edu.vn,0983502422,STUDENT
21135657,123456,Bùi Thanh Trung,sv21135657@student.edu.vn,0912298838,STUDENT
21135658,123456,Lê Quốc Kiệt,sv21135658@student.edu.vn,0946210783,STUDENT
21135659,123456,Phạm Quang Linh,sv21135659@student.edu.vn,0928779617,STUDENT
21135660,123456,Ngô Hải Long,sv21135660@student.edu.vn,0977775899,STUDENT
21135661,123456,Huỳnh Quốc Kiệt,sv21135661@student.edu.vn,0934064443,STUDENT
21135662,123456,Huỳnh Tuấn Lan,sv21135662@student.edu.vn,0966566918,STUDENT
21135663,123456,Tạ Anh Trí,sv21135663@student.edu.vn,0963250083,STUDENT
21135664,123456,Lâm Bảo Lan,sv21135664@student.edu.vn,0912247218,STUDENT
21135665,123456,Ngô Nhật Oanh,sv21135665@student.edu.vn,0974013128,STUDENT
21135666,123456,Đặng Ngọc Khoa,sv21135666@student.edu.vn,0991783143,STUDENT
21135667,123456,Đặng Kim Toàn,sv21135667@student.edu.vn,0923714981,STUDENT
21135668,123456,Lê Bảo Long,sv21135668@student.edu.vn,0961445301,STUDENT
21135669,123456,Hồ Minh Thảo,sv21135669@student.edu.vn,0940609959,STUDENT
21135670,123456,Vũ Bảo Quân,sv21135670@student.edu.vn,0931875615,STUDENT
21135671,123456,Hồ Thanh Minh,sv21135671@student.edu.vn,0941608187,STUDENT
21135672,123456,Dương Văn Hà,sv21135672@student.edu.vn,0936375606,STUDENT
21135673,123456,Đoàn Nhật Minh,sv21135673@student.edu.vn,0930210125,STUDENT
21135674,123456,Lê Hải Tâm,sv21135674@student.edu.vn,0914340672,STUDENT
21135675,123456,Phan Gia Em,sv21135675@student.edu.vn,0926957215,STUDENT
21135676,123456,Đoàn Bảo Giang,sv21135676@student.edu.vn,0914087247,STUDENT
21135677,123456,Nguyễn Trung Nga,sv21135677@student.edu.vn,0911590334,STUDENT
21135678,123456,Hoàng Đức Yến,sv21135678@student.edu.vn,0910466322,STUDENT
21135679,123456,Đoàn Văn Toàn,sv21135679@student.edu.vn,0983290738,STUDENT
21135680,123456,Võ Tuấn Bảo,sv21135680@student.edu.vn,0971385626,STUDENT
21135681,123456,Ngô Minh Bình,sv21135681@student.edu.vn,0991355049,STUDENT
21135682,123456,Phan Anh Duy,sv21135682@student.edu.vn,0942379899,STUDENT
21135683,123456,Ngô Minh Thảo,sv21135683@student.edu.vn,0912664492,STUDENT
21135684,123456,Huỳnh Bảo Trang,sv21135684@student.edu.vn,0916828553,STUDENT
21135685,123456,Nguyễn Hoàng Tài,sv21135685@student.edu.vn,0936556012,STUDENT
21135686,123456,Tạ Thanh Thảo,sv21135686@student.edu.vn,0950401360,STUDENT
21135687,123456,Mai Quốc Minh,sv21135687@student.edu.vn,0964256061,STUDENT
21135688,123456,Trịnh Bảo Hương,sv21135688@student.edu.vn,0951943706,STUDENT
21135689,123456,Hồ Bảo Uyên,sv21135689@student.edu.vn,0999589028,STUDENT
21135690,123456,Võ Đức Hiếu,sv21135690@student.edu.vn,0999031176,STUDENT
21135691,123456,Phan Duy Minh,sv21135691@student.edu.vn,0994914618,STUDENT
21135692,123456,Tạ Trung An,sv21135692@student.edu.vn,0944019419,STUDENT
21135693,123456,Phạm Quang Bảo,sv21135693@student.edu.vn,0985075734,STUDENT
21135694,123456,Đỗ Thị Uyên,sv21135694@student.edu.vn,0934326014,STUDENT
21135695,123456,Lê Bảo Bảo,sv21135695@student.edu.vn,0925939606,STUDENT
21135696,123456,Phan Hoàng Nam,sv21135696@student.edu.vn,0930389554,STUDENT
21135697,123456,Đinh Quang Nam,sv21135697@student.edu.vn,0939966271,STUDENT
21135698,123456,Đặng Đức Duy,sv21135698@student.edu.vn,0943763497,STUDENT
21135699,123456,Nguyễn Hải Thảo,sv21135699@student.edu.vn,0927608939,STUDENT
21135700,123456,Phạm Hoàng Phúc,sv21135700@student.edu.vn,0924231527,STUDENT
21135701,123456,Đoàn Quang Lộc,sv21135701@student.edu.vn,0965729935,STUDENT
21135702,123456,Dương Thị Cường,sv21135702@student.edu.vn,0959640402,STUDENT
21135703,123456,Phạm Xuân Hiếu,sv21135703@student.edu.vn,0958380971,STUDENT
21135704,123456,Đặng Văn Vân,sv21135704@student.edu.vn,0984945099,STUDENT
21135705,123456,Phan Thị Xuân,sv21135705@student.edu.vn,0946979645,STUDENT
21135706,123456,Cao Tuấn Duy,sv21135706@student.edu.vn,0932623381,STUDENT
21135707,123456,Lâm Thiện Thảo,sv21135707@student.edu.vn,0998639854,STUDENT
21135708,123456,Đoàn Hồng Em,sv21135708@student.edu.vn,0945318486,STUDENT
21135709,123456,Ngô Minh Đạt,sv21135709@student.edu.vn,0994643792,STUDENT
21135710,123456,Đặng Trung Hà,sv21135710@student.edu.vn,0949210410,STUDENT
21135711,123456,Hà Anh Vinh,sv21135711@student.edu.vn,0936479294,STUDENT
21135712,123456,Phan Hải An,sv21135712@student.edu.vn,0915766146,STUDENT
21135713,123456,Hồ Minh Trí,sv21135713@student.edu.vn,0936205983,STUDENT
21135714,123456,Phạm Hữu Inh,sv21135714@student.edu.vn,0949978558,STUDENT
21135715,123456,Hoàng Xuân An,sv21135715@student.edu.vn,0989705381,STUDENT
21135716,123456,Đinh Hồng Hương,sv21135716@student.edu.vn,0925781373,STUDENT
21135717,123456,Nguyễn Xuân Rạng,sv21135717@student.edu.vn,0976675007,STUDENT
21135718,123456,Tạ Trung Rạng,sv21135718@student.edu.vn,0937199454,STUDENT
21135719,123456,Vũ Xuân Hương,sv21135719@student.edu.vn,0966066489,STUDENT
21135720,123456,Đinh Đức Phúc,sv21135720@student.edu.vn,0949668606,STUDENT
21135721,123456,Lê Thị An,sv21135721@student.edu.vn,0991511208,STUDENT
21135722,123456,Võ Thu Hương,sv21135722@student.edu.vn,0981940706,STUDENT
21135723,123456,Phạm Xuân Phong,sv21135723@student.edu.vn,0918228190,STUDENT
21135724,123456,Hoàng Anh Duy,sv21135724@student.edu.vn,0958200197,STUDENT
21135725,123456,Bùi Thanh Tâm,sv21135725@student.edu.vn,0977123889,STUDENT
21135726,123456,Mai Minh Uyên,sv21135726@student.edu.vn,0992782381,STUDENT
21135727,123456,Ngô Gia Thảo,sv21135727@student.edu.vn,0956858865,STUDENT
21135728,123456,Võ Quốc Oanh,sv21135728@student.edu.vn,0937456671,STUDENT
21135729,123456,Đinh Hữu Duy,sv21135729@student.edu.vn,0981688219,STUDENT
21135730,123456,Nguyễn Hồng Phát,sv21135730@student.edu.vn,0924271680,STUDENT
21135731,123456,Trần Hồng Minh,sv21135731@student.edu.vn,0970567911,STUDENT
21135732,123456,Huỳnh Tuấn Trung,sv21135732@student.edu.vn,0988858220,STUDENT
21135733,123456,Hồ Văn Hùng,sv21135733@student.edu.vn,0963314287,STUDENT
21135734,123456,Hồ Anh Huy,sv21135734@student.edu.vn,0940843291,STUDENT
21135735,123456,Đinh Thanh Minh,sv21135735@student.edu.vn,0921573443,STUDENT
21135736,123456,Lê Văn Hùng,sv21135736@student.edu.vn,0929377030,STUDENT
21135737,123456,Đặng Xuân Huy,sv21135737@student.edu.vn,0937265127,STUDENT
21135738,123456,Đỗ Hải Trinh,sv21135738@student.edu.vn,0965555882,STUDENT
21135739,123456,Mai Hải An,sv21135739@student.edu.vn,0983770690,STUDENT
21135740,123456,Vũ Hải Phong,sv21135740@student.edu.vn,0963812517,STUDENT
21135741,123456,Trần Hữu Trí,sv21135741@student.edu.vn,0973929087,STUDENT
21135742,123456,Lâm Văn Quân,sv21135742@student.edu.vn,0971432221,STUDENT
21135743,123456,Hà Văn Tài,sv21135743@student.edu.vn,0913854838,STUDENT
21135744,123456,Phạm Quốc Bình,sv21135744@student.edu.vn,0914691700,STUDENT
21135745,123456,Lâm Quang Phát,sv21135745@student.edu.vn,0990117199,STUDENT
21135746,123456,Phạm Gia Hương,sv21135746@student.edu.vn,0960760524,STUDENT
21135747,123456,Cao Thanh Kiệt,sv21135747@student.edu.vn,0996565905,STUDENT
21135748,123456,Ngô Kim Xuân,sv21135748@student.edu.vn,0915901592,STUDENT
21135749,123456,Đoàn Đức Phát,sv21135749@student.edu.vn,0916123396,STUDENT
21135750,123456,Phan Tuấn Bảo,sv21135750@student.edu.vn,0964036403,STUDENT
21135751,123456,Hoàng Hồng Hà,sv21135751@student.edu.vn,0994807270,STUDENT
21135752,123456,Dương Thiện Thảo,sv21135752@student.edu.vn,0954371289,STUDENT
21135753,123456,Trịnh Anh Trí,sv21135753@student.edu.vn,0998007884,STUDENT
21135754,123456,Dương Gia Trí,sv21135754@student.edu.vn,0921833301,STUDENT
21135755,123456,Võ Phương Xuân,sv21135755@student.edu.vn,0977188002,STUDENT
21135756,123456,Vũ Hải Quân,sv21135756@student.edu.vn,0916745975,STUDENT
21135757,123456,Hoàng Bảo Đạt,sv21135757@student.edu.vn,0919341417,STUDENT
21135758,123456,Phan Ngọc Vân,sv21135758@student.edu.vn,0988949743,STUDENT
21135759,123456,Lê Nhật Hùng,sv21135759@student.edu.vn,0959794591,STUDENT
21135760,123456,Trịnh Thanh Lộc,sv21135760@student.edu.vn,0913163534,STUDENT
21135761,123456,Võ Thu Phúc,sv21135761@student.edu.vn,0971470572,STUDENT
21135762,123456,Phan Bảo Huy,sv21135762@student.edu.vn,0940867903,STUDENT
21135763,123456,Võ Hồng Nhật,sv21135763@student.edu.vn,0925832724,STUDENT
21135764,123456,Đỗ Hải Trang,sv21135764@student.edu.vn,0939843335,STUDENT
21135765,123456,Phan Hồng Cường,sv21135765@student.edu.vn,0952566015,STUDENT
21135766,123456,Huỳnh Thanh Hà,sv21135766@student.edu.vn,0930988938,STUDENT
21135767,123456,Võ Đức Phong,sv21135767@student.edu.vn,0973793722,STUDENT
21135768,123456,Nguyễn Hữu Hùng,sv21135768@student.edu.vn,0955194316,STUDENT
21135769,123456,Nguyễn Hữu Giang,sv21135769@student.edu.vn,0920456459,STUDENT
21135770,123456,Lý Quốc Yến,sv21135770@student.edu.vn,0952675996,STUDENT
21135771,123456,Tạ Gia Sơn,sv21135771@student.edu.vn,0920801579,STUDENT
21135772,123456,Đặng Thanh Giang,sv21135772@student.edu.vn,0917384671,STUDENT
21135773,123456,Huỳnh Văn Hiếu,sv21135773@student.edu.vn,0968295513,STUDENT
21135774,123456,Hoàng Bảo Tùng,sv21135774@student.edu.vn,0922195620,STUDENT
21135775,123456,Đặng Hải Em,sv21135775@student.edu.vn,0988592026,STUDENT
21135776,123456,Lâm Duy Phát,sv21135776@student.edu.vn,0937926251,STUDENT
21135777,123456,Hồ Anh Trang,sv21135777@student.edu.vn,0921373507,STUDENT
21135778,123456,Bùi Thị Rạng,sv21135778@student.edu.vn,0961730605,STUDENT
21135779,123456,Hà Gia Hương,sv21135779@student.edu.vn,0944166801,STUDENT
21135780,123456,Lê Anh An,sv21135780@student.edu.vn,0925730224,STUDENT
21135781,123456,Lâm Xuân Uyên,sv21135781@student.edu.vn,0965379730,STUDENT
21135782,123456,Võ Xuân Nam,sv21135782@student.edu.vn,0992088147,STUDENT
21135783,123456,Tạ Đức Hương,sv21135783@student.edu.vn,0925265703,STUDENT
21135784,123456,Phan Kim Quân,sv21135784@student.edu.vn,0968388489,STUDENT
21135785,123456,Đỗ Xuân Rạng,sv21135785@student.edu.vn,0945425790,STUDENT
21135786,123456,Trần Thu Bình,sv21135786@student.edu.vn,0996101459,STUDENT
21135787,123456,Phạm Văn Rạng,sv21135787@student.edu.vn,0974872540,STUDENT
21135788,123456,Đoàn Thanh Hùng,sv21135788@student.edu.vn,0991856589,STUDENT
21135789,123456,Hoàng Phương Nhật,sv21135789@student.edu.vn,0937675798,STUDENT
21135790,123456,Tạ Anh Em,sv21135790@student.edu.vn,0918227320,STUDENT
21135791,123456,Lê Trung Hương,sv21135791@student.edu.vn,0934756887,STUDENT
21135792,123456,Đặng Thu Tâm,sv21135792@student.edu.vn,0961585224,STUDENT
21135793,123456,Ngô Phương Hùng,sv21135793@student.edu.vn,0916621639,STUDENT
21135794,123456,Đặng Kim Tùng,sv21135794@student.edu.vn,0976368438,STUDENT
21135795,123456,Ngô Thị Linh,sv21135795@student.edu.vn,0917414955,STUDENT
21135796,123456,Đoàn Nhật An,sv21135796@student.edu.vn,0971253593,STUDENT
21135797,123456,Dương Văn Nga,sv21135797@student.edu.vn,0962286981,STUDENT
21135798,123456,Đỗ Nhật Trí,sv21135798@student.edu.vn,0982567883,STUDENT
21135799,123456,Cao Xuân Tùng,sv21135799@student.edu.vn,0924565446,STUDENT
21135800,123456,Vũ Phương Phong,sv21135800@student.edu.vn,0914291907,STUDENT
21135801,123456,Mai Anh Vinh,sv21135801@student.edu.vn,0974082249,STUDENT
21135802,123456,Đỗ Hữu Hiếu,sv21135802@student.edu.vn,0915722742,STUDENT
21135803,123456,Đoàn Thiện Khánh,sv21135803@student.edu.vn,0966195817,STUDENT
21135804,123456,Vũ Duy Trinh,sv21135804@student.edu.vn,0987795279,STUDENT
21135805,123456,Lê Thị Quân,sv21135805@student.edu.vn,0927971781,STUDENT
21135806,123456,Đoàn Đức Phong,sv21135806@student.edu.vn,0929523032,STUDENT
21135807,123456,Đặng Gia Lộc,sv21135807@student.edu.vn,0930414489,STUDENT
21135808,123456,Vũ Văn Quân,sv21135808@student.edu.vn,0938624149,STUDENT
21135809,123456,Phan Gia Nga,sv21135809@student.edu.vn,0965990108,STUDENT
21135810,123456,Dương Trung Thành,sv21135810@student.edu.vn,0944631728,STUDENT
21135811,123456,Võ Nhật Nga,sv21135811@student.edu.vn,0999402937,STUDENT
21135812,123456,Hoàng Xuân Toàn,sv21135812@student.edu.vn,0914881591,STUDENT
21135813,123456,Trần Nhật Lộc,sv21135813@student.edu.vn,0910207742,STUDENT
21135814,123456,Tạ Tuấn Quân,sv21135814@student.edu.vn,0989062133,STUDENT
21135815,123456,Lâm Thị Tài,sv21135815@student.edu.vn,0929426815,STUDENT
21135816,123456,Vũ Ngọc Quân,sv21135816@student.edu.vn,0956950209,STUDENT
21135817,123456,Cao Phương Khánh,sv21135817@student.edu.vn,0997931377,STUDENT
21135818,123456,Hà Thanh Rạng,sv21135818@student.edu.vn,0935636252,STUDENT
21135819,123456,Cao Thu Hùng,sv21135819@student.edu.vn,0960074197,STUDENT
21135820,123456,Đoàn Tuấn Huy,sv21135820@student.edu.vn,0933439082,STUDENT
21135821,123456,Lê Quốc Hiếu,sv21135821@student.edu.vn,0974511152,STUDENT
21135822,123456,Bùi Hải Khoa,sv21135822@student.edu.vn,0950137228,STUDENT
21135823,123456,Ngô Thiện Em,sv21135823@student.edu.vn,0967216039,STUDENT
21135824,123456,Phạm Bảo Bảo,sv21135824@student.edu.vn,0933591992,STUDENT
21135825,123456,Hồ Phương Hương,sv21135825@student.edu.vn,0917629607,STUDENT
21135826,123456,Cao Phương Minh,sv21135826@student.edu.vn,0934639563,STUDENT
21135827,123456,Đặng Thanh Nam,sv21135827@student.edu.vn,0977566753,STUDENT
21135828,123456,Mai Hữu Huy,sv21135828@student.edu.vn,0933641903,STUDENT
21135829,123456,Bùi Nhật Tài,sv21135829@student.edu.vn,0957886923,STUDENT
21135830,123456,Huỳnh Đức Em,sv21135830@student.edu.vn,0988697617,STUDENT
21135831,123456,Nguyễn Hoàng Hiếu,sv21135831@student.edu.vn,0985829961,STUDENT
21135832,123456,Dương Thanh Khánh,sv21135832@student.edu.vn,0913259296,STUDENT
21135833,123456,Vũ Hải Hương,sv21135833@student.edu.vn,0910463763,STUDENT
21135834,123456,Lê Phương Kiệt,sv21135834@student.edu.vn,0951664947,STUDENT
21135835,123456,Đặng Ngọc Trung,sv21135835@student.edu.vn,0998251995,STUDENT
21135836,123456,Phạm Anh Phúc,sv21135836@student.edu.vn,0947511834,STUDENT
21135837,123456,Dương Thanh Yến,sv21135837@student.edu.vn,0973992760,STUDENT
21135838,123456,Đỗ Phương Trinh,sv21135838@student.edu.vn,0958031088,STUDENT
21135839,123456,Đinh Thu Nam,sv21135839@student.edu.vn,0988197456,STUDENT
21135840,123456,Cao Hữu Kiệt,sv21135840@student.edu.vn,0994121958,STUDENT
21135841,123456,Nguyễn Thu Hùng,sv21135841@student.edu.vn,0992115989,STUDENT
21135842,123456,Đỗ Hoàng Vân,sv21135842@student.edu.vn,0989792690,STUDENT
21135843,123456,Đoàn Hồng An,sv21135843@student.edu.vn,0941636529,STUDENT
21135844,123456,Ngô Hoàng Nga,sv21135844@student.edu.vn,0967907781,STUDENT
21135845,123456,Võ Quốc Kiệt,sv21135845@student.edu.vn,0923868934,STUDENT
21135846,123456,Vũ Hữu Sơn,sv21135846@student.edu.vn,0923083589,STUDENT
21135847,123456,Lý Ngọc Phong,sv21135847@student.edu.vn,0926343139,STUDENT
21135848,123456,Trịnh Hải Cường,sv21135848@student.edu.vn,0921970979,STUDENT
21135849,123456,Lê Thanh Duy,sv21135849@student.edu.vn,0952536479,STUDENT
21135850,123456,Trịnh Hữu Hà,sv21135850@student.edu.vn,0977153288,STUDENT
21135851,123456,Trần Tuấn Nam,sv21135851@student.edu.vn,0941371819,STUDENT
21135852,123456,Phạm Thị Em,sv21135852@student.edu.vn,0980277313,STUDENT
21135853,123456,Đặng Tuấn Inh,sv21135853@student.edu.vn,0964832530,STUDENT
21135854,123456,Huỳnh Phương Thảo,sv21135854@student.edu.vn,0955503767,STUDENT
21135855,123456,Đặng Thu Thắng,sv21135855@student.edu.vn,0986733380,STUDENT
21135856,123456,Bùi Kim Uyên,sv21135856@student.edu.vn,0993676819,STUDENT
21135857,123456,Hoàng Hải Xuân,sv21135857@student.edu.vn,0983067430,STUDENT
21135858,123456,Hoàng Minh Tài,sv21135858@student.edu.vn,0979334462,STUDENT
21135859,123456,Hoàng Đức Kiệt,sv21135859@student.edu.vn,0982539886,STUDENT
21135860,123456,Phan Tuấn Hương,sv21135860@student.edu.vn,0914215389,STUDENT
21135861,123456,Cao Gia Hùng,sv21135861@student.edu.vn,0930019310,STUDENT
21135862,123456,Mai Thị Quân,sv21135862@student.edu.vn,0921908780,STUDENT
21135863,123456,Đoàn Nhật Oanh,sv21135863@student.edu.vn,0972016376,STUDENT
21135864,123456,Hà Hữu Cường,sv21135864@student.edu.vn,0951505033,STUDENT
21135865,123456,Võ Quang Hà,sv21135865@student.edu.vn,0934650774,STUDENT
21135866,123456,Mai Thanh Rạng,sv21135866@student.edu.vn,0922300067,STUDENT
21135867,123456,Lê Anh Minh,sv21135867@student.edu.vn,0962676919,STUDENT
21135868,123456,Mai Phương Phúc,sv21135868@student.edu.vn,0919647499,STUDENT
21135869,123456,Cao Ngọc Phúc,sv21135869@student.edu.vn,0987614087,STUDENT
21135870,123456,Hà Hải Linh,sv21135870@student.edu.vn,0957608048,STUDENT
21135871,123456,Tạ Nhật Tâm,sv21135871@student.edu.vn,0923823995,STUDENT
21135872,123456,Đinh Hoàng Đạt,sv21135872@student.edu.vn,0969132729,STUDENT
21135873,123456,Lý Anh Xuân,sv21135873@student.edu.vn,0981572431,STUDENT
21135874,123456,Hồ Đức Toàn,sv21135874@student.edu.vn,0980685468,STUDENT
21135875,123456,Tạ Hải Phát,sv21135875@student.edu.vn,0957328902,STUDENT
21135876,123456,Bùi Hồng Cường,sv21135876@student.edu.vn,0977739952,STUDENT
21135877,123456,Ngô Thiện Lan,sv21135877@student.edu.vn,0911453704,STUDENT
21135878,123456,Đoàn Văn Nhật,sv21135878@student.edu.vn,0919816972,STUDENT
21135879,123456,Hoàng Minh Yến,sv21135879@student.edu.vn,0927398703,STUDENT
21135880,123456,Ngô Minh Thắng,sv21135880@student.edu.vn,0983079093,STUDENT
21135881,123456,Ngô Xuân Giang,sv21135881@student.edu.vn,0994002846,STUDENT
21135882,123456,Vũ Hoàng Duy,sv21135882@student.edu.vn,0979927642,STUDENT
21135883,123456,Bùi Thu Hương,sv21135883@student.edu.vn,0971695441,STUDENT
21135884,123456,Trịnh Xuân An,sv21135884@student.edu.vn,0986177081,STUDENT
21135885,123456,Hoàng Duy Bảo,sv21135885@student.edu.vn,0976390222,STUDENT
21135886,123456,Đỗ Văn Lan,sv21135886@student.edu.vn,0941624067,STUDENT
21135887,123456,Hoàng Thanh Hiếu,sv21135887@student.edu.vn,0960453955,STUDENT
21135888,123456,Huỳnh Ngọc Hùng,sv21135888@student.edu.vn,0941410547,STUDENT
21135889,123456,Đặng Phương Nhật,sv21135889@student.edu.vn,0976731529,STUDENT
21135890,123456,Phan Thanh Phát,sv21135890@student.edu.vn,0928665959,STUDENT
21135891,123456,Mai Thiện Phát,sv21135891@student.edu.vn,0968137260,STUDENT
21135892,123456,Hà Hữu Kiệt,sv21135892@student.edu.vn,0997807980,STUDENT
21135893,123456,Phan Đức Inh,sv21135893@student.edu.vn,0927989106,STUDENT
21135894,123456,Tạ Hải Yến,sv21135894@student.edu.vn,0968004006,STUDENT
21135895,123456,Lê Đức Trinh,sv21135895@student.edu.vn,0918903279,STUDENT
21135896,123456,Hoàng Quốc Đạt,sv21135896@student.edu.vn,0979689759,STUDENT
21135897,123456,Vũ Anh Nam,sv21135897@student.edu.vn,0973135390,STUDENT
21135898,123456,Hà Đức Sơn,sv21135898@student.edu.vn,0952410193,STUDENT
21135899,123456,Tạ Anh Trí,sv21135899@student.edu.vn,0953951024,STUDENT
21135900,123456,Võ Tuấn Trí,sv21135900@student.edu.vn,0936202378,STUDENT
21135901,123456,Lâm Thị Minh,sv21135901@student.edu.vn,0985962121,STUDENT
21135902,123456,Trần Phương Khánh,sv21135902@student.edu.vn,0918707526,STUDENT
21135903,123456,Phan Phương Thành,sv21135903@student.edu.vn,0987963048,STUDENT
21135904,123456,Tạ Thu Khoa,sv21135904@student.edu.vn,0961212920,STUDENT
21135905,123456,Đặng Phương Hiếu,sv21135905@student.edu.vn,0917386657,STUDENT
21135906,123456,Phạm Hữu Oanh,sv21135906@student.edu.vn,0997687443,STUDENT
21135907,123456,Lâm Hoàng Vinh,sv21135907@student.edu.vn,0934732648,STUDENT
21135908,123456,Huỳnh Trung Duy,sv21135908@student.edu.vn,0925046307,STUDENT
21135909,123456,Tạ Quốc Yến,sv21135909@student.edu.vn,0986175942,STUDENT
21135910,123456,Đỗ Phương Xuân,sv21135910@student.edu.vn,0921961303,STUDENT
21135911,123456,Mai Minh Hiếu,sv21135911@student.edu.vn,0927753959,STUDENT
21135912,123456,Nguyễn Đức Bảo,sv21135912@student.edu.vn,0950832208,STUDENT
21135913,123456,Lâm Thiện Trung,sv21135913@student.edu.vn,0963490047,STUDENT
21135914,123456,Phan Hữu Uyên,sv21135914@student.edu.vn,0975529414,STUDENT
21135915,123456,Trần Thu Nam,sv21135915@student.edu.vn,0914002314,STUDENT
21135916,123456,Phan Tuấn Tâm,sv21135916@student.edu.vn,0914497693,STUDENT
21135917,123456,Đỗ Hoàng Nhật,sv21135917@student.edu.vn,0990885156,STUDENT
21135918,123456,Đinh Văn Hương,sv21135918@student.edu.vn,0958992491,STUDENT
21135919,123456,Võ Quốc Đạt,sv21135919@student.edu.vn,0931492514,STUDENT
21135920,123456,Bùi Thị Lan,sv21135920@student.edu.vn,0947832579,STUDENT
21135921,123456,Hoàng Văn Giang,sv21135921@student.edu.vn,0991819431,STUDENT
21135922,123456,Võ Đức Cường,sv21135922@student.edu.vn,0967103342,STUDENT
21135923,123456,Lê Quốc Lan,sv21135923@student.edu.vn,0949829572,STUDENT
21135924,123456,Cao Thị Cường,sv21135924@student.edu.vn,0922734775,STUDENT
21135925,123456,Vũ Hồng Trung,sv21135925@student.edu.vn,0933269401,STUDENT
21135926,123456,Tạ Ngọc Kiệt,sv21135926@student.edu.vn,0925217689,STUDENT
21135927,123456,Vũ Quốc Bình,sv21135927@student.edu.vn,0978919772,STUDENT
21135928,123456,Phan Hồng Khánh,sv21135928@student.edu.vn,0962317887,STUDENT
21135929,123456,Cao Xuân Sơn,sv21135929@student.edu.vn,0965748096,STUDENT
21135930,123456,Đỗ Bảo Bình,sv21135930@student.edu.vn,0947167511,STUDENT
21135931,123456,Nguyễn Phương Inh,sv21135931@student.edu.vn,0949240455,STUDENT
21135932,123456,Đinh Minh Đạt,sv21135932@student.edu.vn,0954094393,STUDENT
21135933,123456,Cao Văn Nam,sv21135933@student.edu.vn,0936774468,STUDENT
21135934,123456,Trần Văn Bình,sv21135934@student.edu.vn,0922174431,STUDENT
21135935,123456,Nguyễn Đức Vinh,sv21135935@student.edu.vn,0991734971,STUDENT
21135936,123456,Võ Minh Thành,sv21135936@student.edu.vn,0959537785,STUDENT
21135937,123456,Cao Hoàng Nam,sv21135937@student.edu.vn,0914606497,STUDENT
21135938,123456,Lâm Thị Vinh,sv21135938@student.edu.vn,0985233949,STUDENT
21135939,123456,Lâm Gia Sơn,sv21135939@student.edu.vn,0986422126,STUDENT
21135940,123456,Lê Thanh Nhật,sv21135940@student.edu.vn,0933589788,STUDENT
21135941,123456,Hà Quốc Long,sv21135941@student.edu.vn,0972649229,STUDENT
21135942,123456,Ngô Nhật Huy,sv21135942@student.edu.vn,0919792145,STUDENT
21135943,123456,Ngô Nhật Vân,sv21135943@student.edu.vn,0988956483,STUDENT
21135944,123456,Hà Duy Thành,sv21135944@student.edu.vn,0936056550,STUDENT
21135945,123456,Đoàn Hoàng Phúc,sv21135945@student.edu.vn,0955771418,STUDENT
21135946,123456,Đinh Kim Lộc,sv21135946@student.edu.vn,0983640661,STUDENT
21135947,123456,Ngô Quốc Trinh,sv21135947@student.edu.vn,0940355730,STUDENT
21135948,123456,Hoàng Minh Cường,sv21135948@student.edu.vn,0921738465,STUDENT
21135949,123456,Trần Bảo Minh,sv21135949@student.edu.vn,0991466343,STUDENT
21135950,123456,Tạ Thiện Hương,sv21135950@student.edu.vn,0983269973,STUDENT
21135951,123456,Lâm Phương Kiệt,sv21135951@student.edu.vn,0956093753,STUDENT
21135952,123456,Đoàn Anh Yến,sv21135952@student.edu.vn,0984116493,STUDENT
21135953,123456,Huỳnh Quang Tài,sv21135953@student.edu.vn,0927687430,STUDENT
21135954,123456,Vũ Xuân Thành,sv21135954@student.edu.vn,0962180433,STUDENT
21135955,123456,Đinh Thiện Kiệt,sv21135955@student.edu.vn,0980011836,STUDENT
21135956,123456,Phạm Phương Bình,sv21135956@student.edu.vn,0929195180,STUDENT
21135957,123456,Mai Anh Quân,sv21135957@student.edu.vn,0959615930,STUDENT
21135958,123456,Hồ Gia Em,sv21135958@student.edu.vn,0999242475,STUDENT
21135959,123456,Hồ Kim Kiệt,sv21135959@student.edu.vn,0983272375,STUDENT
21135960,123456,Trịnh Hoàng Inh,sv21135960@student.edu.vn,0963992364,STUDENT
21135961,123456,Hà Kim Giang,sv21135961@student.edu.vn,0950132461,STUDENT
21135962,123456,Bùi Minh Lan,sv21135962@student.edu.vn,0921614874,STUDENT
21135963,123456,Cao Hữu Nga,sv21135963@student.edu.vn,0926885165,STUDENT
21135964,123456,Hà Kim Trung,sv21135964@student.edu.vn,0944327364,STUDENT
21135965,123456,Huỳnh Trung Tâm,sv21135965@student.edu.vn,0961841716,STUDENT
21135966,123456,Đặng Trung Nhật,sv21135966@student.edu.vn,0932824772,STUDENT
21135967,123456,Cao Quang Tâm,sv21135967@student.edu.vn,0922191154,STUDENT
21135968,123456,Phan Thu Xuân,sv21135968@student.edu.vn,0962234617,STUDENT
21135969,123456,Mai Xuân Tùng,sv21135969@student.edu.vn,0944821733,STUDENT
21135970,123456,Đỗ Thị Hùng,sv21135970@student.edu.vn,0939573521,STUDENT
21135971,123456,Ngô Trung Linh,sv21135971@student.edu.vn,0983085811,STUDENT
21135972,123456,Vũ Duy Yến,sv21135972@student.edu.vn,0954202438,STUDENT
21135973,123456,Phan Xuân Thắng,sv21135973@student.edu.vn,0967974074,STUDENT
21135974,123456,Nguyễn Minh Oanh,sv21135974@student.edu.vn,0912834568,STUDENT
21135975,123456,Dương Tuấn Bảo,sv21135975@student.edu.vn,0920567553,STUDENT
21135976,123456,Hoàng Hữu Đạt,sv21135976@student.edu.vn,0965771515,STUDENT
21135977,123456,Trần Kim Toàn,sv21135977@student.edu.vn,0913438198,STUDENT
21135978,123456,Trần Văn Nhật,sv21135978@student.edu.vn,0940709124,STUDENT
21135979,123456,Hồ Văn Đạt,sv21135979@student.edu.vn,0943662797,STUDENT
21135980,123456,Lâm Đức Hùng,sv21135980@student.edu.vn,0977200401,STUDENT
21135981,123456,Đinh Phương Bình,sv21135981@student.edu.vn,0969100337,STUDENT
21135982,123456,Hoàng Ngọc Hà,sv21135982@student.edu.vn,0978561044,STUDENT
21135983,123456,Lâm Thanh Tâm,sv21135983@student.edu.vn,0928547413,STUDENT
21135984,123456,Hoàng Ngọc Linh,sv21135984@student.edu.vn,0961753210,STUDENT
21135985,123456,Đặng Kim Trí,sv21135985@student.edu.vn,0958694111,STUDENT
21135986,123456,Huỳnh Anh Thảo,sv21135986@student.edu.vn,0983418888,STUDENT
21135987,123456,Trần Hải Nhật,sv21135987@student.edu.vn,0973269309,STUDENT
21135988,123456,Vũ Thanh Toàn,sv21135988@student.edu.vn,0947314418,STUDENT
21135989,123456,Lý Gia Giang,sv21135989@student.edu.vn,0913406022,STUDENT
21135990,123456,Vũ Bảo Duy,sv21135990@student.edu.vn,0977400513,STUDENT
21135991,123456,Huỳnh Anh Khánh,sv21135991@student.edu.vn,0981324611,STUDENT
21135992,123456,Võ Tuấn Minh,sv21135992@student.edu.vn,0960957643,STUDENT
21135993,123456,Đinh Minh Hương,sv21135993@student.edu.vn,0960711418,STUDENT
21135994,123456,Nguyễn Thị Bình,sv21135994@student.edu.vn,0919887390,STUDENT
21135995,123456,Lâm Văn Huy,sv21135995@student.edu.vn,0958403960,STUDENT
21135996,123456,Phạm Bảo Đạt,sv21135996@student.edu.vn,0930184163,STUDENT
21135997,123456,Hoàng Nhật Rạng,sv21135997@student.edu.vn,0975444811,STUDENT
21135998,123456,Nguyễn Thu Oanh,sv21135998@student.edu.vn,0996038981,STUDENT
21135999,123456,Hồ Xuân Trinh,sv21135999@student.edu.vn,0930665914,STUDENT
21136000,123456,Dương Hồng Duy,sv21136000@student.edu.vn,0929226577,STUDENT
21136001,123456,Ngô Thiện Inh,sv21136001@student.edu.vn,0927170773,STUDENT
21136002,123456,Đinh Quốc Tài,sv21136002@student.edu.vn,0936046907,STUDENT
21136003,123456,Nguyễn Quốc Tùng,sv21136003@student.edu.vn,0989248070,STUDENT
21136004,123456,Hồ Trung Toàn,sv21136004@student.edu.vn,0954202128,STUDENT
21136005,123456,Lý Quang Duy,sv21136005@student.edu.vn,0985333696,STUDENT
21136006,123456,Tạ Thanh Quân,sv21136006@student.edu.vn,0968586558,STUDENT
21136007,123456,Đỗ Bảo Long,sv21136007@student.edu.vn,0999823749,STUDENT
21136008,123456,Nguyễn Kim Cường,sv21136008@student.edu.vn,0964534352,STUDENT
21136009,123456,Hồ Kim Giang,sv21136009@student.edu.vn,0952150909,STUDENT
21136010,123456,Mai Văn Nga,sv21136010@student.edu.vn,0913609127,STUDENT
21136011,123456,Lý Hải Cường,sv21136011@student.edu.vn,0968373863,STUDENT
21136012,123456,Đoàn Xuân Bình,sv21136012@student.edu.vn,0951671741,STUDENT
21136013,123456,Ngô Hồng Trung,sv21136013@student.edu.vn,0970913705,STUDENT
21136014,123456,Huỳnh Kim Khánh,sv21136014@student.edu.vn,0976385692,STUDENT
21136015,123456,Tạ Thanh Tùng,sv21136015@student.edu.vn,0943174287,STUDENT
21136016,123456,Lâm Minh Minh,sv21136016@student.edu.vn,0935677549,STUDENT
21136017,123456,Vũ Tuấn Toàn,sv21136017@student.edu.vn,0919056781,STUDENT
21136018,123456,Trần Trung Phúc,sv21136018@student.edu.vn,0921612413,STUDENT
21136019,123456,Hồ Phương Giang,sv21136019@student.edu.vn,0971439510,STUDENT
21136020,123456,Lê Thanh Sơn,sv21136020@student.edu.vn,0929817248,STUDENT
21136021,123456,Lê Quang Long,sv21136021@student.edu.vn,0921500809,STUDENT
21136022,123456,Phạm Nhật Hà,sv21136022@student.edu.vn,0988895113,STUDENT
21136023,123456,Đặng Quốc Hùng,sv21136023@student.edu.vn,0967247751,STUDENT
21136024,123456,Dương Ngọc Nam,sv21136024@student.edu.vn,0977254596,STUDENT
21136025,123456,Hồ Văn Giang,sv21136025@student.edu.vn,0946083959,STUDENT
21136026,123456,Lê Nhật Toàn,sv21136026@student.edu.vn,0980885244,STUDENT
21136027,123456,Bùi Phương Thành,sv21136027@student.edu.vn,0925371574,STUDENT
21136028,123456,Tạ Gia Xuân,sv21136028@student.edu.vn,0913147795,STUDENT
21136029,123456,Trịnh Đức Phát,sv21136029@student.edu.vn,0920942999,STUDENT
21136030,123456,Trần Bảo Trí,sv21136030@student.edu.vn,0981883247,STUDENT
21136031,123456,Nguyễn Đức Hùng,sv21136031@student.edu.vn,0992217229,STUDENT
21136032,123456,Bùi Hoàng Giang,sv21136032@student.edu.vn,0923023392,STUDENT
21136033,123456,Hoàng Hữu Trang,sv21136033@student.edu.vn,0951518221,STUDENT
21136034,123456,Ngô Hải Nhật,sv21136034@student.edu.vn,0950122307,STUDENT
21136035,123456,Lê Hữu Khánh,sv21136035@student.edu.vn,0940897173,STUDENT
21136036,123456,Đỗ Văn Thắng,sv21136036@student.edu.vn,0939367656,STUDENT
21136037,123456,Hồ Hoàng Hà,sv21136037@student.edu.vn,0982693076,STUDENT
21136038,123456,Hoàng Bảo Nam,sv21136038@student.edu.vn,0967482489,STUDENT
21136039,123456,Tạ Minh Trung,sv21136039@student.edu.vn,0996560555,STUDENT
21136040,123456,Trần Kim Khoa,sv21136040@student.edu.vn,0988478245,STUDENT
21136041,123456,Huỳnh Ngọc Duy,sv21136041@student.edu.vn,0977217534,STUDENT
21136042,123456,Hồ Đức Trí,sv21136042@student.edu.vn,0997744844,STUDENT
21136043,123456,Phạm Nhật Tâm,sv21136043@student.edu.vn,0977991070,STUDENT
21136044,123456,Lê Hoàng Tâm,sv21136044@student.edu.vn,0972699106,STUDENT
21136045,123456,Mai Đức Oanh,sv21136045@student.edu.vn,0944581207,STUDENT
21136046,123456,Vũ Tuấn Hà,sv21136046@student.edu.vn,0957239810,STUDENT
21136047,123456,Võ Quang Quân,sv21136047@student.edu.vn,0916614075,STUDENT
21136048,123456,Hà Phương Hiếu,sv21136048@student.edu.vn,0913301633,STUDENT
21136049,123456,Nguyễn Hữu Em,sv21136049@student.edu.vn,0911212221,STUDENT
21136050,123456,Lê Hoàng Lộc,sv21136050@student.edu.vn,0992332464,STUDENT
21136051,123456,Đặng Quang Linh,sv21136051@student.edu.vn,0921706205,STUDENT
21136052,123456,Đỗ Quang Long,sv21136052@student.edu.vn,0951119067,STUDENT
21136053,123456,Hà Đức Phong,sv21136053@student.edu.vn,0985245842,STUDENT
21136054,123456,Bùi Minh Phát,sv21136054@student.edu.vn,0933385843,STUDENT
21136055,123456,Hà Kim Bình,sv21136055@student.edu.vn,0986911280,STUDENT
21136056,123456,Lý Hoàng Lộc,sv21136056@student.edu.vn,0920050807,STUDENT
21136057,123456,Hà Thị Hùng,sv21136057@student.edu.vn,0989279450,STUDENT
21136058,123456,Cao Phương Minh,sv21136058@student.edu.vn,0925720151,STUDENT
21136059,123456,Huỳnh Quang Khánh,sv21136059@student.edu.vn,0929802177,STUDENT
21136060,123456,Tạ Bảo Kiệt,sv21136060@student.edu.vn,0912886370,STUDENT
21136061,123456,Võ Thiện Inh,sv21136061@student.edu.vn,0954809394,STUDENT
21136062,123456,Lý Xuân Toàn,sv21136062@student.edu.vn,0988886403,STUDENT
21136063,123456,Phạm Thu Phúc,sv21136063@student.edu.vn,0922110940,STUDENT
21136064,123456,Hồ Kim Uyên,sv21136064@student.edu.vn,0980807513,STUDENT
21136065,123456,Lâm Hải Trí,sv21136065@student.edu.vn,0919870158,STUDENT
21136066,123456,Hồ Quốc Tâm,sv21136066@student.edu.vn,0929282104,STUDENT
21136067,123456,Huỳnh Ngọc Uyên,sv21136067@student.edu.vn,0952712781,STUDENT
21136068,123456,Mai Minh Hà,sv21136068@student.edu.vn,0969916818,STUDENT
21136069,123456,Mai Gia An,sv21136069@student.edu.vn,0938699188,STUDENT
21136070,123456,Hồ Hữu Em,sv21136070@student.edu.vn,0993830871,STUDENT
21136071,123456,Bùi Kim Giang,sv21136071@student.edu.vn,0938785704,STUDENT
21136072,123456,Đoàn Ngọc Thành,sv21136072@student.edu.vn,0976501341,STUDENT
21136073,123456,Hồ Trung Phát,sv21136073@student.edu.vn,0972556802,STUDENT
21136074,123456,Lâm Thu Trung,sv21136074@student.edu.vn,0910586863,STUDENT
21136075,123456,Võ Quốc Phúc,sv21136075@student.edu.vn,0911398567,STUDENT
21136076,123456,Bùi Minh Thắng,sv21136076@student.edu.vn,0972116488,STUDENT
21136077,123456,Tạ Quốc Khánh,sv21136077@student.edu.vn,0994967529,STUDENT
21136078,123456,Trần Kim Trí,sv21136078@student.edu.vn,0961331663,STUDENT
21136079,123456,Đỗ Văn Yến,sv21136079@student.edu.vn,0972020250,STUDENT
21136080,123456,Phan Đức Vân,sv21136080@student.edu.vn,0988342839,STUDENT
21136081,123456,Lê Tuấn Vân,sv21136081@student.edu.vn,0925680480,STUDENT
21136082,123456,Vũ Đức Huy,sv21136082@student.edu.vn,0949932274,STUDENT
21136083,123456,Mai Quốc Huy,sv21136083@student.edu.vn,0982071653,STUDENT
21136084,123456,Dương Thu Kiệt,sv21136084@student.edu.vn,0939620136,STUDENT
21136085,123456,Vũ Bảo Trang,sv21136085@student.edu.vn,0989327338,STUDENT
21136086,123456,Lê Thị Nhật,sv21136086@student.edu.vn,0911359510,STUDENT
21136087,123456,Lê Quang An,sv21136087@student.edu.vn,0989262539,STUDENT
21136088,123456,Hoàng Trung Linh,sv21136088@student.edu.vn,0962473143,STUDENT
21136089,123456,Phan Gia Hùng,sv21136089@student.edu.vn,0938900060,STUDENT
21136090,123456,Dương Gia Oanh,sv21136090@student.edu.vn,0920093776,STUDENT
21136091,123456,Cao Xuân Nhật,sv21136091@student.edu.vn,0932382705,STUDENT
21136092,123456,Phan Nhật Lan,sv21136092@student.edu.vn,0931779972,STUDENT
21136093,123456,Võ Trung Phát,sv21136093@student.edu.vn,0929089494,STUDENT
21136094,123456,Nguyễn Minh Nga,sv21136094@student.edu.vn,0981225554,STUDENT
21136095,123456,Đặng Quang Nam,sv21136095@student.edu.vn,0973874465,STUDENT
21136096,123456,Hà Gia Lộc,sv21136096@student.edu.vn,0972108608,STUDENT
21136097,123456,Nguyễn Phương Giang,sv21136097@student.edu.vn,0935564956,STUDENT
21136098,123456,Hoàng Hải Linh,sv21136098@student.edu.vn,0980342402,STUDENT
21136099,123456,Cao Đức Uyên,sv21136099@student.edu.vn,0914679320,STUDENT
21136100,123456,Nguyễn Gia Đạt,sv21136100@student.edu.vn,0946783443,STUDENT
21136101,123456,Đinh Hữu Khánh,sv21136101@student.edu.vn,0967932475,STUDENT
21136102,123456,Lý Hồng Em,sv21136102@student.edu.vn,0940739842,STUDENT
21136103,123456,Dương Hữu Vinh,sv21136103@student.edu.vn,0921075110,STUDENT
21136104,123456,Đặng Đức Toàn,sv21136104@student.edu.vn,0982116434,STUDENT
21136105,123456,Lý Trung Khoa,sv21136105@student.edu.vn,0916009404,STUDENT
21136106,123456,Trịnh Ngọc Nga,sv21136106@student.edu.vn,0981945546,STUDENT
21136107,123456,Phạm Hồng Thành,sv21136107@student.edu.vn,0923383681,STUDENT
21136108,123456,Đỗ Tuấn Hùng,sv21136108@student.edu.vn,0997228807,STUDENT
21136109,123456,Tạ Kim Thành,sv21136109@student.edu.vn,0942745284,STUDENT
21136110,123456,Đặng Duy Minh,sv21136110@student.edu.vn,0964393390,STUDENT
21136111,123456,Võ Hoàng Long,sv21136111@student.edu.vn,0911498511,STUDENT
21136112,123456,Vũ Quang Inh,sv21136112@student.edu.vn,0966630590,STUDENT
21136113,123456,Tạ Hữu Nhật,sv21136113@student.edu.vn,0942524581,STUDENT
21136114,123456,Phạm Nhật Phong,sv21136114@student.edu.vn,0931269112,STUDENT
21136115,123456,Hồ Xuân Khánh,sv21136115@student.edu.vn,0950343310,STUDENT
21136116,123456,Bùi Minh Phát,sv21136116@student.edu.vn,0958892539,STUDENT
21136117,123456,Hồ Gia Lộc,sv21136117@student.edu.vn,0924933247,STUDENT
21136118,123456,Lý Văn Oanh,sv21136118@student.edu.vn,0912995511,STUDENT
21136119,123456,Vũ Hải Đạt,sv21136119@student.edu.vn,0916578465,STUDENT
21136120,123456,Đặng Quốc Hùng,sv21136120@student.edu.vn,0921729224,STUDENT
21136121,123456,Nguyễn Đức Phát,sv21136121@student.edu.vn,0928122092,STUDENT
21136122,123456,Hoàng Thanh Oanh,sv21136122@student.edu.vn,0946925910,STUDENT
21136123,123456,Đoàn Thị Nhật,sv21136123@student.edu.vn,0917127551,STUDENT
21136124,123456,Đoàn Đức Hiếu,sv21136124@student.edu.vn,0962681035,STUDENT
21136125,123456,Ngô Ngọc Trang,sv21136125@student.edu.vn,0976985932,STUDENT
21136126,123456,Võ Đức Inh,sv21136126@student.edu.vn,0930775369,STUDENT
21136127,123456,Đỗ Thiện An,sv21136127@student.edu.vn,0958392441,STUDENT
21136128,123456,Trịnh Gia Xuân,sv21136128@student.edu.vn,0912542756,STUDENT
21136129,123456,Lý Tuấn Nhật,sv21136129@student.edu.vn,0980122030,STUDENT
21136130,123456,Lâm Ngọc Phong,sv21136130@student.edu.vn,0969679391,STUDENT
21136131,123456,Bùi Hải Nhật,sv21136131@student.edu.vn,0918421380,STUDENT
21136132,123456,Hồ Đức Phúc,sv21136132@student.edu.vn,0922766580,STUDENT
21136133,123456,Lê Hữu Hà,sv21136133@student.edu.vn,0977400096,STUDENT
21136134,123456,Hà Bảo Long,sv21136134@student.edu.vn,0945245141,STUDENT
21136135,123456,Trịnh Minh Khoa,sv21136135@student.edu.vn,0921262866,STUDENT
21136136,123456,Đoàn Trung Thành,sv21136136@student.edu.vn,0975679875,STUDENT
21136137,123456,Hà Hữu Khoa,sv21136137@student.edu.vn,0930220470,STUDENT
21136138,123456,Mai Nhật Lan,sv21136138@student.edu.vn,0956056241,STUDENT
21136139,123456,Phan Quang Quân,sv21136139@student.edu.vn,0962101293,STUDENT
21136140,123456,Tạ Quốc Vinh,sv21136140@student.edu.vn,0992312666,STUDENT
21136141,123456,Lý Phương Hà,sv21136141@student.edu.vn,0914219645,STUDENT
21136142,123456,Nguyễn Minh Phúc,sv21136142@student.edu.vn,0978107662,STUDENT
21136143,123456,Tạ Tuấn Sơn,sv21136143@student.edu.vn,0915318665,STUDENT
21136144,123456,Hoàng Hồng Trí,sv21136144@student.edu.vn,0943374749,STUDENT
21136145,123456,Mai Văn Trang,sv21136145@student.edu.vn,0934764072,STUDENT
21136146,123456,Huỳnh Ngọc Hùng,sv21136146@student.edu.vn,0977130365,STUDENT
21136147,123456,Bùi Thiện Oanh,sv21136147@student.edu.vn,0995018750,STUDENT
21136148,123456,Huỳnh Thu Nam,sv21136148@student.edu.vn,0912903137,STUDENT
21136149,123456,Hoàng Kim Uyên,sv21136149@student.edu.vn,0919487162,STUDENT
21136150,123456,Trần Kim Thảo,sv21136150@student.edu.vn,0946923976,STUDENT
21136151,123456,Lý Bảo Long,sv21136151@student.edu.vn,0935584395,STUDENT
21136152,123456,Phan Văn Bảo,sv21136152@student.edu.vn,0970754879,STUDENT
21136153,123456,Lâm Duy Nam,sv21136153@student.edu.vn,0978736167,STUDENT
21136154,123456,Vũ Anh Hà,sv21136154@student.edu.vn,0953224218,STUDENT
21136155,123456,Vũ Hải Thành,sv21136155@student.edu.vn,0910474908,STUDENT
21136156,123456,Đặng Trung Khoa,sv21136156@student.edu.vn,0967823044,STUDENT
21136157,123456,Đỗ Ngọc Vinh,sv21136157@student.edu.vn,0938571164,STUDENT
21136158,123456,Võ Quốc Giang,sv21136158@student.edu.vn,0947453932,STUDENT
21136159,123456,Bùi Thanh Long,sv21136159@student.edu.vn,0950489337,STUDENT
21136160,123456,Trần Hải Tùng,sv21136160@student.edu.vn,0996011946,STUDENT
21136161,123456,Hoàng Thanh Hùng,sv21136161@student.edu.vn,0981571423,STUDENT
21136162,123456,Lâm Văn Thảo,sv21136162@student.edu.vn,0913544836,STUDENT
21136163,123456,Cao Bảo Toàn,sv21136163@student.edu.vn,0937852793,STUDENT
21136164,123456,Lý Ngọc Cường,sv21136164@student.edu.vn,0987225623,STUDENT
21136165,123456,Vũ Minh Phát,sv21136165@student.edu.vn,0933278473,STUDENT
21136166,123456,Tạ Bảo Vinh,sv21136166@student.edu.vn,0940948550,STUDENT
21136167,123456,Đặng Trung Lộc,sv21136167@student.edu.vn,0993119193,STUDENT
21136168,123456,Cao Thu Nga,sv21136168@student.edu.vn,0993243572,STUDENT
21136169,123456,Tạ Tuấn Sơn,sv21136169@student.edu.vn,0931381153,STUDENT
21136170,123456,Lê Nhật Tùng,sv21136170@student.edu.vn,0942658638,STUDENT
21136171,123456,Võ Anh Uyên,sv21136171@student.edu.vn,0943975693,STUDENT
21136172,123456,Bùi Minh Trung,sv21136172@student.edu.vn,0946509207,STUDENT
21136173,123456,Đoàn Tuấn Rạng,sv21136173@student.edu.vn,0940154554,STUDENT
21136174,123456,Đinh Thu Lộc,sv21136174@student.edu.vn,0938320685,STUDENT
21136175,123456,Nguyễn Trung Hà,sv21136175@student.edu.vn,0998203935,STUDENT
21136176,123456,Lý Hải Yến,sv21136176@student.edu.vn,0948468496,STUDENT
21136177,123456,Dương Kim Inh,sv21136177@student.edu.vn,0923772633,STUDENT
21136178,123456,Vũ Ngọc Trinh,sv21136178@student.edu.vn,0939590022,STUDENT
21136179,123456,Đỗ Tuấn Bình,sv21136179@student.edu.vn,0988984038,STUDENT
21136180,123456,Nguyễn Ngọc Linh,sv21136180@student.edu.vn,0955431906,STUDENT
21136181,123456,Huỳnh Minh Tâm,sv21136181@student.edu.vn,0947232011,STUDENT
21136182,123456,Trịnh Kim Đạt,sv21136182@student.edu.vn,0966416860,STUDENT
21136183,123456,Đỗ Hải Tâm,sv21136183@student.edu.vn,0990885057,STUDENT
21136184,123456,Tạ Duy Trung,sv21136184@student.edu.vn,0915250873,STUDENT
21136185,123456,Đinh Minh Thắng,sv21136185@student.edu.vn,0986103385,STUDENT
21136186,123456,Lê Anh Hà,sv21136186@student.edu.vn,0955684473,STUDENT
21136187,123456,Ngô Duy Trinh,sv21136187@student.edu.vn,0919943166,STUDENT
21136188,123456,Phạm Tuấn Phong,sv21136188@student.edu.vn,0919269878,STUDENT
21136189,123456,Bùi Thu Xuân,sv21136189@student.edu.vn,0943565448,STUDENT
21136190,123456,Hồ Anh Trang,sv21136190@student.edu.vn,0992889080,STUDENT
21136191,123456,Trần Ngọc Long,sv21136191@student.edu.vn,0977432454,STUDENT
21136192,123456,Hoàng Ngọc Khoa,sv21136192@student.edu.vn,0916026705,STUDENT
21136193,123456,Hoàng Anh Kiệt,sv21136193@student.edu.vn,0973484681,STUDENT
21136194,123456,Hoàng Ngọc Trí,sv21136194@student.edu.vn,0945264271,STUDENT
21136195,123456,Ngô Trung Đạt,sv21136195@student.edu.vn,0946659656,STUDENT
21136196,123456,Hồ Gia Khánh,sv21136196@student.edu.vn,0923784883,STUDENT
21136197,123456,Phan Ngọc Trung,sv21136197@student.edu.vn,0933975826,STUDENT
21136198,123456,Bùi Duy Minh,sv21136198@student.edu.vn,0995325583,STUDENT
21136199,123456,Tạ Nhật Oanh,sv21136199@student.edu.vn,0911507878,STUDENT
21136200,123456,Tạ Anh Oanh,sv21136200@student.edu.vn,0986270964,STUDENT
21136201,123456,Hoàng Đức Lan,sv21136201@student.edu.vn,0954691110,STUDENT
21136202,123456,Hồ Thanh Inh,sv21136202@student.edu.vn,0925176752,STUDENT
21136203,123456,Đinh Gia Quân,sv21136203@student.edu.vn,0990239595,STUDENT
21136204,123456,Huỳnh Thanh Huy,sv21136204@student.edu.vn,0943625044,STUDENT
21136205,123456,Huỳnh Duy Đạt,sv21136205@student.edu.vn,0935740672,STUDENT
21136206,123456,Trần Thị Long,sv21136206@student.edu.vn,0952180917,STUDENT
21136207,123456,Vũ Phương Nhật,sv21136207@student.edu.vn,0922830674,STUDENT
21136208,123456,Đặng Quốc Lộc,sv21136208@student.edu.vn,0996144784,STUDENT
21136209,123456,Trịnh Anh Long,sv21136209@student.edu.vn,0912209327,STUDENT
21136210,123456,Võ Hải Lan,sv21136210@student.edu.vn,0959650966,STUDENT
21136211,123456,Mai Thị Trí,sv21136211@student.edu.vn,0983891251,STUDENT
21136212,123456,Hồ Thị Tâm,sv21136212@student.edu.vn,0950752135,STUDENT
21136213,123456,Lý Hoàng Bình,sv21136213@student.edu.vn,0985777398,STUDENT
21136214,123456,Cao Bảo Khánh,sv21136214@student.edu.vn,0940844544,STUDENT
21136215,123456,Đặng Thị Toàn,sv21136215@student.edu.vn,0971878512,STUDENT
21136216,123456,Hồ Tuấn Nhật,sv21136216@student.edu.vn,0999559861,STUDENT
21136217,123456,Lâm Nhật Đạt,sv21136217@student.edu.vn,0961324352,STUDENT
21136218,123456,Dương Thanh Thắng,sv21136218@student.edu.vn,0969682054,STUDENT
21136219,123456,Đinh Hồng Thảo,sv21136219@student.edu.vn,0997697894,STUDENT
21136220,123456,Cao Thiện Quân,sv21136220@student.edu.vn,0965496506,STUDENT
21136221,123456,Lâm Kim Khoa,sv21136221@student.edu.vn,0921764795,STUDENT
21136222,123456,Hà Bảo Thắng,sv21136222@student.edu.vn,0967862706,STUDENT
21136223,123456,Hoàng Anh Hiếu,sv21136223@student.edu.vn,0959227363,STUDENT
21136224,123456,Ngô Xuân Xuân,sv21136224@student.edu.vn,0976390645,STUDENT
21136225,123456,Lý Minh Long,sv21136225@student.edu.vn,0940436425,STUDENT
21136226,123456,Võ Xuân Thành,sv21136226@student.edu.vn,0919695620,STUDENT
21136227,123456,Đặng Bảo Lộc,sv21136227@student.edu.vn,0996072301,STUDENT
21136228,123456,Bùi Tuấn Tùng,sv21136228@student.edu.vn,0910970089,STUDENT
21136229,123456,Huỳnh Hải Kiệt,sv21136229@student.edu.vn,0975043403,STUDENT
21136230,123456,Phạm Hoàng Tùng,sv21136230@student.edu.vn,0915026336,STUDENT
21136231,123456,Hồ Hoàng Toàn,sv21136231@student.edu.vn,0912197827,STUDENT
21136232,123456,Đặng Văn Trang,sv21136232@student.edu.vn,0961693741,STUDENT
21136233,123456,Phan Hoàng Trung,sv21136233@student.edu.vn,0918614361,STUDENT
21136234,123456,Võ Thanh Hùng,sv21136234@student.edu.vn,0927767968,STUDENT
21136235,123456,Trần Nhật Oanh,sv21136235@student.edu.vn,0964082818,STUDENT
21136236,123456,Hồ Kim Long,sv21136236@student.edu.vn,0931545699,STUDENT
21136237,123456,Tạ Gia Hương,sv21136237@student.edu.vn,0982228967,STUDENT
21136238,123456,Võ Quang Phong,sv21136238@student.edu.vn,0926428048,STUDENT
21136239,123456,Đỗ Anh Rạng,sv21136239@student.edu.vn,0982201037,STUDENT
21136240,123456,Đoàn Đức Sơn,sv21136240@student.edu.vn,0998423712,STUDENT
21136241,123456,Lý Thiện Nhật,sv21136241@student.edu.vn,0927313325,STUDENT
21136242,123456,Ngô Quốc Tâm,sv21136242@student.edu.vn,0994487898,STUDENT
21136243,123456,Lâm Thị An,sv21136243@student.edu.vn,0996004693,STUDENT
21136244,123456,Huỳnh Gia Trí,sv21136244@student.edu.vn,0952732925,STUDENT
21136245,123456,Phan Phương Vân,sv21136245@student.edu.vn,0989026017,STUDENT
21136246,123456,Tạ Quốc Vinh,sv21136246@student.edu.vn,0966353941,STUDENT
21136247,123456,Ngô Nhật Huy,sv21136247@student.edu.vn,0926594973,STUDENT
21136248,123456,Bùi Gia Khánh,sv21136248@student.edu.vn,0975561641,STUDENT
21136249,123456,Phan Duy Duy,sv21136249@student.edu.vn,0972453165,STUDENT
21136250,123456,Đỗ Thiện Tài,sv21136250@student.edu.vn,0955276844,STUDENT
21136251,123456,Huỳnh Ngọc Hùng,sv21136251@student.edu.vn,0957203243,STUDENT
21136252,123456,Huỳnh Anh Toàn,sv21136252@student.edu.vn,0999838689,STUDENT
21136253,123456,Hoàng Đức Tâm,sv21136253@student.edu.vn,0947207039,STUDENT
21136254,123456,Đặng Gia Rạng,sv21136254@student.edu.vn,0987673196,STUDENT
21136255,123456,Đặng Xuân Vân,sv21136255@student.edu.vn,0963960407,STUDENT
21136256,123456,Võ Trung Uyên,sv21136256@student.edu.vn,0997356224,STUDENT
21136257,123456,Lý Hữu Hương,sv21136257@student.edu.vn,0950256595,STUDENT
21136258,123456,Tạ Thiện Toàn,sv21136258@student.edu.vn,0958853867,STUDENT
21136259,123456,Hoàng Xuân Thảo,sv21136259@student.edu.vn,0975691560,STUDENT
21136260,123456,Đoàn Xuân Khoa,sv21136260@student.edu.vn,0994560457,STUDENT
21136261,123456,Lê Quốc Nhật,sv21136261@student.edu.vn,0980772519,STUDENT
21136262,123456,Lê Minh Hiếu,sv21136262@student.edu.vn,0953736202,STUDENT
21136263,123456,Tạ Quang An,sv21136263@student.edu.vn,0941013547,STUDENT
21136264,123456,Phan Quốc Phát,sv21136264@student.edu.vn,0937040651,STUDENT
21136265,123456,Phạm Kim Long,sv21136265@student.edu.vn,0935575228,STUDENT
21136266,123456,Đỗ Duy Bảo,sv21136266@student.edu.vn,0992396493,STUDENT
21136267,123456,Lý Văn Nhật,sv21136267@student.edu.vn,0911812157,STUDENT
21136268,123456,Hà Văn Khánh,sv21136268@student.edu.vn,0992958777,STUDENT
21136269,123456,Bùi Thanh Huy,sv21136269@student.edu.vn,0972454598,STUDENT
21136270,123456,Lý Hữu Hùng,sv21136270@student.edu.vn,0943605035,STUDENT
21136271,123456,Đỗ Hải Rạng,sv21136271@student.edu.vn,0994124193,STUDENT
21136272,123456,Hà Bảo An,sv21136272@student.edu.vn,0970554391,STUDENT
21136273,123456,Đỗ Thị Nam,sv21136273@student.edu.vn,0964343876,STUDENT
21136274,123456,Lý Kim Bảo,sv21136274@student.edu.vn,0985508821,STUDENT
21136275,123456,Tạ Thị Bình,sv21136275@student.edu.vn,0938937265,STUDENT
21136276,123456,Dương Quang Giang,sv21136276@student.edu.vn,0976697700,STUDENT
21136277,123456,Hoàng Phương Nga,sv21136277@student.edu.vn,0958309028,STUDENT
21136278,123456,Đoàn Phương Nam,sv21136278@student.edu.vn,0961176139,STUDENT
21136279,123456,Trần Xuân Xuân,sv21136279@student.edu.vn,0957538943,STUDENT
21136280,123456,Lý Quang Kiệt,sv21136280@student.edu.vn,0972597759,STUDENT
21136281,123456,Phan Minh Uyên,sv21136281@student.edu.vn,0913526690,STUDENT
21136282,123456,Vũ Ngọc Bảo,sv21136282@student.edu.vn,0986197336,STUDENT
21136283,123456,Tạ Kim An,sv21136283@student.edu.vn,0977617123,STUDENT
21136284,123456,Đỗ Minh Uyên,sv21136284@student.edu.vn,0947368032,STUDENT
21136285,123456,Cao Kim Nam,sv21136285@student.edu.vn,0960989023,STUDENT
21136286,123456,Ngô Trung Long,sv21136286@student.edu.vn,0954157931,STUDENT
21136287,123456,Cao Thị Duy,sv21136287@student.edu.vn,0949321883,STUDENT
21136288,123456,Đặng Thiện Thành,sv21136288@student.edu.vn,0938187801,STUDENT
21136289,123456,Trịnh Đức Giang,sv21136289@student.edu.vn,0944419400,STUDENT
21136290,123456,Trần Bảo Kiệt,sv21136290@student.edu.vn,0955751397,STUDENT
21136291,123456,Đoàn Hoàng Hùng,sv21136291@student.edu.vn,0957731960,STUDENT
21136292,123456,Võ Kim Yến,sv21136292@student.edu.vn,0965332605,STUDENT
21136293,123456,Dương Nhật Giang,sv21136293@student.edu.vn,0980530297,STUDENT
21136294,123456,Phạm Hữu Duy,sv21136294@student.edu.vn,0922687169,STUDENT
21136295,123456,Phan Quang Phát,sv21136295@student.edu.vn,0996775210,STUDENT
21136296,123456,Hồ Trung Rạng,sv21136296@student.edu.vn,0942922573,STUDENT
21136297,123456,Vũ Tuấn Tùng,sv21136297@student.edu.vn,0986833265,STUDENT
21136298,123456,Bùi Xuân Nga,sv21136298@student.edu.vn,0914762212,STUDENT
21136299,123456,Bùi Nhật Lộc,sv21136299@student.edu.vn,0915030118,STUDENT
21136300,123456,Lý Duy An,sv21136300@student.edu.vn,0945742245,STUDENT
21136301,123456,Lê Quang Nhật,sv21136301@student.edu.vn,0946220792,STUDENT
21136302,123456,Huỳnh Quang Oanh,sv21136302@student.edu.vn,0998396127,STUDENT
21136303,123456,Nguyễn Hữu Oanh,sv21136303@student.edu.vn,0999588185,STUDENT
21136304,123456,Nguyễn Minh Tùng,sv21136304@student.edu.vn,0999195580,STUDENT
21136305,123456,Cao Xuân Tâm,sv21136305@student.edu.vn,0918355533,STUDENT
21136306,123456,Phan Hải Toàn,sv21136306@student.edu.vn,0981206372,STUDENT
21136307,123456,Nguyễn Gia Phong,sv21136307@student.edu.vn,0916693439,STUDENT
21136308,123456,Phạm Quốc Thảo,sv21136308@student.edu.vn,0935045856,STUDENT
21136309,123456,Đặng Minh Tài,sv21136309@student.edu.vn,0953726476,STUDENT
21136310,123456,Võ Thị Phúc,sv21136310@student.edu.vn,0919131582,STUDENT
21136311,123456,Phan Hải Hiếu,sv21136311@student.edu.vn,0954691113,STUDENT
21136312,123456,Đoàn Minh Hà,sv21136312@student.edu.vn,0942450369,STUDENT
21136313,123456,Huỳnh Quang Duy,sv21136313@student.edu.vn,0970151947,STUDENT
21136314,123456,Đặng Thiện Em,sv21136314@student.edu.vn,0944576463,STUDENT
21136315,123456,Lâm Quốc Quân,sv21136315@student.edu.vn,0987773679,STUDENT
21136316,123456,Vũ Ngọc Em,sv21136316@student.edu.vn,0996733535,STUDENT
21136317,123456,Phan Quang An,sv21136317@student.edu.vn,0934009579,STUDENT
21136318,123456,Mai Văn Vinh,sv21136318@student.edu.vn,0973938529,STUDENT
21136319,123456,Phan Tuấn Tâm,sv21136319@student.edu.vn,0955552675,STUDENT
21136320,123456,Đoàn Bảo Khánh,sv21136320@student.edu.vn,0952306610,STUDENT
21136321,123456,Phan Hải Quân,sv21136321@student.edu.vn,0913113644,STUDENT
21136322,123456,Mai Phương Xuân,sv21136322@student.edu.vn,0920546861,STUDENT
21136323,123456,Đinh Duy Hùng,sv21136323@student.edu.vn,0964880272,STUDENT
21136324,123456,Bùi Bảo Giang,sv21136324@student.edu.vn,0949965433,STUDENT
21136325,123456,Đinh Thị Minh,sv21136325@student.edu.vn,0912111872,STUDENT
21136326,123456,Hồ Thu Oanh,sv21136326@student.edu.vn,0946097417,STUDENT
21136327,123456,Đặng Gia Đạt,sv21136327@student.edu.vn,0921175399,STUDENT
21136328,123456,Lâm Ngọc Minh,sv21136328@student.edu.vn,0992815215,STUDENT
21136329,123456,Cao Phương Vinh,sv21136329@student.edu.vn,0959295290,STUDENT
21136330,123456,Mai Thu Nam,sv21136330@student.edu.vn,0946026619,STUDENT
21136331,123456,Lý Kim Phát,sv21136331@student.edu.vn,0928041332,STUDENT
21136332,123456,Đặng Kim Yến,sv21136332@student.edu.vn,0923758312,STUDENT
21136333,123456,Hoàng Hồng Rạng,sv21136333@student.edu.vn,0939226305,STUDENT
21136334,123456,Lâm Phương Thảo,sv21136334@student.edu.vn,0918206602,STUDENT
21136335,123456,Hoàng Hữu Sơn,sv21136335@student.edu.vn,0999433410,STUDENT
21136336,123456,Phan Quang Sơn,sv21136336@student.edu.vn,0980146166,STUDENT
21136337,123456,Hoàng Quốc Hà,sv21136337@student.edu.vn,0986705065,STUDENT
21136338,123456,Hồ Quốc Phúc,sv21136338@student.edu.vn,0932810625,STUDENT
21136339,123456,Trần Hải An,sv21136339@student.edu.vn,0937766722,STUDENT
21136340,123456,Phạm Phương Trinh,sv21136340@student.edu.vn,0944775345,STUDENT
21136341,123456,Nguyễn Nhật Cường,sv21136341@student.edu.vn,0927203490,STUDENT
21136342,123456,Dương Hữu Tùng,sv21136342@student.edu.vn,0967193291,STUDENT
21136343,123456,Trịnh Hải Sơn,sv21136343@student.edu.vn,0931181317,STUDENT
21136344,123456,Cao Xuân Vân,sv21136344@student.edu.vn,0924515763,STUDENT
21136345,123456,Mai Quốc Phát,sv21136345@student.edu.vn,0929901168,STUDENT
21136346,123456,Lâm Thu Phong,sv21136346@student.edu.vn,0919986020,STUDENT
21136347,123456,Vũ Hồng Đạt,sv21136347@student.edu.vn,0942301115,STUDENT
21136348,123456,Đoàn Xuân Nga,sv21136348@student.edu.vn,0921327627,STUDENT
21136349,123456,Trịnh Kim Nam,sv21136349@student.edu.vn,0957415288,STUDENT
21136350,123456,Trần Hải Bảo,sv21136350@student.edu.vn,0961357096,STUDENT
21136351,123456,Đoàn Trung Hùng,sv21136351@student.edu.vn,0969639816,STUDENT
21136352,123456,Hoàng Quang Xuân,sv21136352@student.edu.vn,0965751585,STUDENT
21136353,123456,Phan Nhật An,sv21136353@student.edu.vn,0973124590,STUDENT
21136354,123456,Bùi Anh Lan,sv21136354@student.edu.vn,0914528689,STUDENT
21136355,123456,Ngô Thanh Lan,sv21136355@student.edu.vn,0913337664,STUDENT
21136356,123456,Dương Thị Hiếu,sv21136356@student.edu.vn,0965979767,STUDENT
21136357,123456,Nguyễn Bảo Bình,sv21136357@student.edu.vn,0955295022,STUDENT
21136358,123456,Hồ Quang Em,sv21136358@student.edu.vn,0988734585,STUDENT
21136359,123456,Trịnh Xuân Lộc,sv21136359@student.edu.vn,0950341997,STUDENT
21136360,123456,Trịnh Anh Trung,sv21136360@student.edu.vn,0951472525,STUDENT
21136361,123456,Đỗ Minh Hương,sv21136361@student.edu.vn,0913652170,STUDENT
21136362,123456,Đỗ Quốc Thành,sv21136362@student.edu.vn,0957139347,STUDENT
21136363,123456,Phan Thanh Yến,sv21136363@student.edu.vn,0948319577,STUDENT
21136364,123456,Nguyễn Hồng Phát,sv21136364@student.edu.vn,0987535148,STUDENT
21136365,123456,Cao Hữu Trang,sv21136365@student.edu.vn,0999588297,STUDENT
21136366,123456,Dương Ngọc Thành,sv21136366@student.edu.vn,0946924798,STUDENT
21136367,123456,Hồ Duy Phong,sv21136367@student.edu.vn,0997068969,STUDENT
21136368,123456,Tạ Trung Hiếu,sv21136368@student.edu.vn,0916748025,STUDENT
21136369,123456,Huỳnh Phương Lộc,sv21136369@student.edu.vn,0930114322,STUDENT
21136370,123456,Lê Trung Em,sv21136370@student.edu.vn,0911664572,STUDENT
21136371,123456,Võ Thị Sơn,sv21136371@student.edu.vn,0920855424,STUDENT
21136372,123456,Mai Hồng Hùng,sv21136372@student.edu.vn,0993197493,STUDENT
21136373,123456,Đặng Phương Em,sv21136373@student.edu.vn,0976422522,STUDENT
21136374,123456,Tạ Phương Lan,sv21136374@student.edu.vn,0971352844,STUDENT
21136375,123456,Võ Đức Thảo,sv21136375@student.edu.vn,0932122927,STUDENT
21136376,123456,Trịnh Gia Hiếu,sv21136376@student.edu.vn,0927598978,STUDENT
21136377,123456,Vũ Kim Trí,sv21136377@student.edu.vn,0945016745,STUDENT
21136378,123456,Nguyễn Thiện Oanh,sv21136378@student.edu.vn,0993718858,STUDENT
21136379,123456,Phạm Văn Uyên,sv21136379@student.edu.vn,0959513167,STUDENT
21136380,123456,Lê Trung Rạng,sv21136380@student.edu.vn,0960623498,STUDENT
21136381,123456,Hồ Hoàng Nam,sv21136381@student.edu.vn,0925840024,STUDENT
21136382,123456,Trần Minh Quân,sv21136382@student.edu.vn,0962548518,STUDENT
21136383,123456,Hà Hải Inh,sv21136383@student.edu.vn,0970857297,STUDENT
21136384,123456,Võ Minh Minh,sv21136384@student.edu.vn,0964559431,STUDENT
21136385,123456,Hà Duy Long,sv21136385@student.edu.vn,0921417361,STUDENT
21136386,123456,Bùi Kim Nga,sv21136386@student.edu.vn,0911106976,STUDENT
21136387,123456,Cao Đức Minh,sv21136387@student.edu.vn,0976813430,STUDENT
21136388,123456,Lê Anh Nam,sv21136388@student.edu.vn,0962865770,STUDENT
21136389,123456,Hồ Quang Uyên,sv21136389@student.edu.vn,0921606107,STUDENT
21136390,123456,Nguyễn Thị Phát,sv21136390@student.edu.vn,0981606036,STUDENT
21136391,123456,Lâm Anh Nga,sv21136391@student.edu.vn,0985212808,STUDENT
21136392,123456,Võ Anh Trí,sv21136392@student.edu.vn,0961270582,STUDENT
21136393,123456,Phan Thanh Quân,sv21136393@student.edu.vn,0938692733,STUDENT
21136394,123456,Dương Anh Khoa,sv21136394@student.edu.vn,0916362903,STUDENT
21136395,123456,Huỳnh Xuân Xuân,sv21136395@student.edu.vn,0992685367,STUDENT
21136396,123456,Trịnh Hải Nhật,sv21136396@student.edu.vn,0991203891,STUDENT
21136397,123456,Hà Nhật Đạt,sv21136397@student.edu.vn,0966437225,STUDENT
21136398,123456,Đoàn Kim Oanh,sv21136398@student.edu.vn,0970853038,STUDENT
21136399,123456,Mai Đức Lan,sv21136399@student.edu.vn,0984814278,STUDENT
21136400,123456,Huỳnh Đức Lan,sv21136400@student.edu.vn,0965694364,STUDENT
21136401,123456,Mai Xuân Nga,sv21136401@student.edu.vn,0968949772,STUDENT
21136402,123456,Tạ Thiện Rạng,sv21136402@student.edu.vn,0926738683,STUDENT
21136403,123456,Nguyễn Kim Thắng,sv21136403@student.edu.vn,0990130103,STUDENT
21136404,123456,Lê Nhật Huy,sv21136404@student.edu.vn,0939572825,STUDENT
21136405,123456,Đoàn Bảo Yến,sv21136405@student.edu.vn,0928451767,STUDENT
21136406,123456,Võ Trung Linh,sv21136406@student.edu.vn,0913730169,STUDENT
21136407,123456,Đoàn Thanh Phúc,sv21136407@student.edu.vn,0968742040,STUDENT
21136408,123456,Dương Hữu Linh,sv21136408@student.edu.vn,0915793459,STUDENT
21136409,123456,Cao Đức Giang,sv21136409@student.edu.vn,0971143803,STUDENT
21136410,123456,Đoàn Xuân Phúc,sv21136410@student.edu.vn,0986415853,STUDENT
21136411,123456,Trần Phương Trung,sv21136411@student.edu.vn,0926662315,STUDENT
21136412,123456,Phan Quang Tài,sv21136412@student.edu.vn,0930215065,STUDENT
21136413,123456,Đặng Thiện Hiếu,sv21136413@student.edu.vn,0952796032,STUDENT
21136414,123456,Đoàn Tuấn Vân,sv21136414@student.edu.vn,0967200127,STUDENT
21136415,123456,Phan Thiện Trinh,sv21136415@student.edu.vn,0933017144,STUDENT
21136416,123456,Võ Nhật Nga,sv21136416@student.edu.vn,0917210825,STUDENT
21136417,123456,Cao Tuấn Trang,sv21136417@student.edu.vn,0976043799,STUDENT
21136418,123456,Lâm Hải Hà,sv21136418@student.edu.vn,0936188563,STUDENT
21136419,123456,Đinh Hồng Quân,sv21136419@student.edu.vn,0979795585,STUDENT
21136420,123456,Hoàng Trung Long,sv21136420@student.edu.vn,0998701636,STUDENT
21136421,123456,Trần Thanh Yến,sv21136421@student.edu.vn,0965594555,STUDENT
21136422,123456,Đặng Nhật Phát,sv21136422@student.edu.vn,0964389944,STUDENT
21136423,123456,Dương Hoàng Rạng,sv21136423@student.edu.vn,0946850861,STUDENT
21136424,123456,Hồ Ngọc Uyên,sv21136424@student.edu.vn,0997661255,STUDENT
21136425,123456,Tạ Trung Tài,sv21136425@student.edu.vn,0983779626,STUDENT
21136426,123456,Đặng Bảo Vinh,sv21136426@student.edu.vn,0988967176,STUDENT
21136427,123456,Tạ Thị Linh,sv21136427@student.edu.vn,0988732359,STUDENT
21136428,123456,Võ Hải Yến,sv21136428@student.edu.vn,0930142768,STUDENT
21136429,123456,Đinh Quang Em,sv21136429@student.edu.vn,0990397575,STUDENT
21136430,123456,Cao Ngọc Oanh,sv21136430@student.edu.vn,0934885208,STUDENT
21136431,123456,Dương Bảo Huy,sv21136431@student.edu.vn,0982909483,STUDENT
21136432,123456,Lâm Thị Lộc,sv21136432@student.edu.vn,0975337738,STUDENT
21136433,123456,Nguyễn Xuân Hiếu,sv21136433@student.edu.vn,0935471944,STUDENT
21136434,123456,Hoàng Xuân Uyên,sv21136434@student.edu.vn,0964128478,STUDENT
21136435,123456,Trịnh Tuấn Lan,sv21136435@student.edu.vn,0932729070,STUDENT
21136436,123456,Võ Gia Đạt,sv21136436@student.edu.vn,0966193157,STUDENT
21136437,123456,Dương Duy Bảo,sv21136437@student.edu.vn,0970882378,STUDENT
21136438,123456,Nguyễn Gia Phúc,sv21136438@student.edu.vn,0946885631,STUDENT
21136439,123456,Đinh Tuấn Sơn,sv21136439@student.edu.vn,0953068520,STUDENT
21136440,123456,Phan Tuấn Nam,sv21136440@student.edu.vn,0955930835,STUDENT
21136441,123456,Hồ Đức Lan,sv21136441@student.edu.vn,0925587104,STUDENT
21136442,123456,Trần Hồng Duy,sv21136442@student.edu.vn,0956451299,STUDENT
21136443,123456,Lâm Minh Thắng,sv21136443@student.edu.vn,0912492539,STUDENT
21136444,123456,Hồ Hữu Minh,sv21136444@student.edu.vn,0978133499,STUDENT
21136445,123456,Lê Gia Oanh,sv21136445@student.edu.vn,0993335594,STUDENT
21136446,123456,Ngô Anh Hương,sv21136446@student.edu.vn,0999588096,STUDENT
21136447,123456,Vũ Minh Tâm,sv21136447@student.edu.vn,0976214935,STUDENT
21136448,123456,Phạm Anh Trí,sv21136448@student.edu.vn,0927401524,STUDENT
21136449,123456,Hoàng Phương Trang,sv21136449@student.edu.vn,0957018205,STUDENT
21136450,123456,Hoàng Phương Khánh,sv21136450@student.edu.vn,0958103252,STUDENT
21136451,123456,Mai Tuấn Hiếu,sv21136451@student.edu.vn,0975154266,STUDENT
21136452,123456,Cao Anh Tâm,sv21136452@student.edu.vn,0963410698,STUDENT
21136453,123456,Đinh Trung Hương,sv21136453@student.edu.vn,0953886544,STUDENT
21136454,123456,Dương Quốc Quân,sv21136454@student.edu.vn,0970401180,STUDENT
21136455,123456,Lê Thiện Sơn,sv21136455@student.edu.vn,0968292978,STUDENT
21136456,123456,Đinh Bảo Bình,sv21136456@student.edu.vn,0969600450,STUDENT
21136457,123456,Tạ Thị Duy,sv21136457@student.edu.vn,0923712964,STUDENT
21136458,123456,Hoàng Phương Cường,sv21136458@student.edu.vn,0946353076,STUDENT
21136459,123456,Phan Xuân Oanh,sv21136459@student.edu.vn,0947239216,STUDENT
21136460,123456,Huỳnh Anh Nga,sv21136460@student.edu.vn,0945424221,STUDENT
21136461,123456,Võ Duy Giang,sv21136461@student.edu.vn,0980743290,STUDENT
21136462,123456,Mai Xuân Phúc,sv21136462@student.edu.vn,0978713836,STUDENT
21136463,123456,Đỗ Kim Toàn,sv21136463@student.edu.vn,0979832326,STUDENT
21136464,123456,Phạm Thu Bình,sv21136464@student.edu.vn,0984878376,STUDENT
21136465,123456,Mai Minh Huy,sv21136465@student.edu.vn,0940053592,STUDENT
21136466,123456,Dương Hải Linh,sv21136466@student.edu.vn,0930776431,STUDENT
21136467,123456,Lý Hải Vinh,sv21136467@student.edu.vn,0925481301,STUDENT
21136468,123456,Mai Anh Huy,sv21136468@student.edu.vn,0967309075,STUDENT
21136469,123456,Mai Minh Toàn,sv21136469@student.edu.vn,0986841169,STUDENT
21136470,123456,Bùi Anh Minh,sv21136470@student.edu.vn,0911013407,STUDENT
21136471,123456,Huỳnh Quốc Hiếu,sv21136471@student.edu.vn,0911160928,STUDENT
21136472,123456,Dương Bảo Huy,sv21136472@student.edu.vn,0950998902,STUDENT
21136473,123456,Phạm Xuân Rạng,sv21136473@student.edu.vn,0919334282,STUDENT
21136474,123456,Võ Thiện Hùng,sv21136474@student.edu.vn,0930603015,STUDENT
21136475,123456,Lâm Nhật Bình,sv21136475@student.edu.vn,0993682089,STUDENT
21136476,123456,Võ Trung Vinh,sv21136476@student.edu.vn,0956696074,STUDENT
21136477,123456,Trịnh Quang Em,sv21136477@student.edu.vn,0943567642,STUDENT
21136478,123456,Trần Trung Rạng,sv21136478@student.edu.vn,0916147828,STUDENT
21136479,123456,Võ Thiện Khoa,sv21136479@student.edu.vn,0949849168,STUDENT
21136480,123456,Vũ Hồng Phong,sv21136480@student.edu.vn,0953301523,STUDENT
21136481,123456,Ngô Thu Kiệt,sv21136481@student.edu.vn,0985728330,STUDENT
21136482,123456,Hoàng Minh Sơn,sv21136482@student.edu.vn,0911429372,STUDENT
21136483,123456,Đinh Quốc Vân,sv21136483@student.edu.vn,0964580037,STUDENT
21136484,123456,Nguyễn Minh Rạng,sv21136484@student.edu.vn,0922156742,STUDENT
21136485,123456,Cao Hồng Duy,sv21136485@student.edu.vn,0975195879,STUDENT
21136486,123456,Đỗ Thiện Khánh,sv21136486@student.edu.vn,0948075707,STUDENT
21136487,123456,Cao Bảo Inh,sv21136487@student.edu.vn,0932463457,STUDENT
21136488,123456,Lâm Minh Xuân,sv21136488@student.edu.vn,0997635609,STUDENT
21136489,123456,Đoàn Bảo Cường,sv21136489@student.edu.vn,0970848597,STUDENT
21136490,123456,Hà Kim Thắng,sv21136490@student.edu.vn,0931131116,STUDENT
21136491,123456,Lâm Quốc Phát,sv21136491@student.edu.vn,0962612914,STUDENT
21136492,123456,Phan Hải Sơn,sv21136492@student.edu.vn,0978028381,STUDENT
21136493,123456,Võ Đức Bảo,sv21136493@student.edu.vn,0951133486,STUDENT
21136494,123456,Đoàn Ngọc Giang,sv21136494@student.edu.vn,0963193581,STUDENT
21136495,123456,Nguyễn Văn Em,sv21136495@student.edu.vn,0917979574,STUDENT
21136496,123456,Ngô Ngọc Lộc,sv21136496@student.edu.vn,0952649806,STUDENT
21136497,123456,Vũ Phương Cường,sv21136497@student.edu.vn,0948650815,STUDENT
21136498,123456,Phạm Thị Thành,sv21136498@student.edu.vn,0941647489,STUDENT
21136499,123456,Cao Trung Xuân,sv21136499@student.edu.vn,0922195398,STUDENT
21136500,123456,Vũ Quốc Phúc,sv21136500@student.edu.vn,0998204551,STUDENT
21136501,123456,Lâm Kim Đạt,sv21136501@student.edu.vn,0944546900,STUDENT
21136502,123456,Hồ Duy Toàn,sv21136502@student.edu.vn,0918399519,STUDENT
21136503,123456,Tạ Thị Oanh,sv21136503@student.edu.vn,0951383543,STUDENT
21136504,123456,Phan Bảo Inh,sv21136504@student.edu.vn,0946822145,STUDENT
21136505,123456,Cao Gia Linh,sv21136505@student.edu.vn,0932663674,STUDENT
21136506,123456,Đinh Xuân Phúc,sv21136506@student.edu.vn,0981439445,STUDENT
21136507,123456,Mai Bảo Rạng,sv21136507@student.edu.vn,0949969591,STUDENT
21136508,123456,Đỗ Kim Phúc,sv21136508@student.edu.vn,0996650121,STUDENT
21136509,123456,Hồ Hoàng Khánh,sv21136509@student.edu.vn,0981692253,STUDENT
21136510,123456,Lâm Xuân Tài,sv21136510@student.edu.vn,0910963870,STUDENT
21136511,123456,Nguyễn Bảo Trang,sv21136511@student.edu.vn,0986125420,STUDENT
21136512,123456,Bùi Kim Oanh,sv21136512@student.edu.vn,0990473994,STUDENT
21136513,123456,Ngô Thị Hương,sv21136513@student.edu.vn,0989233817,STUDENT
21136514,123456,Trần Quang Phúc,sv21136514@student.edu.vn,0992249610,STUDENT
21136515,123456,Mai Trung Quân,sv21136515@student.edu.vn,0938172948,STUDENT
21136516,123456,Hà Gia Lộc,sv21136516@student.edu.vn,0943558607,STUDENT
21136517,123456,Bùi Kim Phúc,sv21136517@student.edu.vn,0982119786,STUDENT
21136518,123456,Nguyễn Thiện An,sv21136518@student.edu.vn,0966606475,STUDENT
21136519,123456,Cao Thanh Phong,sv21136519@student.edu.vn,0989623214,STUDENT
21136520,123456,Lâm Thị Nhật,sv21136520@student.edu.vn,0956987353,STUDENT
21136521,123456,Lý Văn Khoa,sv21136521@student.edu.vn,0911591587,STUDENT
21136522,123456,Lâm Duy Cường,sv21136522@student.edu.vn,0973447339,STUDENT
21136523,123456,Đỗ Thanh Tùng,sv21136523@student.edu.vn,0972918505,STUDENT
21136524,123456,Hoàng Trung Bình,sv21136524@student.edu.vn,0982418469,STUDENT
21136525,123456,Lâm Thanh Thành,sv21136525@student.edu.vn,0940375414,STUDENT
21136526,123456,Dương Kim Nga,sv21136526@student.edu.vn,0924116568,STUDENT
21136527,123456,Đoàn Xuân Cường,sv21136527@student.edu.vn,0947682238,STUDENT
21136528,123456,Lê Quang Yến,sv21136528@student.edu.vn,0978271795,STUDENT
21136529,123456,Dương Gia Trí,sv21136529@student.edu.vn,0954041983,STUDENT
21136530,123456,Lê Tuấn Trung,sv21136530@student.edu.vn,0947869159,STUDENT
21136531,123456,Phạm Thanh Bình,sv21136531@student.edu.vn,0921910652,STUDENT
21136532,123456,Hà Hồng Inh,sv21136532@student.edu.vn,0950960495,STUDENT
21136533,123456,Ngô Hồng Tâm,sv21136533@student.edu.vn,0961914615,STUDENT
21136534,123456,Phan Thanh Long,sv21136534@student.edu.vn,0977939333,STUDENT
21136535,123456,Lê Tuấn Xuân,sv21136535@student.edu.vn,0986495833,STUDENT
21136536,123456,Phạm Hoàng Quân,sv21136536@student.edu.vn,0974666912,STUDENT
21136537,123456,Võ Hữu Bảo,sv21136537@student.edu.vn,0932998867,STUDENT
21136538,123456,Đặng Thị Hiếu,sv21136538@student.edu.vn,0983236849,STUDENT
21136539,123456,Vũ Văn Minh,sv21136539@student.edu.vn,0940779356,STUDENT
21136540,123456,Đoàn Trung Long,sv21136540@student.edu.vn,0977431788,STUDENT
21136541,123456,Đỗ Minh Hương,sv21136541@student.edu.vn,0954486288,STUDENT
21136542,123456,Phan Gia Sơn,sv21136542@student.edu.vn,0938005080,STUDENT
21136543,123456,Vũ Anh Yến,sv21136543@student.edu.vn,0933349885,STUDENT
21136544,123456,Tạ Duy Cường,sv21136544@student.edu.vn,0972930848,STUDENT
21136545,123456,Ngô Thanh Yến,sv21136545@student.edu.vn,0923263934,STUDENT
21136546,123456,Huỳnh Thanh Phúc,sv21136546@student.edu.vn,0936373815,STUDENT
21136547,123456,Bùi Hữu Tài,sv21136547@student.edu.vn,0989092189,STUDENT
21136548,123456,Đỗ Kim Trang,sv21136548@student.edu.vn,0948152917,STUDENT
21136549,123456,Phan Hoàng Tài,sv21136549@student.edu.vn,0922927964,STUDENT
21136550,123456,Phạm Hữu Hà,sv21136550@student.edu.vn,0936433759,STUDENT
21136551,123456,Trần Văn Nga,sv21136551@student.edu.vn,0989740484,STUDENT
21136552,123456,Nguyễn Văn Duy,sv21136552@student.edu.vn,0973064195,STUDENT
21136553,123456,Đặng Quang Khánh,sv21136553@student.edu.vn,0979841467,STUDENT
21136554,123456,Lý Hữu Đạt,sv21136554@student.edu.vn,0977625196,STUDENT
21136555,123456,Bùi Trung Long,sv21136555@student.edu.vn,0990367440,STUDENT
21136556,123456,Bùi Đức Em,sv21136556@student.edu.vn,0952504496,STUDENT
21136557,123456,Tạ Duy Thảo,sv21136557@student.edu.vn,0947474467,STUDENT
21136558,123456,Dương Thị Trí,sv21136558@student.edu.vn,0913341782,STUDENT
21136559,123456,Mai Thiện Toàn,sv21136559@student.edu.vn,0912300521,STUDENT
21136560,123456,Bùi Hải Bình,sv21136560@student.edu.vn,0948827896,STUDENT
21136561,123456,Tạ Thu Hương,sv21136561@student.edu.vn,0918362518,STUDENT
21136562,123456,Dương Anh An,sv21136562@student.edu.vn,0942113284,STUDENT
21136563,123456,Lê Văn Lan,sv21136563@student.edu.vn,0985352587,STUDENT
21136564,123456,Trần Hữu Lộc,sv21136564@student.edu.vn,0979543919,STUDENT
21136565,123456,Đoàn Hải Uyên,sv21136565@student.edu.vn,0980206164,STUDENT
21136566,123456,Phạm Xuân Tâm,sv21136566@student.edu.vn,0917536656,STUDENT
21136567,123456,Hà Xuân Nhật,sv21136567@student.edu.vn,0974710033,STUDENT
21136568,123456,Hồ Bảo Phúc,sv21136568@student.edu.vn,0926795032,STUDENT
21136569,123456,Đặng Thị Thắng,sv21136569@student.edu.vn,0949271341,STUDENT
21136570,123456,Nguyễn Thiện Duy,sv21136570@student.edu.vn,0938578988,STUDENT
21136571,123456,Lý Minh An,sv21136571@student.edu.vn,0970270451,STUDENT
21136572,123456,Lý Thiện Giang,sv21136572@student.edu.vn,0977592337,STUDENT
21136573,123456,Hà Gia Tâm,sv21136573@student.edu.vn,0995788498,STUDENT
21136574,123456,Đỗ Gia Inh,sv21136574@student.edu.vn,0940275479,STUDENT
21136575,123456,Hồ Thiện Rạng,sv21136575@student.edu.vn,0949798815,STUDENT
21136576,123456,Huỳnh Minh Khánh,sv21136576@student.edu.vn,0935762654,STUDENT
21136577,123456,Đoàn Gia Em,sv21136577@student.edu.vn,0927370039,STUDENT
21136578,123456,Nguyễn Bảo Đạt,sv21136578@student.edu.vn,0958111426,STUDENT
21136579,123456,Đoàn Hồng Minh,sv21136579@student.edu.vn,0986313357,STUDENT
21136580,123456,Đoàn Hồng Tài,sv21136580@student.edu.vn,0924465681,STUDENT
21136581,123456,Dương Kim Tùng,sv21136581@student.edu.vn,0989938399,STUDENT
21136582,123456,Phạm Nhật Hương,sv21136582@student.edu.vn,0961417618,STUDENT
21136583,123456,Tạ Quốc Vinh,sv21136583@student.edu.vn,0969241231,STUDENT
21136584,123456,Cao Phương Tài,sv21136584@student.edu.vn,0943433872,STUDENT
21136585,123456,Dương Gia Trinh,sv21136585@student.edu.vn,0927635508,STUDENT
21136586,123456,Hà Gia Phát,sv21136586@student.edu.vn,0915236734,STUDENT
21136587,123456,Võ Hoàng Bình,sv21136587@student.edu.vn,0927290779,STUDENT
21136588,123456,Nguyễn Quốc Inh,sv21136588@student.edu.vn,0913793876,STUDENT
21136589,123456,Lý Gia Lan,sv21136589@student.edu.vn,0948040841,STUDENT
21136590,123456,Hồ Văn Kiệt,sv21136590@student.edu.vn,0912770939,STUDENT
21136591,123456,Cao Phương Khoa,sv21136591@student.edu.vn,0947202507,STUDENT
21136592,123456,Trần Kim Hương,sv21136592@student.edu.vn,0959465544,STUDENT
21136593,123456,Võ Nhật Bình,sv21136593@student.edu.vn,0957109082,STUDENT
21136594,123456,Tạ Quốc Yến,sv21136594@student.edu.vn,0910132360,STUDENT
21136595,123456,Lý Tuấn Duy,sv21136595@student.edu.vn,0974133012,STUDENT
21136596,123456,Đặng Quang Yến,sv21136596@student.edu.vn,0916945212,STUDENT
21136597,123456,Vũ Quang Lộc,sv21136597@student.edu.vn,0945732374,STUDENT
21136598,123456,Trần Đức Nga,sv21136598@student.edu.vn,0955100734,STUDENT
21136599,123456,Võ Ngọc Minh,sv21136599@student.edu.vn,0983022081,STUDENT
21136600,123456,Tạ Anh Kiệt,sv21136600@student.edu.vn,0992805538,STUDENT
21136601,123456,Ngô Nhật Duy,sv21136601@student.edu.vn,0995134195,STUDENT
21136602,123456,Tạ Đức Sơn,sv21136602@student.edu.vn,0912282560,STUDENT
21136603,123456,Hà Thiện Đạt,sv21136603@student.edu.vn,0912065480,STUDENT
21136604,123456,Cao Hoàng Phát,sv21136604@student.edu.vn,0973645163,STUDENT
21136605,123456,Nguyễn Thiện Duy,sv21136605@student.edu.vn,0991284005,STUDENT
21136606,123456,Đinh Thị Xuân,sv21136606@student.edu.vn,0997442000,STUDENT
21136607,123456,Lâm Nhật Quân,sv21136607@student.edu.vn,0935473473,STUDENT
21136608,123456,Đoàn Bảo Thành,sv21136608@student.edu.vn,0984652170,STUDENT
21136609,123456,Phạm Minh Trí,sv21136609@student.edu.vn,0936480001,STUDENT
21136610,123456,Trịnh Thị Phát,sv21136610@student.edu.vn,0910876516,STUDENT
21136611,123456,Tạ Kim Tùng,sv21136611@student.edu.vn,0952796451,STUDENT
21136612,123456,Lý Xuân Trang,sv21136612@student.edu.vn,0950315852,STUDENT
21136613,123456,Đỗ Hoàng Lộc,sv21136613@student.edu.vn,0911408958,STUDENT
21136614,123456,Hoàng Anh Phát,sv21136614@student.edu.vn,0918964256,STUDENT
21136615,123456,Phạm Hữu Trí,sv21136615@student.edu.vn,0992533325,STUDENT
21136616,123456,Đặng Ngọc Thành,sv21136616@student.edu.vn,0991427147,STUDENT
21136617,123456,Tạ Tuấn Thảo,sv21136617@student.edu.vn,0924343355,STUDENT
21136618,123456,Đỗ Hữu Hùng,sv21136618@student.edu.vn,0985973220,STUDENT
21136619,123456,Mai Đức Giang,sv21136619@student.edu.vn,0984403771,STUDENT
21136620,123456,Lâm Minh Sơn,sv21136620@student.edu.vn,0930612309,STUDENT
21136621,123456,Phan Quang Phong,sv21136621@student.edu.vn,0966881652,STUDENT
21136622,123456,Huỳnh Kim Nga,sv21136622@student.edu.vn,0960220622,STUDENT
21136623,123456,Tạ Hữu Vinh,sv21136623@student.edu.vn,0951710273,STUDENT
21136624,123456,Hồ Văn Giang,sv21136624@student.edu.vn,0939144555,STUDENT
21136625,123456,Đỗ Đức Oanh,sv21136625@student.edu.vn,0991957023,STUDENT
21136626,123456,Lý Anh Quân,sv21136626@student.edu.vn,0934772976,STUDENT
21136627,123456,Bùi Văn Minh,sv21136627@student.edu.vn,0914625897,STUDENT
21136628,123456,Bùi Trung Tùng,sv21136628@student.edu.vn,0935862996,STUDENT
21136629,123456,Võ Nhật Sơn,sv21136629@student.edu.vn,0982284653,STUDENT
21136630,123456,Hồ Văn Xuân,sv21136630@student.edu.vn,0930595780,STUDENT
21136631,123456,Lý Bảo Vân,sv21136631@student.edu.vn,0918474997,STUDENT
21136632,123456,Đinh Hồng Trung,sv21136632@student.edu.vn,0968907130,STUDENT
21136633,123456,Mai Kim Linh,sv21136633@student.edu.vn,0953855812,STUDENT
21136634,123456,Dương Trung Bình,sv21136634@student.edu.vn,0991373106,STUDENT
21136635,123456,Cao Tuấn Inh,sv21136635@student.edu.vn,0962839341,STUDENT
21136636,123456,Trịnh Đức Long,sv21136636@student.edu.vn,0961033999,STUDENT
21136637,123456,Bùi Quốc Bình,sv21136637@student.edu.vn,0944435135,STUDENT
21136638,123456,Mai Quang Duy,sv21136638@student.edu.vn,0989823760,STUDENT
21136639,123456,Hoàng Hải Phát,sv21136639@student.edu.vn,0959042441,STUDENT
21136640,123456,Vũ Ngọc Rạng,sv21136640@student.edu.vn,0987126392,STUDENT
21136641,123456,Tạ Gia Nga,sv21136641@student.edu.vn,0947432659,STUDENT
21136642,123456,Lý Ngọc Yến,sv21136642@student.edu.vn,0953387348,STUDENT
21136643,123456,Phạm Tuấn Trung,sv21136643@student.edu.vn,0912826696,STUDENT
21136644,123456,Hoàng Hoàng Sơn,sv21136644@student.edu.vn,0913773883,STUDENT
21136645,123456,Dương Quang Sơn,sv21136645@student.edu.vn,0960799395,STUDENT
21136646,123456,Võ Hữu Trinh,sv21136646@student.edu.vn,0999201663,STUDENT
21136647,123456,Trần Duy Lộc,sv21136647@student.edu.vn,0944978827,STUDENT
21136648,123456,Huỳnh Nhật Huy,sv21136648@student.edu.vn,0934572703,STUDENT
21136649,123456,Cao Văn Minh,sv21136649@student.edu.vn,0953263486,STUDENT
21136650,123456,Dương Đức Lan,sv21136650@student.edu.vn,0957146396,STUDENT
21136651,123456,Phan Tuấn Xuân,sv21136651@student.edu.vn,0938648104,STUDENT
21136652,123456,Lê Thu Hương,sv21136652@student.edu.vn,0984370016,STUDENT
21136653,123456,Ngô Đức Thảo,sv21136653@student.edu.vn,0953872299,STUDENT
21136654,123456,Đinh Trung Yến,sv21136654@student.edu.vn,0938473220,STUDENT
21136655,123456,Trần Nhật Toàn,sv21136655@student.edu.vn,0998521559,STUDENT
21136656,123456,Mai Phương Vân,sv21136656@student.edu.vn,0999758925,STUDENT
21136657,123456,Nguyễn Quang Tài,sv21136657@student.edu.vn,0953155121,STUDENT
21136658,123456,Trần Anh Duy,sv21136658@student.edu.vn,0955450664,STUDENT
21136659,123456,Trịnh Văn Kiệt,sv21136659@student.edu.vn,0924875829,STUDENT
21136660,123456,Nguyễn Phương Thảo,sv21136660@student.edu.vn,0967466336,STUDENT
21136661,123456,Cao Gia Thành,sv21136661@student.edu.vn,0936009631,STUDENT
21136662,123456,Nguyễn Thiện Tài,sv21136662@student.edu.vn,0944951498,STUDENT
21136663,123456,Đoàn Hải Bảo,sv21136663@student.edu.vn,0943208990,STUDENT
21136664,123456,Lê Kim Trang,sv21136664@student.edu.vn,0991877494,STUDENT
21136665,123456,Đinh Duy An,sv21136665@student.edu.vn,0952038579,STUDENT
21136666,123456,Lê Tuấn Duy,sv21136666@student.edu.vn,0999313852,STUDENT
21136667,123456,Võ Đức Sơn,sv21136667@student.edu.vn,0956362691,STUDENT
21136668,123456,Trịnh Hải Đạt,sv21136668@student.edu.vn,0935786316,STUDENT
21136669,123456,Đặng Quốc Đạt,sv21136669@student.edu.vn,0972538383,STUDENT
21136670,123456,Dương Minh Trang,sv21136670@student.edu.vn,0936560186,STUDENT
21136671,123456,Vũ Tuấn Bảo,sv21136671@student.edu.vn,0950442313,STUDENT
21136672,123456,Đỗ Thanh Lộc,sv21136672@student.edu.vn,0988457238,STUDENT
21136673,123456,Đoàn Anh Trinh,sv21136673@student.edu.vn,0999493178,STUDENT
21136674,123456,Võ Hoàng Yến,sv21136674@student.edu.vn,0998933999,STUDENT
21136675,123456,Đinh Trung Inh,sv21136675@student.edu.vn,0993964201,STUDENT
21136676,123456,Trịnh Duy Bình,sv21136676@student.edu.vn,0927303499,STUDENT
21136677,123456,Đỗ Đức Giang,sv21136677@student.edu.vn,0930285514,STUDENT
21136678,123456,Lý Thu An,sv21136678@student.edu.vn,0942787086,STUDENT
21136679,123456,Lâm Hữu Tùng,sv21136679@student.edu.vn,0993355279,STUDENT
21136680,123456,Trịnh Hoàng Trí,sv21136680@student.edu.vn,0964374989,STUDENT
21136681,123456,Bùi Nhật Sơn,sv21136681@student.edu.vn,0968583730,STUDENT
21136682,123456,Lâm Thiện Trinh,sv21136682@student.edu.vn,0952742155,STUDENT
21136683,123456,Trần Thiện Lộc,sv21136683@student.edu.vn,0992253339,STUDENT
21136684,123456,Hoàng Bảo Phong,sv21136684@student.edu.vn,0996292398,STUDENT
21136685,123456,Võ Hải Phát,sv21136685@student.edu.vn,0965742284,STUDENT
21136686,123456,Đinh Thanh Giang,sv21136686@student.edu.vn,0929818839,STUDENT
21136687,123456,Lâm Hồng Duy,sv21136687@student.edu.vn,0969506771,STUDENT
21136688,123456,Hà Trung Linh,sv21136688@student.edu.vn,0943637568,STUDENT
21136689,123456,Trần Hữu Xuân,sv21136689@student.edu.vn,0982048142,STUDENT
21136690,123456,Đinh Phương Thành,sv21136690@student.edu.vn,0943689934,STUDENT
21136691,123456,Đỗ Trung Khoa,sv21136691@student.edu.vn,0917859615,STUDENT
21136692,123456,Đỗ Xuân Vinh,sv21136692@student.edu.vn,0959658983,STUDENT
21136693,123456,Vũ Trung Thành,sv21136693@student.edu.vn,0966363523,STUDENT
21136694,123456,Mai Hoàng Lộc,sv21136694@student.edu.vn,0967791861,STUDENT
21136695,123456,Phạm Thu Trí,sv21136695@student.edu.vn,0952477444,STUDENT
21136696,123456,Lâm Ngọc Cường,sv21136696@student.edu.vn,0958935422,STUDENT
21136697,123456,Đoàn Văn Toàn,sv21136697@student.edu.vn,0946017083,STUDENT
21136698,123456,Trần Đức Nhật,sv21136698@student.edu.vn,0962164931,STUDENT
21136699,123456,Võ Hồng Vinh,sv21136699@student.edu.vn,0937963262,STUDENT
21136700,123456,Lý Xuân Hà,sv21136700@student.edu.vn,0997531667,STUDENT
21136701,123456,Đặng Hồng Thắng,sv21136701@student.edu.vn,0993725253,STUDENT
21136702,123456,Đinh Gia Nga,sv21136702@student.edu.vn,0971011183,STUDENT
21136703,123456,Tạ Đức Thành,sv21136703@student.edu.vn,0910596467,STUDENT
21136704,123456,Mai Ngọc Huy,sv21136704@student.edu.vn,0943150624,STUDENT
21136705,123456,Cao Hồng Trang,sv21136705@student.edu.vn,0996001076,STUDENT
21136706,123456,Phan Xuân Sơn,sv21136706@student.edu.vn,0965096747,STUDENT
21136707,123456,Tạ Bảo Nam,sv21136707@student.edu.vn,0954567942,STUDENT
21136708,123456,Ngô Thu Trí,sv21136708@student.edu.vn,0943061405,STUDENT
21136709,123456,Tạ Xuân Lộc,sv21136709@student.edu.vn,0974184699,STUDENT
21136710,123456,Hà Đức Tùng,sv21136710@student.edu.vn,0958828389,STUDENT
21136711,123456,Trần Thanh Long,sv21136711@student.edu.vn,0925194193,STUDENT
21136712,123456,Phạm Thanh Quân,sv21136712@student.edu.vn,0927959174,STUDENT
21136713,123456,Bùi Trung Xuân,sv21136713@student.edu.vn,0973688456,STUDENT
21136714,123456,Ngô Anh Thành,sv21136714@student.edu.vn,0981565020,STUDENT
21136715,123456,Dương Hữu Xuân,sv21136715@student.edu.vn,0978261730,STUDENT
21136716,123456,Hoàng Hải Oanh,sv21136716@student.edu.vn,0970892011,STUDENT
21136717,123456,Hà Trung Tài,sv21136717@student.edu.vn,0916970571,STUDENT
21136718,123456,Huỳnh Minh An,sv21136718@student.edu.vn,0958590856,STUDENT
21136719,123456,Lê Văn Uyên,sv21136719@student.edu.vn,0937674371,STUDENT
21136720,123456,Hồ Ngọc Toàn,sv21136720@student.edu.vn,0965122625,STUDENT
21136721,123456,Trần Tuấn Tùng,sv21136721@student.edu.vn,0981867063,STUDENT
21136722,123456,Phan Hải Xuân,sv21136722@student.edu.vn,0946317291,STUDENT
21136723,123456,Phan Quang Rạng,sv21136723@student.edu.vn,0996459991,STUDENT
21136724,123456,Lý Thu An,sv21136724@student.edu.vn,0915486126,STUDENT
21136725,123456,Đinh Gia Phong,sv21136725@student.edu.vn,0934839752,STUDENT
21136726,123456,Tạ Kim Phúc,sv21136726@student.edu.vn,0952634884,STUDENT
21136727,123456,Bùi Thị Rạng,sv21136727@student.edu.vn,0951633263,STUDENT
21136728,123456,Dương Gia Đạt,sv21136728@student.edu.vn,0993957367,STUDENT
21136729,123456,Trịnh Phương Giang,sv21136729@student.edu.vn,0976754628,STUDENT
21136730,123456,Lê Hữu Tài,sv21136730@student.edu.vn,0921117671,STUDENT
21136731,123456,Ngô Hữu Linh,sv21136731@student.edu.vn,0958371641,STUDENT
21136732,123456,Trịnh Xuân Kiệt,sv21136732@student.edu.vn,0917530185,STUDENT
21136733,123456,Phạm Hải Inh,sv21136733@student.edu.vn,0926479610,STUDENT
21136734,123456,Bùi Thanh Vân,sv21136734@student.edu.vn,0938453323,STUDENT
21136735,123456,Trần Quốc Xuân,sv21136735@student.edu.vn,0912534493,STUDENT
21136736,123456,Tạ Duy Phát,sv21136736@student.edu.vn,0968545388,STUDENT
21136737,123456,Ngô Đức Thành,sv21136737@student.edu.vn,0999670849,STUDENT
21136738,123456,Lý Thị Quân,sv21136738@student.edu.vn,0957900177,STUDENT
21136739,123456,Đỗ Anh Trang,sv21136739@student.edu.vn,0945277286,STUDENT
21136740,123456,Đỗ Kim Uyên,sv21136740@student.edu.vn,0941129266,STUDENT
21136741,123456,Võ Đức Giang,sv21136741@student.edu.vn,0931462134,STUDENT
21136742,123456,Tạ Quang Phúc,sv21136742@student.edu.vn,0956919452,STUDENT
21136743,123456,Lê Thị Nam,sv21136743@student.edu.vn,0927183845,STUDENT
21136744,123456,Mai Minh Nam,sv21136744@student.edu.vn,0911817312,STUDENT
21136745,123456,Trần Đức Hà,sv21136745@student.edu.vn,0964008894,STUDENT
21136746,123456,Dương Hồng Phát,sv21136746@student.edu.vn,0959175737,STUDENT
21136747,123456,Đặng Văn Bảo,sv21136747@student.edu.vn,0998141226,STUDENT
21136748,123456,Vũ Bảo Thắng,sv21136748@student.edu.vn,0953027729,STUDENT
21136749,123456,Đặng Phương Tùng,sv21136749@student.edu.vn,0930567181,STUDENT
21136750,123456,Hồ Ngọc Bảo,sv21136750@student.edu.vn,0997891102,STUDENT
21136751,123456,Tạ Hồng Vân,sv21136751@student.edu.vn,0988066706,STUDENT
21136752,123456,Lý Nhật Trang,sv21136752@student.edu.vn,0912261438,STUDENT
21136753,123456,Bùi Bảo Hùng,sv21136753@student.edu.vn,0941939550,STUDENT
21136754,123456,Ngô Nhật Nam,sv21136754@student.edu.vn,0957167933,STUDENT
21136755,123456,Hoàng Minh Đạt,sv21136755@student.edu.vn,0996683989,STUDENT
21136756,123456,Trần Phương Trang,sv21136756@student.edu.vn,0993207501,STUDENT
21136757,123456,Cao Kim Hiếu,sv21136757@student.edu.vn,0996293757,STUDENT
21136758,123456,Trần Trung Lộc,sv21136758@student.edu.vn,0956480404,STUDENT
21136759,123456,Ngô Hữu Nhật,sv21136759@student.edu.vn,0937873410,STUDENT
21136760,123456,Dương Hữu Cường,sv21136760@student.edu.vn,0988675288,STUDENT
21136761,123456,Phan Đức Minh,sv21136761@student.edu.vn,0940326559,STUDENT
21136762,123456,Đặng Quốc Tâm,sv21136762@student.edu.vn,0934229436,STUDENT
21136763,123456,Huỳnh Tuấn Hùng,sv21136763@student.edu.vn,0985353201,STUDENT
21136764,123456,Trần Phương Bảo,sv21136764@student.edu.vn,0985783735,STUDENT
21136765,123456,Phạm Hoàng Khoa,sv21136765@student.edu.vn,0926961411,STUDENT
21136766,123456,Hồ Thiện Phát,sv21136766@student.edu.vn,0955425841,STUDENT
21136767,123456,Nguyễn Duy Tâm,sv21136767@student.edu.vn,0945192617,STUDENT
21136768,123456,Phạm Hữu Linh,sv21136768@student.edu.vn,0926074948,STUDENT
21136769,123456,Võ Duy Tài,sv21136769@student.edu.vn,0999094883,STUDENT
21136770,123456,Mai Văn Bảo,sv21136770@student.edu.vn,0918151690,STUDENT
21136771,123456,Phạm Văn Huy,sv21136771@student.edu.vn,0931926438,STUDENT
21136772,123456,Đinh Nhật Trinh,sv21136772@student.edu.vn,0969509367,STUDENT
21136773,123456,Phạm Ngọc Phát,sv21136773@student.edu.vn,0918120057,STUDENT
21136774,123456,Huỳnh Thị Oanh,sv21136774@student.edu.vn,0986362672,STUDENT
21136775,123456,Trịnh Trung Nam,sv21136775@student.edu.vn,0984286563,STUDENT
21136776,123456,Nguyễn Hồng Phúc,sv21136776@student.edu.vn,0969994158,STUDENT
21136777,123456,Hồ Hữu Vinh,sv21136777@student.edu.vn,0940763302,STUDENT
21136778,123456,Huỳnh Duy Vinh,sv21136778@student.edu.vn,0962069268,STUDENT
21136779,123456,Hồ Anh Xuân,sv21136779@student.edu.vn,0941309310,STUDENT
21136780,123456,Dương Thu Huy,sv21136780@student.edu.vn,0923668229,STUDENT
21136781,123456,Hồ Tuấn Nga,sv21136781@student.edu.vn,0976813920,STUDENT
21136782,123456,Huỳnh Hữu Quân,sv21136782@student.edu.vn,0952397336,STUDENT
21136783,123456,Mai Đức Giang,sv21136783@student.edu.vn,0919450127,STUDENT
21136784,123456,Đinh Hồng Hiếu,sv21136784@student.edu.vn,0922814254,STUDENT
21136785,123456,Đoàn Đức Phong,sv21136785@student.edu.vn,0952729015,STUDENT
21136786,123456,Đỗ Trung Đạt,sv21136786@student.edu.vn,0992027818,STUDENT
21136787,123456,Đinh Gia Phát,sv21136787@student.edu.vn,0983012018,STUDENT
21136788,123456,Bùi Trung Khoa,sv21136788@student.edu.vn,0984524627,STUDENT
21136789,123456,Đoàn Quang Long,sv21136789@student.edu.vn,0958243131,STUDENT
21136790,123456,Hà Ngọc Hiếu,sv21136790@student.edu.vn,0980431458,STUDENT
21136791,123456,Phạm Hữu Oanh,sv21136791@student.edu.vn,0957335751,STUDENT
21136792,123456,Đặng Nhật Lộc,sv21136792@student.edu.vn,0986854578,STUDENT
21136793,123456,Cao Hữu Thành,sv21136793@student.edu.vn,0928159072,STUDENT
21136794,123456,Trịnh Đức Vinh,sv21136794@student.edu.vn,0983211285,STUDENT
21136795,123456,Đặng Trung Tùng,sv21136795@student.edu.vn,0913547833,STUDENT
21136796,123456,Tạ Quang Hương,sv21136796@student.edu.vn,0910967538,STUDENT
21136797,123456,Võ Trung Xuân,sv21136797@student.edu.vn,0936687858,STUDENT
21136798,123456,Trần Xuân Em,sv21136798@student.edu.vn,0932954589,STUDENT
21136799,123456,Cao Hữu Thắng,sv21136799@student.edu.vn,0962409670,STUDENT
21136800,123456,Đoàn Hải Tài,sv21136800@student.edu.vn,0988299425,STUDENT
21136801,123456,Hoàng Thị Duy,sv21136801@student.edu.vn,0973191116,STUDENT
21136802,123456,Lý Hải Huy,sv21136802@student.edu.vn,0935973669,STUDENT
21136803,123456,Đoàn Hoàng Linh,sv21136803@student.edu.vn,0913791273,STUDENT
21136804,123456,Lâm Bảo Huy,sv21136804@student.edu.vn,0952634381,STUDENT
21136805,123456,Ngô Văn Inh,sv21136805@student.edu.vn,0965158313,STUDENT
21136806,123456,Hà Kim Minh,sv21136806@student.edu.vn,0972624521,STUDENT
21136807,123456,Võ Thiện Trinh,sv21136807@student.edu.vn,0928314535,STUDENT
21136808,123456,Cao Hoàng Minh,sv21136808@student.edu.vn,0987707731,STUDENT
21136809,123456,Lý Phương Huy,sv21136809@student.edu.vn,0949475599,STUDENT
21136810,123456,Trịnh Minh Minh,sv21136810@student.edu.vn,0977518836,STUDENT
21136811,123456,Trịnh Hồng Phúc,sv21136811@student.edu.vn,0983480563,STUDENT
21136812,123456,Phạm Thu Trinh,sv21136812@student.edu.vn,0929653622,STUDENT
21136813,123456,Trần Nhật Tùng,sv21136813@student.edu.vn,0989044594,STUDENT
21136814,123456,Mai Kim Tài,sv21136814@student.edu.vn,0919993128,STUDENT
21136815,123456,Bùi Xuân Thành,sv21136815@student.edu.vn,0924211519,STUDENT
21136816,123456,Võ Hải Yến,sv21136816@student.edu.vn,0980276569,STUDENT
21136817,123456,Mai Kim Bảo,sv21136817@student.edu.vn,0993137050,STUDENT
21136818,123456,Mai Hoàng Oanh,sv21136818@student.edu.vn,0994618078,STUDENT
21136819,123456,Tạ Quốc Đạt,sv21136819@student.edu.vn,0956650851,STUDENT
21136820,123456,Cao Minh Em,sv21136820@student.edu.vn,0980606857,STUDENT
21136821,123456,Đặng Gia Giang,sv21136821@student.edu.vn,0962291169,STUDENT
21136822,123456,Phan Hoàng Linh,sv21136822@student.edu.vn,0942930502,STUDENT
21136823,123456,Phan Thu Linh,sv21136823@student.edu.vn,0959287279,STUDENT
21136824,123456,Đinh Anh Yến,sv21136824@student.edu.vn,0962996610,STUDENT
21136825,123456,Võ Kim Bảo,sv21136825@student.edu.vn,0993332407,STUDENT
21136826,123456,Hoàng Tuấn Hùng,sv21136826@student.edu.vn,0959665229,STUDENT
21136827,123456,Hoàng Hữu Huy,sv21136827@student.edu.vn,0943513999,STUDENT
21136828,123456,Nguyễn Thu Đạt,sv21136828@student.edu.vn,0992010209,STUDENT
21136829,123456,Ngô Kim Bình,sv21136829@student.edu.vn,0957305735,STUDENT
21136830,123456,Hà Anh Nhật,sv21136830@student.edu.vn,0987084468,STUDENT
21136831,123456,Vũ Hồng Long,sv21136831@student.edu.vn,0936544128,STUDENT
21136832,123456,Trần Duy Vinh,sv21136832@student.edu.vn,0992271707,STUDENT
21136833,123456,Huỳnh Văn Hùng,sv21136833@student.edu.vn,0967570898,STUDENT
21136834,123456,Vũ Xuân Vân,sv21136834@student.edu.vn,0939799494,STUDENT
21136835,123456,Lê Thiện Trinh,sv21136835@student.edu.vn,0963649980,STUDENT
21136836,123456,Huỳnh Gia An,sv21136836@student.edu.vn,0924975562,STUDENT
21136837,123456,Cao Gia Trang,sv21136837@student.edu.vn,0999084837,STUDENT
21136838,123456,Hoàng Văn Hùng,sv21136838@student.edu.vn,0915923436,STUDENT
21136839,123456,Đoàn Ngọc Lộc,sv21136839@student.edu.vn,0989568649,STUDENT
21136840,123456,Cao Hữu Đạt,sv21136840@student.edu.vn,0965807778,STUDENT
21136841,123456,Phạm Duy Hiếu,sv21136841@student.edu.vn,0959153228,STUDENT
21136842,123456,Ngô Văn Vinh,sv21136842@student.edu.vn,0981813666,STUDENT
21136843,123456,Tạ Kim Trung,sv21136843@student.edu.vn,0953017340,STUDENT
21136844,123456,Hồ Phương Hương,sv21136844@student.edu.vn,0996875819,STUDENT
21136845,123456,Đặng Hải Tài,sv21136845@student.edu.vn,0939364761,STUDENT
21136846,123456,Bùi Văn Phát,sv21136846@student.edu.vn,0980895844,STUDENT
21136847,123456,Hoàng Xuân Giang,sv21136847@student.edu.vn,0970118873,STUDENT
21136848,123456,Trịnh Hồng Tùng,sv21136848@student.edu.vn,0994566871,STUDENT
21136849,123456,Bùi Hải Thành,sv21136849@student.edu.vn,0979029347,STUDENT
21136850,123456,Phan Thiện Đạt,sv21136850@student.edu.vn,0970550524,STUDENT
21136851,123456,Đinh Thanh Đạt,sv21136851@student.edu.vn,0958768123,STUDENT
21136852,123456,Lý Tuấn Phúc,sv21136852@student.edu.vn,0968829004,STUDENT
21136853,123456,Hà Bảo Tùng,sv21136853@student.edu.vn,0989205733,STUDENT
21136854,123456,Huỳnh Đức Thành,sv21136854@student.edu.vn,0917302628,STUDENT
21136855,123456,Lý Thu Tùng,sv21136855@student.edu.vn,0926579506,STUDENT
21136856,123456,Lý Minh Hùng,sv21136856@student.edu.vn,0967195320,STUDENT
21136857,123456,Hồ Kim Lan,sv21136857@student.edu.vn,0976463395,STUDENT
21136858,123456,Hồ Thiện Minh,sv21136858@student.edu.vn,0954455484,STUDENT
21136859,123456,Phan Thị Trinh,sv21136859@student.edu.vn,0947904914,STUDENT
21136860,123456,Vũ Hồng Inh,sv21136860@student.edu.vn,0987995701,STUDENT
21136861,123456,Phạm Đức Long,sv21136861@student.edu.vn,0930042379,STUDENT
21136862,123456,Lê Minh Thành,sv21136862@student.edu.vn,0939278097,STUDENT
21136863,123456,Đoàn Quang Oanh,sv21136863@student.edu.vn,0930027072,STUDENT
21136864,123456,Võ Hồng Long,sv21136864@student.edu.vn,0948963831,STUDENT
21136865,123456,Hà Ngọc Trinh,sv21136865@student.edu.vn,0996771087,STUDENT
21136866,123456,Đoàn Ngọc Yến,sv21136866@student.edu.vn,0929432471,STUDENT
21136867,123456,Huỳnh Thanh Rạng,sv21136867@student.edu.vn,0945041940,STUDENT
21136868,123456,Đỗ Kim Tâm,sv21136868@student.edu.vn,0923049239,STUDENT
21136869,123456,Hà Thu Xuân,sv21136869@student.edu.vn,0935461734,STUDENT
21136870,123456,Phạm Ngọc Quân,sv21136870@student.edu.vn,0911000724,STUDENT
21136871,123456,Lâm Anh Duy,sv21136871@student.edu.vn,0941934604,STUDENT
21136872,123456,Bùi Trung Thành,sv21136872@student.edu.vn,0965266095,STUDENT
21136873,123456,Lê Thu Phong,sv21136873@student.edu.vn,0999150247,STUDENT
21136874,123456,Hà Gia Cường,sv21136874@student.edu.vn,0911379050,STUDENT
21136875,123456,Bùi Thiện Toàn,sv21136875@student.edu.vn,0956574337,STUDENT
21136876,123456,Trần Tuấn Trang,sv21136876@student.edu.vn,0938938407,STUDENT
21136877,123456,Đoàn Bảo Minh,sv21136877@student.edu.vn,0917980925,STUDENT
21136878,123456,Đỗ Gia Em,sv21136878@student.edu.vn,0952666253,STUDENT
21136879,123456,Lý Hữu Trang,sv21136879@student.edu.vn,0934838333,STUDENT
21136880,123456,Dương Hữu Trí,sv21136880@student.edu.vn,0938616731,STUDENT
21136881,123456,Hà Quốc Cường,sv21136881@student.edu.vn,0948355346,STUDENT
21136882,123456,Mai Bảo Rạng,sv21136882@student.edu.vn,0966936869,STUDENT
21136883,123456,Võ Phương Tài,sv21136883@student.edu.vn,0963561517,STUDENT
21136884,123456,Cao Phương Xuân,sv21136884@student.edu.vn,0980734494,STUDENT
21136885,123456,Vũ Phương Nhật,sv21136885@student.edu.vn,0994578771,STUDENT
21136886,123456,Lâm Đức Phúc,sv21136886@student.edu.vn,0974304391,STUDENT
21136887,123456,Hồ Duy Phong,sv21136887@student.edu.vn,0997252754,STUDENT
21136888,123456,Lý Hồng Oanh,sv21136888@student.edu.vn,0989821175,STUDENT
21136889,123456,Trịnh Duy An,sv21136889@student.edu.vn,0922284281,STUDENT
21136890,123456,Hà Hữu Xuân,sv21136890@student.edu.vn,0911833804,STUDENT
21136891,123456,Phạm Bảo Tùng,sv21136891@student.edu.vn,0932701624,STUDENT
21136892,123456,Lâm Xuân Tâm,sv21136892@student.edu.vn,0931481150,STUDENT
21136893,123456,Bùi Hữu Nam,sv21136893@student.edu.vn,0971523072,STUDENT
21136894,123456,Trần Tuấn Vân,sv21136894@student.edu.vn,0931480818,STUDENT
21136895,123456,Hà Quang Nga,sv21136895@student.edu.vn,0976547037,STUDENT
21136896,123456,Lý Quốc An,sv21136896@student.edu.vn,0949836971,STUDENT
21136897,123456,Ngô Trung Em,sv21136897@student.edu.vn,0919122387,STUDENT
21136898,123456,Phan Hoàng Duy,sv21136898@student.edu.vn,0927929144,STUDENT
21136899,123456,Huỳnh Hoàng Vân,sv21136899@student.edu.vn,0968672931,STUDENT
21136900,123456,Bùi Phương Nhật,sv21136900@student.edu.vn,0915402148,STUDENT
21136901,123456,Huỳnh Hồng Vân,sv21136901@student.edu.vn,0984629002,STUDENT
21136902,123456,Đoàn Đức Lan,sv21136902@student.edu.vn,0981755121,STUDENT
21136903,123456,Phan Kim Tùng,sv21136903@student.edu.vn,0925771024,STUDENT
21136904,123456,Ngô Minh Giang,sv21136904@student.edu.vn,0930629163,STUDENT
21136905,123456,Bùi Thiện Huy,sv21136905@student.edu.vn,0933008615,STUDENT
21136906,123456,Huỳnh Gia Kiệt,sv21136906@student.edu.vn,0937701088,STUDENT
21136907,123456,Trịnh Minh Thảo,sv21136907@student.edu.vn,0983245927,STUDENT
21136908,123456,Ngô Anh Long,sv21136908@student.edu.vn,0972497853,STUDENT
21136909,123456,Đoàn Gia Uyên,sv21136909@student.edu.vn,0966196108,STUDENT
21136910,123456,Trịnh Trung Bảo,sv21136910@student.edu.vn,0985384865,STUDENT
21136911,123456,Hoàng Trung Trí,sv21136911@student.edu.vn,0950890633,STUDENT
21136912,123456,Ngô Bảo Linh,sv21136912@student.edu.vn,0933807145,STUDENT
21136913,123456,Tạ Trung Trí,sv21136913@student.edu.vn,0940988898,STUDENT
21136914,123456,Hoàng Kim Cường,sv21136914@student.edu.vn,0976679493,STUDENT
21136915,123456,Hà Ngọc Nga,sv21136915@student.edu.vn,0984977696,STUDENT
21136916,123456,Đỗ Minh Hương,sv21136916@student.edu.vn,0939103544,STUDENT
21136917,123456,Dương Hải Inh,sv21136917@student.edu.vn,0914094373,STUDENT
21136918,123456,Dương Xuân Uyên,sv21136918@student.edu.vn,0923599213,STUDENT
21136919,123456,Vũ Bảo Rạng,sv21136919@student.edu.vn,0975604928,STUDENT
21136920,123456,Ngô Hoàng Oanh,sv21136920@student.edu.vn,0933005163,STUDENT
21136921,123456,Tạ Xuân Xuân,sv21136921@student.edu.vn,0915738415,STUDENT
21136922,123456,Lâm Ngọc Phúc,sv21136922@student.edu.vn,0963148185,STUDENT
21136923,123456,Hồ Minh Linh,sv21136923@student.edu.vn,0996054494,STUDENT
21136924,123456,Đoàn Thiện Phong,sv21136924@student.edu.vn,0946299700,STUDENT
21136925,123456,Dương Thị Huy,sv21136925@student.edu.vn,0943154194,STUDENT
21136926,123456,Trịnh Thu Oanh,sv21136926@student.edu.vn,0938310310,STUDENT
21136927,123456,Trần Bảo Sơn,sv21136927@student.edu.vn,0966976617,STUDENT
21136928,123456,Đặng Thu Hương,sv21136928@student.edu.vn,0938894265,STUDENT
21136929,123456,Lâm Xuân Vân,sv21136929@student.edu.vn,0945066591,STUDENT
21136930,123456,Cao Quốc Thắng,sv21136930@student.edu.vn,0945363912,STUDENT
21136931,123456,Phạm Xuân Khoa,sv21136931@student.edu.vn,0928186297,STUDENT
21136932,123456,Đoàn Đức Trinh,sv21136932@student.edu.vn,0939154036,STUDENT
21136933,123456,Huỳnh Duy Thắng,sv21136933@student.edu.vn,0988893022,STUDENT
21136934,123456,Hoàng Quang Sơn,sv21136934@student.edu.vn,0947465259,STUDENT
21136935,123456,Trịnh Gia Cường,sv21136935@student.edu.vn,0911925070,STUDENT
21136936,123456,Trần Nhật Nga,sv21136936@student.edu.vn,0997870803,STUDENT
21136937,123456,Hoàng Minh Oanh,sv21136937@student.edu.vn,0969537538,STUDENT
21136938,123456,Lý Hồng Nga,sv21136938@student.edu.vn,0931389247,STUDENT
21136939,123456,Ngô Thiện Sơn,sv21136939@student.edu.vn,0911360686,STUDENT
21136940,123456,Đặng Kim Trung,sv21136940@student.edu.vn,0965500733,STUDENT
21136941,123456,Trịnh Minh Phong,sv21136941@student.edu.vn,0917471767,STUDENT
21136942,123456,Đinh Phương Phong,sv21136942@student.edu.vn,0986288653,STUDENT
21136943,123456,Trịnh Minh Linh,sv21136943@student.edu.vn,0914058419,STUDENT
21136944,123456,Bùi Kim Uyên,sv21136944@student.edu.vn,0946598504,STUDENT
21136945,123456,Tạ Xuân Sơn,sv21136945@student.edu.vn,0975912046,STUDENT
21136946,123456,Bùi Kim Tài,sv21136946@student.edu.vn,0994868449,STUDENT
21136947,123456,Đặng Thu Rạng,sv21136947@student.edu.vn,0939430665,STUDENT
21136948,123456,Huỳnh Phương Long,sv21136948@student.edu.vn,0924496651,STUDENT
21136949,123456,Huỳnh Duy Tài,sv21136949@student.edu.vn,0958238211,STUDENT
21136950,123456,Hồ Đức Trinh,sv21136950@student.edu.vn,0928011887,STUDENT
21136951,123456,Đặng Hải Đạt,sv21136951@student.edu.vn,0973684088,STUDENT
21136952,123456,Cao Trung Trung,sv21136952@student.edu.vn,0982498825,STUDENT
21136953,123456,Nguyễn Hữu Hương,sv21136953@student.edu.vn,0960449724,STUDENT
21136954,123456,Hà Kim Phát,sv21136954@student.edu.vn,0970060865,STUDENT
21136955,123456,Tạ Nhật Thảo,sv21136955@student.edu.vn,0988601233,STUDENT
21136956,123456,Đoàn Quang Duy,sv21136956@student.edu.vn,0968704438,STUDENT
21136957,123456,Lâm Phương Huy,sv21136957@student.edu.vn,0930483644,STUDENT
21136958,123456,Lê Thanh Nam,sv21136958@student.edu.vn,0987597125,STUDENT
21136959,123456,Đoàn Thanh Trang,sv21136959@student.edu.vn,0963683044,STUDENT
21136960,123456,Hà Hồng Uyên,sv21136960@student.edu.vn,0985488726,STUDENT
21136961,123456,Dương Xuân Minh,sv21136961@student.edu.vn,0938257970,STUDENT
21136962,123456,Đoàn Anh Vân,sv21136962@student.edu.vn,0977667831,STUDENT
21136963,123456,Mai Thiện Vinh,sv21136963@student.edu.vn,0962171379,STUDENT
21136964,123456,Đinh Duy Hà,sv21136964@student.edu.vn,0968271030,STUDENT
21136965,123456,Phạm Thiện Bình,sv21136965@student.edu.vn,0943380522,STUDENT
21136966,123456,Lâm Anh Bình,sv21136966@student.edu.vn,0914707756,STUDENT
21136967,123456,Huỳnh Kim Hiếu,sv21136967@student.edu.vn,0914288654,STUDENT
21136968,123456,Đặng Trung Cường,sv21136968@student.edu.vn,0915766767,STUDENT
21136969,123456,Ngô Hoàng Giang,sv21136969@student.edu.vn,0957042962,STUDENT
21136970,123456,Lý Đức Inh,sv21136970@student.edu.vn,0928543716,STUDENT
21136971,123456,Lý Duy Bình,sv21136971@student.edu.vn,0918346189,STUDENT
21136972,123456,Đặng Hoàng Tài,sv21136972@student.edu.vn,0911004482,STUDENT
21136973,123456,Đoàn Gia Thành,sv21136973@student.edu.vn,0941672106,STUDENT
21136974,123456,Hà Quang Quân,sv21136974@student.edu.vn,0922694834,STUDENT
21136975,123456,Vũ Hoàng Sơn,sv21136975@student.edu.vn,0984209134,STUDENT
21136976,123456,Trịnh Hồng Rạng,sv21136976@student.edu.vn,0912381294,STUDENT
21136977,123456,Lâm Văn Inh,sv21136977@student.edu.vn,0948150578,STUDENT
21136978,123456,Trịnh Hoàng Hùng,sv21136978@student.edu.vn,0975656789,STUDENT
21136979,123456,Đoàn Đức Oanh,sv21136979@student.edu.vn,0980019633,STUDENT
21136980,123456,Tạ Xuân Thắng,sv21136980@student.edu.vn,0910818931,STUDENT
21136981,123456,Tạ Xuân Vinh,sv21136981@student.edu.vn,0987002729,STUDENT
21136982,123456,Lý Anh Nga,sv21136982@student.edu.vn,0994692792,STUDENT
21136983,123456,Phạm Hồng Yến,sv21136983@student.edu.vn,0986338977,STUDENT
21136984,123456,Lê Minh Quân,sv21136984@student.edu.vn,0924338302,STUDENT
21136985,123456,Tạ Kim Rạng,sv21136985@student.edu.vn,0990100009,STUDENT
21136986,123456,Đoàn Minh Khánh,sv21136986@student.edu.vn,0911627882,STUDENT
21136987,123456,Dương Xuân Khoa,sv21136987@student.edu.vn,0911511654,STUDENT
21136988,123456,Dương Văn Phong,sv21136988@student.edu.vn,0925818247,STUDENT
21136989,123456,Tạ Gia Uyên,sv21136989@student.edu.vn,0952514320,STUDENT
21136990,123456,Mai Kim Phong,sv21136990@student.edu.vn,0958054530,STUDENT
21136991,123456,Đặng Bảo Huy,sv21136991@student.edu.vn,0951424621,STUDENT
21136992,123456,Đoàn Thiện Cường,sv21136992@student.edu.vn,0934211769,STUDENT
21136993,123456,Đặng Bảo Inh,sv21136993@student.edu.vn,0951773898,STUDENT
21136994,123456,Mai Gia Trung,sv21136994@student.edu.vn,0935244339,STUDENT
21136995,123456,Phạm Quốc Hà,sv21136995@student.edu.vn,0965490757,STUDENT
21136996,123456,Lý Tuấn Nga,sv21136996@student.edu.vn,0941780889,STUDENT
21136997,123456,Phạm Minh Tài,sv21136997@student.edu.vn,0948550789,STUDENT
21136998,123456,Trịnh Phương Thắng,sv21136998@student.edu.vn,0991975775,STUDENT
21136999,123456,Vũ Kim Xuân,sv21136999@student.edu.vn,0936764307,STUDENT
21137000,123456,Phạm Hồng Vinh,sv21137000@student.edu.vn,0979848720,STUDENT
21137001,123456,Phan Ngọc Giang,sv21137001@student.edu.vn,0979766901,STUDENT
21137002,123456,Lê Thiện Hương,sv21137002@student.edu.vn,0918011146,STUDENT
21137003,123456,Đặng Thị Cường,sv21137003@student.edu.vn,0932081520,STUDENT
21137004,123456,Lý Gia Duy,sv21137004@student.edu.vn,0996835889,STUDENT
21137005,123456,Võ Nhật Khánh,sv21137005@student.edu.vn,0923327703,STUDENT
21137006,123456,Đặng Hải Yến,sv21137006@student.edu.vn,0976132460,STUDENT
21137007,123456,Lý Đức Nga,sv21137007@student.edu.vn,0925558950,STUDENT
21137008,123456,Phạm Anh Vinh,sv21137008@student.edu.vn,0914527177,STUDENT
21137009,123456,Phan Hải Long,sv21137009@student.edu.vn,0975176948,STUDENT
21137010,123456,Nguyễn Thu Trí,sv21137010@student.edu.vn,0942710025,STUDENT
21137011,123456,Đỗ Thanh Tài,sv21137011@student.edu.vn,0953707449,STUDENT
21137012,123456,Tạ Duy Nga,sv21137012@student.edu.vn,0946590808,STUDENT
21137013,123456,Tạ Phương Hương,sv21137013@student.edu.vn,0996269695,STUDENT
21137014,123456,Huỳnh Xuân Linh,sv21137014@student.edu.vn,0992083616,STUDENT
21137015,123456,Ngô Phương Thảo,sv21137015@student.edu.vn,0914121123,STUDENT
21137016,123456,Dương Hải Thành,sv21137016@student.edu.vn,0961115424,STUDENT
21137017,123456,Phan Hoàng Giang,sv21137017@student.edu.vn,0950058635,STUDENT
21137018,123456,Đinh Thị Trung,sv21137018@student.edu.vn,0929163294,STUDENT
21137019,123456,Lê Xuân Vinh,sv21137019@student.edu.vn,0955059220,STUDENT
21137020,123456,Ngô Trung Uyên,sv21137020@student.edu.vn,0922973506,STUDENT
21137021,123456,Đỗ Nhật Rạng,sv21137021@student.edu.vn,0970908945,STUDENT
21137022,123456,Đặng Thu Bảo,sv21137022@student.edu.vn,0982805864,STUDENT
21137023,123456,Nguyễn Nhật Tài,sv21137023@student.edu.vn,0970254831,STUDENT
21137024,123456,Phạm Thiện Phúc,sv21137024@student.edu.vn,0985648988,STUDENT
21137025,123456,Đỗ Bảo Nam,sv21137025@student.edu.vn,0980242191,STUDENT
21137026,123456,Cao Kim Bảo,sv21137026@student.edu.vn,0930691945,STUDENT
21137027,123456,Ngô Nhật Hà,sv21137027@student.edu.vn,0912638623,STUDENT
21137028,123456,Phan Đức Hà,sv21137028@student.edu.vn,0930380853,STUDENT
21137029,123456,Trần Thanh Phúc,sv21137029@student.edu.vn,0960868201,STUDENT
21137030,123456,Trịnh Tuấn Phát,sv21137030@student.edu.vn,0970819014,STUDENT
21137031,123456,Hà Thu Long,sv21137031@student.edu.vn,0946308039,STUDENT
21137032,123456,Trịnh Quốc Khánh,sv21137032@student.edu.vn,0932160099,STUDENT
21137033,123456,Hồ Hữu An,sv21137033@student.edu.vn,0994100653,STUDENT
21137034,123456,Cao Thị Trang,sv21137034@student.edu.vn,0956241138,STUDENT
21137035,123456,Tạ Quốc Xuân,sv21137035@student.edu.vn,0962460024,STUDENT
21137036,123456,Ngô Xuân Thảo,sv21137036@student.edu.vn,0933492676,STUDENT
21137037,123456,Lê Hữu Khánh,sv21137037@student.edu.vn,0924943370,STUDENT
21137038,123456,Trần Văn Xuân,sv21137038@student.edu.vn,0981412920,STUDENT
21137039,123456,Tạ Hải Phúc,sv21137039@student.edu.vn,0964843708,STUDENT
21137040,123456,Vũ Phương Phong,sv21137040@student.edu.vn,0995097488,STUDENT
21137041,123456,Phan Hải Kiệt,sv21137041@student.edu.vn,0987143658,STUDENT
21137042,123456,Huỳnh Gia Tùng,sv21137042@student.edu.vn,0919836426,STUDENT
21137043,123456,Đinh Thiện Tâm,sv21137043@student.edu.vn,0963438782,STUDENT
21137044,123456,Đỗ Bảo Tâm,sv21137044@student.edu.vn,0948149596,STUDENT
21137045,123456,Trịnh Anh Minh,sv21137045@student.edu.vn,0965133161,STUDENT
21137046,123456,Hà Xuân Linh,sv21137046@student.edu.vn,0987700002,STUDENT
21137047,123456,Cao Kim Lan,sv21137047@student.edu.vn,0921174027,STUDENT
21137048,123456,Trần Thu Lan,sv21137048@student.edu.vn,0956892774,STUDENT
21137049,123456,Dương Minh Vinh,sv21137049@student.edu.vn,0994582674,STUDENT
21137050,123456,Ngô Bảo Phúc,sv21137050@student.edu.vn,0978037876,STUDENT
21137051,123456,Đinh Xuân Rạng,sv21137051@student.edu.vn,0994274822,STUDENT
21137052,123456,Đỗ Gia Cường,sv21137052@student.edu.vn,0991283988,STUDENT
21137053,123456,Bùi Hữu Vân,sv21137053@student.edu.vn,0967783810,STUDENT
21137054,123456,Lê Hồng Trinh,sv21137054@student.edu.vn,0973787240,STUDENT
21137055,123456,Hồ Nhật Hùng,sv21137055@student.edu.vn,0980144481,STUDENT
21137056,123456,Lâm Hoàng Hà,sv21137056@student.edu.vn,0927259313,STUDENT
21137057,123456,Trịnh Tuấn Em,sv21137057@student.edu.vn,0996459827,STUDENT
21137058,123456,Đỗ Đức Thành,sv21137058@student.edu.vn,0934896232,STUDENT
21137059,123456,Đoàn Nhật Nga,sv21137059@student.edu.vn,0914922646,STUDENT
21137060,123456,Đỗ Thanh Oanh,sv21137060@student.edu.vn,0933550150,STUDENT
21137061,123456,Tạ Đức Giang,sv21137061@student.edu.vn,0963528980,STUDENT
21137062,123456,Nguyễn Xuân Phát,sv21137062@student.edu.vn,0988502209,STUDENT
21137063,123456,Phan Nhật Thành,sv21137063@student.edu.vn,0920940315,STUDENT
21137064,123456,Trần Ngọc Nhật,sv21137064@student.edu.vn,0951603231,STUDENT
21137065,123456,Phan Văn Huy,sv21137065@student.edu.vn,0994013824,STUDENT
21137066,123456,Cao Hữu Tài,sv21137066@student.edu.vn,0970241630,STUDENT
21137067,123456,Tạ Ngọc Hương,sv21137067@student.edu.vn,0910336192,STUDENT
21137068,123456,Hà Thiện Lộc,sv21137068@student.edu.vn,0946425093,STUDENT
21137069,123456,Ngô Thị Nam,sv21137069@student.edu.vn,0919977408,STUDENT
21137070,123456,Lê Ngọc Lan,sv21137070@student.edu.vn,0980272626,STUDENT
21137071,123456,Vũ Thị Nhật,sv21137071@student.edu.vn,0998828250,STUDENT
21137072,123456,Đặng Trung Lan,sv21137072@student.edu.vn,0929771008,STUDENT
21137073,123456,Vũ Hồng Tâm,sv21137073@student.edu.vn,0939381921,STUDENT
21137074,123456,Trần Bảo Khánh,sv21137074@student.edu.vn,0953670316,STUDENT
21137075,123456,Phạm Phương Khánh,sv21137075@student.edu.vn,0921980955,STUDENT
21137076,123456,Ngô Nhật Hùng,sv21137076@student.edu.vn,0984787362,STUDENT
21137077,123456,Nguyễn Thị Phong,sv21137077@student.edu.vn,0963139009,STUDENT
21137078,123456,Lý Hoàng Khánh,sv21137078@student.edu.vn,0993643740,STUDENT
21137079,123456,Hà Kim Tâm,sv21137079@student.edu.vn,0960378052,STUDENT
21137080,123456,Đỗ Gia Bảo,sv21137080@student.edu.vn,0974323066,STUDENT
21137081,123456,Cao Nhật Sơn,sv21137081@student.edu.vn,0939971909,STUDENT
21137082,123456,Huỳnh Trung Hương,sv21137082@student.edu.vn,0932040325,STUDENT
21137083,123456,Nguyễn Hải Trang,sv21137083@student.edu.vn,0996077136,STUDENT
21137084,123456,Lê Trung Hiếu,sv21137084@student.edu.vn,0914887361,STUDENT
21137085,123456,Võ Minh Thắng,sv21137085@student.edu.vn,0969079425,STUDENT
21137086,123456,Hoàng Hữu Cường,sv21137086@student.edu.vn,0929040340,STUDENT
21137087,123456,Trần Hoàng Hương,sv21137087@student.edu.vn,0956516145,STUDENT
21137088,123456,Hà Đức Hương,sv21137088@student.edu.vn,0921515826,STUDENT
21137089,123456,Hồ Quốc Toàn,sv21137089@student.edu.vn,0983486194,STUDENT
21137090,123456,Lý Nhật Tài,sv21137090@student.edu.vn,0942311582,STUDENT
21137091,123456,Dương Đức Nhật,sv21137091@student.edu.vn,0990031340,STUDENT
21137092,123456,Lê Thu Quân,sv21137092@student.edu.vn,0922789612,STUDENT
21137093,123456,Trịnh Anh Vinh,sv21137093@student.edu.vn,0951323920,STUDENT
21137094,123456,Ngô Trung Giang,sv21137094@student.edu.vn,0937948850,STUDENT
21137095,123456,Cao Thanh Bảo,sv21137095@student.edu.vn,0972097900,STUDENT
21137096,123456,Đoàn Quốc Đạt,sv21137096@student.edu.vn,0983510079,STUDENT
21137097,123456,Ngô Phương Quân,sv21137097@student.edu.vn,0920049796,STUDENT
21137098,123456,Mai Ngọc Nhật,sv21137098@student.edu.vn,0990489201,STUDENT
21137099,123456,Đoàn Anh Hà,sv21137099@student.edu.vn,0972697364,STUDENT
21137100,123456,Phan Văn Vinh,sv21137100@student.edu.vn,0996847191,STUDENT
21137101,123456,Đặng Duy Uyên,sv21137101@student.edu.vn,0935458870,STUDENT
21137102,123456,Đoàn Minh Oanh,sv21137102@student.edu.vn,0994350258,STUDENT
21137103,123456,Trần Tuấn Lộc,sv21137103@student.edu.vn,0959721155,STUDENT
21137104,123456,Đỗ Văn Nga,sv21137104@student.edu.vn,0929005541,STUDENT
21137105,123456,Đặng Thu Inh,sv21137105@student.edu.vn,0917338409,STUDENT
21137106,123456,Hà Thiện Bình,sv21137106@student.edu.vn,0918700506,STUDENT
21137107,123456,Ngô Kim Toàn,sv21137107@student.edu.vn,0957357419,STUDENT
21137108,123456,Bùi Tuấn Sơn,sv21137108@student.edu.vn,0967898339,STUDENT
21137109,123456,Hoàng Hữu Long,sv21137109@student.edu.vn,0918577187,STUDENT
21137110,123456,Bùi Trung Hà,sv21137110@student.edu.vn,0926298207,STUDENT
21137111,123456,Ngô Quang Phúc,sv21137111@student.edu.vn,0961441924,STUDENT
21137112,123456,Hồ Thu Uyên,sv21137112@student.edu.vn,0958700640,STUDENT
21137113,123456,Đinh Phương Khánh,sv21137113@student.edu.vn,0951914920,STUDENT
21137114,123456,Tạ Thanh Trí,sv21137114@student.edu.vn,0989740831,STUDENT
21137115,123456,Lê Hồng Lộc,sv21137115@student.edu.vn,0910028031,STUDENT
21137116,123456,Võ Minh Linh,sv21137116@student.edu.vn,0961943110,STUDENT
21137117,123456,Trần Ngọc Long,sv21137117@student.edu.vn,0936561422,STUDENT
21137118,123456,Cao Hồng Trí,sv21137118@student.edu.vn,0917195618,STUDENT
21137119,123456,Phan Quang Yến,sv21137119@student.edu.vn,0973111866,STUDENT
21137120,123456,Lê Đức Toàn,sv21137120@student.edu.vn,0987185386,STUDENT
21137121,123456,Hoàng Hải Uyên,sv21137121@student.edu.vn,0929438258,STUDENT
21137122,123456,Đỗ Bảo Trinh,sv21137122@student.edu.vn,0948388781,STUDENT
21137123,123456,Lâm Hải Hiếu,sv21137123@student.edu.vn,0952321392,STUDENT
21137124,123456,Phan Văn Duy,sv21137124@student.edu.vn,0956780514,STUDENT
21137125,123456,Hồ Hải Hương,sv21137125@student.edu.vn,0911906528,STUDENT
21137126,123456,Bùi Thanh Kiệt,sv21137126@student.edu.vn,0966451336,STUDENT
21137127,123456,Đinh Tuấn Yến,sv21137127@student.edu.vn,0945376549,STUDENT
21137128,123456,Đặng Minh Hương,sv21137128@student.edu.vn,0987130114,STUDENT
21137129,123456,Nguyễn Trung Xuân,sv21137129@student.edu.vn,0942779319,STUDENT
21137130,123456,Lâm Hải Em,sv21137130@student.edu.vn,0971466028,STUDENT
21137131,123456,Hoàng Thanh Em,sv21137131@student.edu.vn,0934871730,STUDENT
21137132,123456,Phạm Đức Xuân,sv21137132@student.edu.vn,0988935817,STUDENT
21137133,123456,Tạ Thu Tùng,sv21137133@student.edu.vn,0914891796,STUDENT
21137134,123456,Vũ Minh Oanh,sv21137134@student.edu.vn,0982005670,STUDENT
21137135,123456,Phan Quang Quân,sv21137135@student.edu.vn,0924647021,STUDENT
21137136,123456,Đặng Đức Duy,sv21137136@student.edu.vn,0979590417,STUDENT
21137137,123456,Tạ Trung Phong,sv21137137@student.edu.vn,0927730475,STUDENT
21137138,123456,Nguyễn Tuấn Tài,sv21137138@student.edu.vn,0971503765,STUDENT
21137139,123456,Phạm Quang Vân,sv21137139@student.edu.vn,0953704505,STUDENT
21137140,123456,Hồ Hồng Kiệt,sv21137140@student.edu.vn,0985604312,STUDENT
21137141,123456,Mai Thanh Tâm,sv21137141@student.edu.vn,0980343201,STUDENT
21137142,123456,Hồ Nhật Nga,sv21137142@student.edu.vn,0916290624,STUDENT
21137143,123456,Mai Minh Kiệt,sv21137143@student.edu.vn,0928112586,STUDENT
21137144,123456,Lâm Nhật Phúc,sv21137144@student.edu.vn,0930781320,STUDENT
21137145,123456,Nguyễn Thanh Nam,sv21137145@student.edu.vn,0994513710,STUDENT
21137146,123456,Lê Thanh Em,sv21137146@student.edu.vn,0992767542,STUDENT
21137147,123456,Võ Trung Nam,sv21137147@student.edu.vn,0973780820,STUDENT
21137148,123456,Ngô Anh Hà,sv21137148@student.edu.vn,0918754383,STUDENT
21137149,123456,Đặng Kim Phúc,sv21137149@student.edu.vn,0973422595,STUDENT
21137150,123456,Cao Tuấn Long,sv21137150@student.edu.vn,0953873774,STUDENT
21137151,123456,Huỳnh Thiện Hà,sv21137151@student.edu.vn,0992769951,STUDENT
21137152,123456,Hoàng Minh Long,sv21137152@student.edu.vn,0963176001,STUDENT
21137153,123456,Ngô Anh Kiệt,sv21137153@student.edu.vn,0917125789,STUDENT
21137154,123456,Đặng Xuân Oanh,sv21137154@student.edu.vn,0925205691,STUDENT
21137155,123456,Phan Hải Thảo,sv21137155@student.edu.vn,0936168935,STUDENT
21137156,123456,Mai Xuân Oanh,sv21137156@student.edu.vn,0993332540,STUDENT
21137157,123456,Lâm Trung Hùng,sv21137157@student.edu.vn,0949103359,STUDENT
21137158,123456,Lê Ngọc Duy,sv21137158@student.edu.vn,0950765615,STUDENT
21137159,123456,Trịnh Hải Hiếu,sv21137159@student.edu.vn,0948112942,STUDENT
21137160,123456,Trần Gia Linh,sv21137160@student.edu.vn,0928652517,STUDENT
21137161,123456,Trần Bảo Bảo,sv21137161@student.edu.vn,0992795518,STUDENT
21137162,123456,Dương Tuấn Cường,sv21137162@student.edu.vn,0946999227,STUDENT
21137163,123456,Hà Thu Lộc,sv21137163@student.edu.vn,0959924385,STUDENT
21137164,123456,Võ Văn Minh,sv21137164@student.edu.vn,0938190514,STUDENT
21137165,123456,Trịnh Anh Phúc,sv21137165@student.edu.vn,0948594642,STUDENT
21137166,123456,Đinh Phương Huy,sv21137166@student.edu.vn,0956536617,STUDENT
21137167,123456,Hồ Hải Giang,sv21137167@student.edu.vn,0941398109,STUDENT
21137168,123456,Vũ Hữu Yến,sv21137168@student.edu.vn,0957952236,STUDENT
21137169,123456,Trịnh Hoàng Long,sv21137169@student.edu.vn,0928706067,STUDENT
21137170,123456,Dương Hồng Giang,sv21137170@student.edu.vn,0912739606,STUDENT
21137171,123456,Cao Thu Sơn,sv21137171@student.edu.vn,0974895576,STUDENT
21137172,123456,Vũ Hữu Uyên,sv21137172@student.edu.vn,0992005235,STUDENT
21137173,123456,Ngô Hải Cường,sv21137173@student.edu.vn,0920417713,STUDENT
21137174,123456,Hoàng Phương Đạt,sv21137174@student.edu.vn,0951664864,STUDENT
21137175,123456,Dương Thị Phát,sv21137175@student.edu.vn,0965097149,STUDENT
21137176,123456,Đinh Quang Em,sv21137176@student.edu.vn,0912682693,STUDENT
21137177,123456,Đỗ Bảo Uyên,sv21137177@student.edu.vn,0911619084,STUDENT
21137178,123456,Đặng Gia Bình,sv21137178@student.edu.vn,0958096337,STUDENT
21137179,123456,Mai Hoàng Sơn,sv21137179@student.edu.vn,0993385895,STUDENT
21137180,123456,Đỗ Quốc Cường,sv21137180@student.edu.vn,0935457677,STUDENT
21137181,123456,Bùi Xuân Hùng,sv21137181@student.edu.vn,0964320105,STUDENT
21137182,123456,Bùi Hoàng Nam,sv21137182@student.edu.vn,0957479097,STUDENT
21137183,123456,Đinh Phương Khoa,sv21137183@student.edu.vn,0982165471,STUDENT
21137184,123456,Mai Thu Tài,sv21137184@student.edu.vn,0966819514,STUDENT
21137185,123456,Vũ Văn Tâm,sv21137185@student.edu.vn,0955231186,STUDENT
21137186,123456,Hoàng Phương Rạng,sv21137186@student.edu.vn,0988985852,STUDENT
21137187,123456,Dương Đức Lan,sv21137187@student.edu.vn,0936199326,STUDENT
21137188,123456,Hoàng Ngọc Vân,sv21137188@student.edu.vn,0981529520,STUDENT
21137189,123456,Võ Gia Lan,sv21137189@student.edu.vn,0937966418,STUDENT
21137190,123456,Hà Xuân Hiếu,sv21137190@student.edu.vn,0941108639,STUDENT
21137191,123456,Đoàn Minh Linh,sv21137191@student.edu.vn,0937643372,STUDENT
21137192,123456,Cao Thị Linh,sv21137192@student.edu.vn,0975692074,STUDENT
21137193,123456,Huỳnh Duy Uyên,sv21137193@student.edu.vn,0996326960,STUDENT
21137194,123456,Đặng Bảo Cường,sv21137194@student.edu.vn,0999524929,STUDENT
21137195,123456,Trần Hữu Nhật,sv21137195@student.edu.vn,0953515927,STUDENT
21137196,123456,Tạ Quốc Tâm,sv21137196@student.edu.vn,0960668980,STUDENT
21137197,123456,Trần Quốc Kiệt,sv21137197@student.edu.vn,0977588974,STUDENT
21137198,123456,Lý Phương Hương,sv21137198@student.edu.vn,0978116521,STUDENT
21137199,123456,Trần Quang Uyên,sv21137199@student.edu.vn,0937165752,STUDENT
21137200,123456,Lâm Ngọc Hùng,sv21137200@student.edu.vn,0935798536,STUDENT
21137201,123456,Lâm Thu Nhật,sv21137201@student.edu.vn,0925291366,STUDENT
21137202,123456,Vũ Duy Em,sv21137202@student.edu.vn,0978400353,STUDENT
21137203,123456,Tạ Hải Sơn,sv21137203@student.edu.vn,0978537196,STUDENT
21137204,123456,Đoàn Quốc Thảo,sv21137204@student.edu.vn,0939918084,STUDENT
21137205,123456,Hồ Trung Toàn,sv21137205@student.edu.vn,0954720911,STUDENT
21137206,123456,Lâm Xuân Vân,sv21137206@student.edu.vn,0987908938,STUDENT
21137207,123456,Vũ Nhật Phát,sv21137207@student.edu.vn,0919409214,STUDENT
21137208,123456,Cao Văn Trí,sv21137208@student.edu.vn,0996322864,STUDENT
21137209,123456,Trần Trung Huy,sv21137209@student.edu.vn,0918489720,STUDENT
21137210,123456,Huỳnh Anh Bảo,sv21137210@student.edu.vn,0999242382,STUDENT
21137211,123456,Hồ Đức Minh,sv21137211@student.edu.vn,0958480825,STUDENT
21137212,123456,Lê Bảo Duy,sv21137212@student.edu.vn,0936697985,STUDENT
21137213,123456,Huỳnh Quang Uyên,sv21137213@student.edu.vn,0992256367,STUDENT
21137214,123456,Ngô Thanh Khánh,sv21137214@student.edu.vn,0980106895,STUDENT
21137215,123456,Hoàng Quốc Vân,sv21137215@student.edu.vn,0941522315,STUDENT
21137216,123456,Bùi Quang Tâm,sv21137216@student.edu.vn,0924435802,STUDENT
21137217,123456,Cao Gia Toàn,sv21137217@student.edu.vn,0939357988,STUDENT
21137218,123456,Tạ Ngọc Hương,sv21137218@student.edu.vn,0963808567,STUDENT
21137219,123456,Bùi Minh Hiếu,sv21137219@student.edu.vn,0972564259,STUDENT
21137220,123456,Lê Phương Long,sv21137220@student.edu.vn,0917436897,STUDENT
21137221,123456,Đặng Hồng Trang,sv21137221@student.edu.vn,0960203520,STUDENT
21137222,123456,Đoàn Thiện Sơn,sv21137222@student.edu.vn,0962416752,STUDENT
21137223,123456,Ngô Thu Vân,sv21137223@student.edu.vn,0937343672,STUDENT
21137224,123456,Lê Anh Oanh,sv21137224@student.edu.vn,0979395842,STUDENT
21137225,123456,Hồ Tuấn Nga,sv21137225@student.edu.vn,0972804719,STUDENT
21137226,123456,Tạ Xuân Toàn,sv21137226@student.edu.vn,0956551514,STUDENT
21137227,123456,Tạ Gia Hùng,sv21137227@student.edu.vn,0920580653,STUDENT
21137228,123456,Bùi Nhật Linh,sv21137228@student.edu.vn,0916156067,STUDENT
21137229,123456,Đoàn Phương Quân,sv21137229@student.edu.vn,0992700981,STUDENT
21137230,123456,Phan Hồng Tâm,sv21137230@student.edu.vn,0995049237,STUDENT
21137231,123456,Tạ Duy Giang,sv21137231@student.edu.vn,0966064509,STUDENT
21137232,123456,Vũ Hải Cường,sv21137232@student.edu.vn,0973696319,STUDENT
21137233,123456,Đoàn Gia Tùng,sv21137233@student.edu.vn,0958761062,STUDENT
21137234,123456,Ngô Nhật Inh,sv21137234@student.edu.vn,0914806695,STUDENT
21137235,123456,Cao Bảo Trang,sv21137235@student.edu.vn,0912692575,STUDENT
21137236,123456,Tạ Hải Đạt,sv21137236@student.edu.vn,0912750302,STUDENT
21137237,123456,Hà Duy Duy,sv21137237@student.edu.vn,0984776890,STUDENT
21137238,123456,Dương Tuấn An,sv21137238@student.edu.vn,0945907058,STUDENT
21137239,123456,Tạ Gia Hùng,sv21137239@student.edu.vn,0936706741,STUDENT
21137240,123456,Vũ Trung Rạng,sv21137240@student.edu.vn,0995735339,STUDENT
21137241,123456,Nguyễn Duy Giang,sv21137241@student.edu.vn,0965871812,STUDENT
21137242,123456,Cao Thanh Long,sv21137242@student.edu.vn,0957455676,STUDENT
21137243,123456,Đặng Kim Tâm,sv21137243@student.edu.vn,0949299922,STUDENT
21137244,123456,Đinh Tuấn Kiệt,sv21137244@student.edu.vn,0989580272,STUDENT
21137245,123456,Hoàng Minh Trinh,sv21137245@student.edu.vn,0952468586,STUDENT
21137246,123456,Trịnh Tuấn Thành,sv21137246@student.edu.vn,0927484446,STUDENT
21137247,123456,Hoàng Văn Hương,sv21137247@student.edu.vn,0972664886,STUDENT
21137248,123456,Đinh Hải Linh,sv21137248@student.edu.vn,0969600199,STUDENT
21137249,123456,Mai Tuấn Em,sv21137249@student.edu.vn,0925786370,STUDENT
21137250,123456,Hồ Văn Minh,sv21137250@student.edu.vn,0970361121,STUDENT
21137251,123456,Vũ Quang Quân,sv21137251@student.edu.vn,0976059648,STUDENT
21137252,123456,Hồ Văn Huy,sv21137252@student.edu.vn,0978236344,STUDENT
21137253,123456,Trịnh Thanh Phúc,sv21137253@student.edu.vn,0956529945,STUDENT
21137254,123456,Hoàng Thu Giang,sv21137254@student.edu.vn,0938161996,STUDENT
21137255,123456,Hồ Tuấn Kiệt,sv21137255@student.edu.vn,0974264384,STUDENT
21137256,123456,Phan Phương Huy,sv21137256@student.edu.vn,0947756405,STUDENT
21137257,123456,Mai Quốc Thắng,sv21137257@student.edu.vn,0971770273,STUDENT
21137258,123456,Ngô Bảo Nga,sv21137258@student.edu.vn,0911469086,STUDENT
21137259,123456,Hồ Phương Hương,sv21137259@student.edu.vn,0979892840,STUDENT
21137260,123456,Hà Quốc Lộc,sv21137260@student.edu.vn,0947329480,STUDENT
21137261,123456,Huỳnh Phương Nga,sv21137261@student.edu.vn,0944832896,STUDENT
21137262,123456,Đoàn Thanh Lan,sv21137262@student.edu.vn,0930457236,STUDENT
21137263,123456,Ngô Văn Linh,sv21137263@student.edu.vn,0978301380,STUDENT
21137264,123456,Hà Thu Thảo,sv21137264@student.edu.vn,0989273620,STUDENT
21137265,123456,Mai Duy Thảo,sv21137265@student.edu.vn,0931338004,STUDENT
21137266,123456,Cao Thị Em,sv21137266@student.edu.vn,0940019031,STUDENT
21137267,123456,Lâm Xuân Hiếu,sv21137267@student.edu.vn,0912702874,STUDENT
21137268,123456,Dương Thu Nhật,sv21137268@student.edu.vn,0912554579,STUDENT
21137269,123456,Võ Bảo Cường,sv21137269@student.edu.vn,0975102959,STUDENT
21137270,123456,Nguyễn Hồng Hương,sv21137270@student.edu.vn,0997742893,STUDENT
21137271,123456,Hoàng Hải Trang,sv21137271@student.edu.vn,0910994230,STUDENT
21137272,123456,Huỳnh Thu Khoa,sv21137272@student.edu.vn,0965533866,STUDENT
21137273,123456,Trịnh Duy Nam,sv21137273@student.edu.vn,0951921478,STUDENT
21137274,123456,Trịnh Anh Nga,sv21137274@student.edu.vn,0941869696,STUDENT
21137275,123456,Nguyễn Hồng Huy,sv21137275@student.edu.vn,0988804772,STUDENT
21137276,123456,Ngô Hữu Phát,sv21137276@student.edu.vn,0999627233,STUDENT
21137277,123456,Hoàng Thu Thành,sv21137277@student.edu.vn,0914290245,STUDENT
21137278,123456,Trần Gia Hùng,sv21137278@student.edu.vn,0917648820,STUDENT
21137279,123456,Tạ Thanh Bình,sv21137279@student.edu.vn,0979244744,STUDENT
21137280,123456,Dương Thị Huy,sv21137280@student.edu.vn,0957216667,STUDENT
21137281,123456,Hà Nhật Linh,sv21137281@student.edu.vn,0976128981,STUDENT
21137282,123456,Vũ Minh Linh,sv21137282@student.edu.vn,0963420887,STUDENT
21137283,123456,Lý Đức Oanh,sv21137283@student.edu.vn,0917862464,STUDENT
21137284,123456,Đoàn Anh Vân,sv21137284@student.edu.vn,0950762649,STUDENT
21137285,123456,Hoàng Quang Trinh,sv21137285@student.edu.vn,0928066106,STUDENT
21137286,123456,Ngô Nhật Xuân,sv21137286@student.edu.vn,0955250044,STUDENT
21137287,123456,Tạ Bảo Khoa,sv21137287@student.edu.vn,0932649541,STUDENT
21137288,123456,Hà Trung Nga,sv21137288@student.edu.vn,0973741794,STUDENT
21137289,123456,Nguyễn Phương Trí,sv21137289@student.edu.vn,0980036720,STUDENT
21137290,123456,Đặng Hải Tùng,sv21137290@student.edu.vn,0957434935,STUDENT
21137291,123456,Trịnh Hồng Hùng,sv21137291@student.edu.vn,0989000121,STUDENT
21137292,123456,Tạ Xuân Phúc,sv21137292@student.edu.vn,0969744999,STUDENT
21137293,123456,Hoàng Thiện Khoa,sv21137293@student.edu.vn,0991465435,STUDENT
21137294,123456,Đỗ Hồng Trí,sv21137294@student.edu.vn,0939913972,STUDENT
21137295,123456,Hồ Duy Uyên,sv21137295@student.edu.vn,0922293004,STUDENT
21137296,123456,Bùi Phương Vân,sv21137296@student.edu.vn,0963537826,STUDENT
21137297,123456,Hoàng Xuân Xuân,sv21137297@student.edu.vn,0918547404,STUDENT
21137298,123456,Đinh Gia Uyên,sv21137298@student.edu.vn,0912874259,STUDENT
21137299,123456,Ngô Ngọc Hương,sv21137299@student.edu.vn,0967154352,STUDENT
21137300,123456,Bùi Ngọc Thảo,sv21137300@student.edu.vn,0988695243,STUDENT
21137301,123456,Đinh Hữu Tâm,sv21137301@student.edu.vn,0924991770,STUDENT
21137302,123456,Bùi Bảo Uyên,sv21137302@student.edu.vn,0940976620,STUDENT
21137303,123456,Ngô Thị Nhật,sv21137303@student.edu.vn,0918213081,STUDENT
21137304,123456,Đoàn Thu Lộc,sv21137304@student.edu.vn,0979245998,STUDENT
21137305,123456,Lê Nhật Tài,sv21137305@student.edu.vn,0965615020,STUDENT
21137306,123456,Dương Xuân Uyên,sv21137306@student.edu.vn,0926417327,STUDENT
21137307,123456,Đoàn Quốc Nga,sv21137307@student.edu.vn,0915154167,STUDENT
21137308,123456,Vũ Ngọc Tâm,sv21137308@student.edu.vn,0942094892,STUDENT
21137309,123456,Lâm Thu Khánh,sv21137309@student.edu.vn,0936425943,STUDENT
21137310,123456,Đoàn Quang Trí,sv21137310@student.edu.vn,0913120884,STUDENT
21137311,123456,Phạm Trung Inh,sv21137311@student.edu.vn,0927231419,STUDENT
21137312,123456,Mai Xuân Hương,sv21137312@student.edu.vn,0935263923,STUDENT
21137313,123456,Lê Hữu Khánh,sv21137313@student.edu.vn,0917729255,STUDENT
21137314,123456,Bùi Hoàng Vinh,sv21137314@student.edu.vn,0916990558,STUDENT
21137315,123456,Huỳnh Anh Phúc,sv21137315@student.edu.vn,0966264473,STUDENT
21137316,123456,Đinh Thị Hùng,sv21137316@student.edu.vn,0931735208,STUDENT
21137317,123456,Đặng Gia Thảo,sv21137317@student.edu.vn,0966562906,STUDENT
21137318,123456,Huỳnh Hữu Quân,sv21137318@student.edu.vn,0947800635,STUDENT
21137319,123456,Đoàn Văn Trung,sv21137319@student.edu.vn,0911727571,STUDENT
21137320,123456,Đoàn Đức Tùng,sv21137320@student.edu.vn,0940044035,STUDENT
21137321,123456,Hà Xuân Nam,sv21137321@student.edu.vn,0942422869,STUDENT
21137322,123456,Lê Thị Lan,sv21137322@student.edu.vn,0926419973,STUDENT
21137323,123456,Ngô Ngọc Trí,sv21137323@student.edu.vn,0944506236,STUDENT
21137324,123456,Tạ Nhật Thắng,sv21137324@student.edu.vn,0970186107,STUDENT
21137325,123456,Lê Nhật Nga,sv21137325@student.edu.vn,0929188416,STUDENT
21137326,123456,Nguyễn Trung Hương,sv21137326@student.edu.vn,0930625526,STUDENT
21137327,123456,Vũ Quốc Lộc,sv21137327@student.edu.vn,0937316172,STUDENT
21137328,123456,Lâm Trung Duy,sv21137328@student.edu.vn,0983039472,STUDENT
21137329,123456,Vũ Tuấn Huy,sv21137329@student.edu.vn,0936544727,STUDENT
21137330,123456,Vũ Thị Tâm,sv21137330@student.edu.vn,0952514545,STUDENT
21137331,123456,Ngô Bảo Phát,sv21137331@student.edu.vn,0910613204,STUDENT
21137332,123456,Huỳnh Hải Toàn,sv21137332@student.edu.vn,0982661434,STUDENT
21137333,123456,Võ Hữu Kiệt,sv21137333@student.edu.vn,0980181920,STUDENT
21137334,123456,Hà Hoàng Hà,sv21137334@student.edu.vn,0993739263,STUDENT
21137335,123456,Hà Thanh Rạng,sv21137335@student.edu.vn,0970342488,STUDENT
21137336,123456,Đoàn Ngọc Hùng,sv21137336@student.edu.vn,0918350356,STUDENT
21137337,123456,Phạm Nhật Bình,sv21137337@student.edu.vn,0966206429,STUDENT
21137338,123456,Lý Ngọc Hiếu,sv21137338@student.edu.vn,0956132773,STUDENT
21137339,123456,Trần Văn Phát,sv21137339@student.edu.vn,0961430888,STUDENT
21137340,123456,Lý Hoàng Inh,sv21137340@student.edu.vn,0940654286,STUDENT
21137341,123456,Ngô Tuấn An,sv21137341@student.edu.vn,0910220063,STUDENT
21137342,123456,Bùi Thanh An,sv21137342@student.edu.vn,0983255259,STUDENT
21137343,123456,Ngô Minh Sơn,sv21137343@student.edu.vn,0949983597,STUDENT
21137344,123456,Hồ Kim Bảo,sv21137344@student.edu.vn,0968321445,STUDENT
21137345,123456,Dương Trung Inh,sv21137345@student.edu.vn,0973142135,STUDENT
21137346,123456,Trịnh Nhật Hương,sv21137346@student.edu.vn,0927250893,STUDENT
21137347,123456,Đinh Hồng Yến,sv21137347@student.edu.vn,0929944211,STUDENT
21137348,123456,Trần Hải Hùng,sv21137348@student.edu.vn,0913144239,STUDENT
21137349,123456,Huỳnh Đức Phát,sv21137349@student.edu.vn,0929124930,STUDENT
21137350,123456,Đặng Thanh Tùng,sv21137350@student.edu.vn,0988083385,STUDENT
21137351,123456,Trịnh Duy Trí,sv21137351@student.edu.vn,0959605133,STUDENT
21137352,123456,Trịnh Thanh Inh,sv21137352@student.edu.vn,0912993982,STUDENT
21137353,123456,Hà Hải Linh,sv21137353@student.edu.vn,0979181020,STUDENT
21137354,123456,Dương Thu Minh,sv21137354@student.edu.vn,0980834052,STUDENT
21137355,123456,Nguyễn Nhật Lộc,sv21137355@student.edu.vn,0931473311,STUDENT
21137356,123456,Lâm Duy Hà,sv21137356@student.edu.vn,0977934261,STUDENT
21137357,123456,Trịnh Gia Trí,sv21137357@student.edu.vn,0954233177,STUDENT
21137358,123456,Hồ Quốc Tài,sv21137358@student.edu.vn,0933051317,STUDENT
21137359,123456,Vũ Thiện Bình,sv21137359@student.edu.vn,0977077755,STUDENT
21137360,123456,Mai Thị Oanh,sv21137360@student.edu.vn,0973603939,STUDENT
21137361,123456,Vũ Văn Thảo,sv21137361@student.edu.vn,0964227903,STUDENT
21137362,123456,Võ Bảo Hiếu,sv21137362@student.edu.vn,0954795088,STUDENT
21137363,123456,Ngô Nhật Hiếu,sv21137363@student.edu.vn,0948782448,STUDENT
21137364,123456,Trần Văn Toàn,sv21137364@student.edu.vn,0962114884,STUDENT
21137365,123456,Võ Hải Hùng,sv21137365@student.edu.vn,0965105905,STUDENT
21137366,123456,Nguyễn Quang Xuân,sv21137366@student.edu.vn,0969664000,STUDENT
21137367,123456,Phan Kim Sơn,sv21137367@student.edu.vn,0942234564,STUDENT
21137368,123456,Trần Phương Bình,sv21137368@student.edu.vn,0943115379,STUDENT
21137369,123456,Lê Hồng An,sv21137369@student.edu.vn,0986253866,STUDENT
21137370,123456,Phạm Quốc Tâm,sv21137370@student.edu.vn,0910527979,STUDENT
21137371,123456,Vũ Hải Duy,sv21137371@student.edu.vn,0916314443,STUDENT
21137372,123456,Võ Quốc Rạng,sv21137372@student.edu.vn,0930372099,STUDENT
21137373,123456,Đặng Minh Inh,sv21137373@student.edu.vn,0913903583,STUDENT
21137374,123456,Đỗ Nhật Thắng,sv21137374@student.edu.vn,0985492877,STUDENT
21137375,123456,Võ Ngọc Bình,sv21137375@student.edu.vn,0974884730,STUDENT
21137376,123456,Trần Quốc Bình,sv21137376@student.edu.vn,0932520115,STUDENT
21137377,123456,Bùi Trung Trí,sv21137377@student.edu.vn,0967818261,STUDENT
21137378,123456,Vũ Quang Trung,sv21137378@student.edu.vn,0987339687,STUDENT
21137379,123456,Hà Xuân Xuân,sv21137379@student.edu.vn,0931125614,STUDENT
21137380,123456,Trịnh Gia Cường,sv21137380@student.edu.vn,0930026768,STUDENT
21137381,123456,Võ Thị Sơn,sv21137381@student.edu.vn,0998809546,STUDENT
21137382,123456,Hà Tuấn Hiếu,sv21137382@student.edu.vn,0960470367,STUDENT
21137383,123456,Ngô Xuân Oanh,sv21137383@student.edu.vn,0968906772,STUDENT
21137384,123456,Tạ Quốc Lan,sv21137384@student.edu.vn,0948303811,STUDENT
21137385,123456,Đoàn Kim Hùng,sv21137385@student.edu.vn,0950478146,STUDENT
21137386,123456,Hà Thị Phát,sv21137386@student.edu.vn,0932389985,STUDENT
21137387,123456,Lâm Trung Trinh,sv21137387@student.edu.vn,0957243348,STUDENT
21137388,123456,Lê Thiện An,sv21137388@student.edu.vn,0942867292,STUDENT
21137389,123456,Đặng Văn Phát,sv21137389@student.edu.vn,0982372897,STUDENT
21137390,123456,Đặng Thiện Hùng,sv21137390@student.edu.vn,0991867048,STUDENT
21137391,123456,Tạ Ngọc Đạt,sv21137391@student.edu.vn,0986301763,STUDENT
21137392,123456,Bùi Quang Tài,sv21137392@student.edu.vn,0919899477,STUDENT
21137393,123456,Cao Văn Phong,sv21137393@student.edu.vn,0940600229,STUDENT
21137394,123456,Lâm Duy Vân,sv21137394@student.edu.vn,0940149713,STUDENT
21137395,123456,Lâm Văn Khoa,sv21137395@student.edu.vn,0961017368,STUDENT
21137396,123456,Đinh Gia Hương,sv21137396@student.edu.vn,0994915511,STUDENT
21137397,123456,Võ Quang Kiệt,sv21137397@student.edu.vn,0915300109,STUDENT
21137398,123456,Cao Hữu Tâm,sv21137398@student.edu.vn,0951710364,STUDENT
21137399,123456,Hà Đức Cường,sv21137399@student.edu.vn,0968790591,STUDENT
21137400,123456,Đặng Hồng Tùng,sv21137400@student.edu.vn,0994716769,STUDENT
21137401,123456,Mai Thanh Lộc,sv21137401@student.edu.vn,0921597103,STUDENT
21137402,123456,Dương Hồng Tài,sv21137402@student.edu.vn,0927678917,STUDENT
21137403,123456,Hà Thu Quân,sv21137403@student.edu.vn,0917219968,STUDENT
21137404,123456,Tạ Minh Khánh,sv21137404@student.edu.vn,0931637154,STUDENT
21137405,123456,Lý Trung Huy,sv21137405@student.edu.vn,0910525287,STUDENT
21137406,123456,Võ Tuấn Uyên,sv21137406@student.edu.vn,0979126962,STUDENT
21137407,123456,Đoàn Văn Trung,sv21137407@student.edu.vn,0935171991,STUDENT
21137408,123456,Hoàng Anh Hà,sv21137408@student.edu.vn,0960031152,STUDENT
21137409,123456,Huỳnh Trung Em,sv21137409@student.edu.vn,0917807792,STUDENT
21137410,123456,Dương Duy Hiếu,sv21137410@student.edu.vn,0993725400,STUDENT
21137411,123456,Mai Đức Yến,sv21137411@student.edu.vn,0964722582,STUDENT
21137412,123456,Dương Bảo Lộc,sv21137412@student.edu.vn,0917758586,STUDENT
21137413,123456,Phạm Minh Hà,sv21137413@student.edu.vn,0943617739,STUDENT
21137414,123456,Vũ Hữu Long,sv21137414@student.edu.vn,0950015918,STUDENT
21137415,123456,Đinh Thị Nhật,sv21137415@student.edu.vn,0974328809,STUDENT
21137416,123456,Phạm Đức Em,sv21137416@student.edu.vn,0973227151,STUDENT
21137417,123456,Bùi Thanh Giang,sv21137417@student.edu.vn,0927005191,STUDENT
21137418,123456,Lâm Đức Xuân,sv21137418@student.edu.vn,0999092470,STUDENT
21137419,123456,Lê Hải Khoa,sv21137419@student.edu.vn,0942447433,STUDENT
21137420,123456,Huỳnh Anh Thảo,sv21137420@student.edu.vn,0995087271,STUDENT
21137421,123456,Huỳnh Bảo Nga,sv21137421@student.edu.vn,0913044033,STUDENT
21137422,123456,Mai Hồng Huy,sv21137422@student.edu.vn,0969150568,STUDENT
21137423,123456,Đặng Hữu Nga,sv21137423@student.edu.vn,0977408608,STUDENT
21137424,123456,Phan Phương Em,sv21137424@student.edu.vn,0946817935,STUDENT
21137425,123456,Huỳnh Quốc Lộc,sv21137425@student.edu.vn,0981715649,STUDENT
21137426,123456,Hoàng Hoàng Linh,sv21137426@student.edu.vn,0995250837,STUDENT
21137427,123456,Mai Thị Trinh,sv21137427@student.edu.vn,0920260985,STUDENT
21137428,123456,Hoàng Quang Khánh,sv21137428@student.edu.vn,0912519373,STUDENT
21137429,123456,Hồ Nhật Huy,sv21137429@student.edu.vn,0934329489,STUDENT
21137430,123456,Cao Hồng Kiệt,sv21137430@student.edu.vn,0970052286,STUDENT
21137431,123456,Ngô Quốc Phát,sv21137431@student.edu.vn,0947446805,STUDENT
21137432,123456,Cao Hoàng Trung,sv21137432@student.edu.vn,0964922099,STUDENT
21137433,123456,Cao Duy Tài,sv21137433@student.edu.vn,0933966364,STUDENT
21137434,123456,Huỳnh Phương Hiếu,sv21137434@student.edu.vn,0954850293,STUDENT
21137435,123456,Đinh Hồng Hương,sv21137435@student.edu.vn,0996127595,STUDENT
21137436,123456,Lê Hữu Phong,sv21137436@student.edu.vn,0979966895,STUDENT
21137437,123456,Lý Tuấn Khoa,sv21137437@student.edu.vn,0935930808,STUDENT
21137438,123456,Phan Tuấn Trung,sv21137438@student.edu.vn,0930490083,STUDENT
21137439,123456,Lâm Thị Hùng,sv21137439@student.edu.vn,0977891940,STUDENT
21137440,123456,Đinh Quang Trung,sv21137440@student.edu.vn,0947208467,STUDENT
21137441,123456,Lê Văn Tùng,sv21137441@student.edu.vn,0981273211,STUDENT
21137442,123456,Huỳnh Tuấn Vân,sv21137442@student.edu.vn,0914106354,STUDENT
21137443,123456,Lý Nhật Tâm,sv21137443@student.edu.vn,0952174815,STUDENT
21137444,123456,Phạm Văn Đạt,sv21137444@student.edu.vn,0957354104,STUDENT
21137445,123456,Trần Hữu Long,sv21137445@student.edu.vn,0985964255,STUDENT
21137446,123456,Đặng Xuân Quân,sv21137446@student.edu.vn,0996658078,STUDENT
21137447,123456,Mai Thiện Toàn,sv21137447@student.edu.vn,0982594486,STUDENT
21137448,123456,Đặng Gia Tâm,sv21137448@student.edu.vn,0999158066,STUDENT
21137449,123456,Hà Ngọc Giang,sv21137449@student.edu.vn,0911237654,STUDENT
21137450,123456,Lâm Thị Cường,sv21137450@student.edu.vn,0971868412,STUDENT
21137451,123456,Lâm Văn Lan,sv21137451@student.edu.vn,0977223463,STUDENT
21137452,123456,Hà Quốc Nam,sv21137452@student.edu.vn,0939843424,STUDENT
21137453,123456,Tạ Duy Huy,sv21137453@student.edu.vn,0964270331,STUDENT
21137454,123456,Đặng Kim Tài,sv21137454@student.edu.vn,0954097541,STUDENT
21137455,123456,Trần Bảo Giang,sv21137455@student.edu.vn,0947104186,STUDENT
21137456,123456,Lê Đức Khánh,sv21137456@student.edu.vn,0978920741,STUDENT
21137457,123456,Ngô Đức Khánh,sv21137457@student.edu.vn,0919596508,STUDENT
21137458,123456,Lê Xuân Nga,sv21137458@student.edu.vn,0919433917,STUDENT
21137459,123456,Dương Xuân Hà,sv21137459@student.edu.vn,0948575042,STUDENT
21137460,123456,Đoàn Anh Rạng,sv21137460@student.edu.vn,0976278166,STUDENT
21137461,123456,Đỗ Ngọc Inh,sv21137461@student.edu.vn,0948798328,STUDENT
21137462,123456,Cao Bảo Xuân,sv21137462@student.edu.vn,0960611253,STUDENT
21137463,123456,Hoàng Thị Thành,sv21137463@student.edu.vn,0975257076,STUDENT
21137464,123456,Trần Bảo Long,sv21137464@student.edu.vn,0911090622,STUDENT
21137465,123456,Trịnh Tuấn Trung,sv21137465@student.edu.vn,0918336653,STUDENT
21137466,123456,Huỳnh Kim Yến,sv21137466@student.edu.vn,0958512096,STUDENT
21137467,123456,Dương Xuân Khoa,sv21137467@student.edu.vn,0954446929,STUDENT
21137468,123456,Phạm Gia Thắng,sv21137468@student.edu.vn,0912712069,STUDENT
21137469,123456,Đinh Đức Trung,sv21137469@student.edu.vn,0912732107,STUDENT
21137470,123456,Đặng Thị Hà,sv21137470@student.edu.vn,0936797624,STUDENT
21137471,123456,Bùi Kim Bảo,sv21137471@student.edu.vn,0998078291,STUDENT
21137472,123456,Lâm Anh Hương,sv21137472@student.edu.vn,0928993908,STUDENT
21137473,123456,Hồ Thu Quân,sv21137473@student.edu.vn,0963283461,STUDENT
21137474,123456,Hoàng Thu Phúc,sv21137474@student.edu.vn,0943228294,STUDENT
21137475,123456,Tạ Bảo Quân,sv21137475@student.edu.vn,0931696304,STUDENT
21137476,123456,Lâm Quốc Tùng,sv21137476@student.edu.vn,0990732445,STUDENT
21137477,123456,Lý Quốc Tâm,sv21137477@student.edu.vn,0969849238,STUDENT
21137478,123456,Bùi Thị Quân,sv21137478@student.edu.vn,0923857477,STUDENT
21137479,123456,Dương Quang Kiệt,sv21137479@student.edu.vn,0930696901,STUDENT
21137480,123456,Hoàng Quang Sơn,sv21137480@student.edu.vn,0981552532,STUDENT
21137481,123456,Dương Quốc Khoa,sv21137481@student.edu.vn,0934909856,STUDENT
21137482,123456,Hà Bảo Sơn,sv21137482@student.edu.vn,0976493100,STUDENT
21137483,123456,Phan Ngọc Huy,sv21137483@student.edu.vn,0956399278,STUDENT
21137484,123456,Đặng Anh Thảo,sv21137484@student.edu.vn,0928096213,STUDENT
21137485,123456,Đoàn Trung Hùng,sv21137485@student.edu.vn,0990895244,STUDENT
21137486,123456,Phạm Hồng Giang,sv21137486@student.edu.vn,0996603069,STUDENT
21137487,123456,Đinh Hồng Linh,sv21137487@student.edu.vn,0931307111,STUDENT
21137488,123456,Đinh Tuấn Linh,sv21137488@student.edu.vn,0911563515,STUDENT
21137489,123456,Hoàng Đức Minh,sv21137489@student.edu.vn,0955192848,STUDENT
21137490,123456,Hoàng Hồng Nam,sv21137490@student.edu.vn,0960837245,STUDENT
21137491,123456,Lê Gia Linh,sv21137491@student.edu.vn,0996502058,STUDENT
21137492,123456,Lý Thanh Em,sv21137492@student.edu.vn,0940997637,STUDENT
21137493,123456,Huỳnh Trung Long,sv21137493@student.edu.vn,0943669571,STUDENT
21137494,123456,Dương Hữu Vân,sv21137494@student.edu.vn,0972752627,STUDENT
21137495,123456,Lê Bảo Duy,sv21137495@student.edu.vn,0961989185,STUDENT
21137496,123456,Hoàng Nhật Em,sv21137496@student.edu.vn,0991783399,STUDENT
21137497,123456,Đỗ Hữu Hương,sv21137497@student.edu.vn,0952814684,STUDENT
21137498,123456,Trần Quốc Nga,sv21137498@student.edu.vn,0964517819,STUDENT
21137499,123456,Đặng Quốc Tài,sv21137499@student.edu.vn,0958373684,STUDENT
21137500,123456,Hoàng Đức Lan,sv21137500@student.edu.vn,0921241746,STUDENT
21137501,123456,Ngô Phương Duy,sv21137501@student.edu.vn,0940961546,STUDENT
21137502,123456,Nguyễn Gia Sơn,sv21137502@student.edu.vn,0948602965,STUDENT
21137503,123456,Huỳnh Hồng Vinh,sv21137503@student.edu.vn,0924299091,STUDENT
21137504,123456,Tạ Xuân Linh,sv21137504@student.edu.vn,0989917738,STUDENT
21137505,123456,Đinh Gia Hùng,sv21137505@student.edu.vn,0966371975,STUDENT
21137506,123456,Ngô Thiện Khánh,sv21137506@student.edu.vn,0997274375,STUDENT
21137507,123456,Tạ Hoàng Bảo,sv21137507@student.edu.vn,0980649698,STUDENT
21137508,123456,Đặng Anh Linh,sv21137508@student.edu.vn,0937988842,STUDENT
21137509,123456,Trần Trung Sơn,sv21137509@student.edu.vn,0929703301,STUDENT
21137510,123456,Đoàn Thiện Sơn,sv21137510@student.edu.vn,0921716136,STUDENT
21137511,123456,Đinh Duy Kiệt,sv21137511@student.edu.vn,0952127572,STUDENT
21137512,123456,Mai Hải Rạng,sv21137512@student.edu.vn,0932619037,STUDENT
21137513,123456,Hoàng Văn Kiệt,sv21137513@student.edu.vn,0993263242,STUDENT
21137514,123456,Huỳnh Hải Long,sv21137514@student.edu.vn,0946019765,STUDENT
21137515,123456,Hoàng Thanh Inh,sv21137515@student.edu.vn,0911227258,STUDENT
21137516,123456,Đinh Kim Minh,sv21137516@student.edu.vn,0974664292,STUDENT
21137517,123456,Lê Văn Hương,sv21137517@student.edu.vn,0975742208,STUDENT
21137518,123456,Mai Quang Oanh,sv21137518@student.edu.vn,0924018137,STUDENT
21137519,123456,Đinh Hoàng Khoa,sv21137519@student.edu.vn,0948852178,STUDENT
21137520,123456,Lê Văn Long,sv21137520@student.edu.vn,0964145657,STUDENT
21137521,123456,Ngô Ngọc Hương,sv21137521@student.edu.vn,0958732780,STUDENT
21137522,123456,Lý Văn Trinh,sv21137522@student.edu.vn,0918904338,STUDENT
21137523,123456,Trần Đức Inh,sv21137523@student.edu.vn,0947519284,STUDENT
21137524,123456,Mai Anh Vân,sv21137524@student.edu.vn,0972270532,STUDENT
21137525,123456,Đặng Thiện Vinh,sv21137525@student.edu.vn,0939329055,STUDENT
21137526,123456,Đoàn Quốc Nhật,sv21137526@student.edu.vn,0921439717,STUDENT
21137527,123456,Đinh Quốc Xuân,sv21137527@student.edu.vn,0968179276,STUDENT
21137528,123456,Mai Anh Trung,sv21137528@student.edu.vn,0966169061,STUDENT
21137529,123456,Bùi Tuấn An,sv21137529@student.edu.vn,0917252519,STUDENT
21137530,123456,Tạ Trung Bình,sv21137530@student.edu.vn,0956825594,STUDENT
21137531,123456,Lê Gia Khoa,sv21137531@student.edu.vn,0931545415,STUDENT
21137532,123456,Tạ Ngọc Lộc,sv21137532@student.edu.vn,0957971376,STUDENT
21137533,123456,Cao Kim Phong,sv21137533@student.edu.vn,0927295583,STUDENT
21137534,123456,Hà Thanh Vân,sv21137534@student.edu.vn,0915495474,STUDENT
21137535,123456,Hà Nhật Huy,sv21137535@student.edu.vn,0924767159,STUDENT
21137536,123456,Lê Ngọc Nam,sv21137536@student.edu.vn,0980327977,STUDENT
21137537,123456,Lâm Thiện Toàn,sv21137537@student.edu.vn,0974400384,STUDENT
21137538,123456,Hà Minh Lộc,sv21137538@student.edu.vn,0965437334,STUDENT
21137539,123456,Hoàng Quang Tùng,sv21137539@student.edu.vn,0926774398,STUDENT
21137540,123456,Vũ Thiện Bình,sv21137540@student.edu.vn,0953048476,STUDENT
21137541,123456,Nguyễn Tuấn Lộc,sv21137541@student.edu.vn,0988228516,STUDENT
21137542,123456,Vũ Phương Rạng,sv21137542@student.edu.vn,0913487981,STUDENT
21137543,123456,Tạ Quốc Phát,sv21137543@student.edu.vn,0922597828,STUDENT
21137544,123456,Ngô Xuân Hương,sv21137544@student.edu.vn,0941748214,STUDENT
21137545,123456,Nguyễn Bảo Nam,sv21137545@student.edu.vn,0914325955,STUDENT
21137546,123456,Cao Quang Nhật,sv21137546@student.edu.vn,0955175924,STUDENT
21137547,123456,Đoàn Tuấn Bình,sv21137547@student.edu.vn,0928654610,STUDENT
21137548,123456,Lý Kim Phúc,sv21137548@student.edu.vn,0975685573,STUDENT
21137549,123456,Huỳnh Thiện Tùng,sv21137549@student.edu.vn,0976535305,STUDENT
21137550,123456,Phạm Ngọc Minh,sv21137550@student.edu.vn,0927645875,STUDENT
21137551,123456,Dương Quang Khánh,sv21137551@student.edu.vn,0939749019,STUDENT
21137552,123456,Tạ Hải Lộc,sv21137552@student.edu.vn,0926581031,STUDENT
21137553,123456,Hà Hữu Thảo,sv21137553@student.edu.vn,0924335518,STUDENT
21137554,123456,Phan Nhật Thắng,sv21137554@student.edu.vn,0940066705,STUDENT
21137555,123456,Huỳnh Trung An,sv21137555@student.edu.vn,0984189686,STUDENT
21137556,123456,Hà Thị Quân,sv21137556@student.edu.vn,0921276322,STUDENT
21137557,123456,Võ Kim Thảo,sv21137557@student.edu.vn,0931007235,STUDENT
21137558,123456,Nguyễn Quang Minh,sv21137558@student.edu.vn,0986713046,STUDENT
21137559,123456,Ngô Tuấn Tùng,sv21137559@student.edu.vn,0963503185,STUDENT
21137560,123456,Tạ Thanh Thảo,sv21137560@student.edu.vn,0963056407,STUDENT
21137561,123456,Cao Hoàng Trung,sv21137561@student.edu.vn,0973101862,STUDENT
21137562,123456,Bùi Xuân Kiệt,sv21137562@student.edu.vn,0910148481,STUDENT
21137563,123456,Võ Hữu Khánh,sv21137563@student.edu.vn,0976027516,STUDENT
21137564,123456,Trịnh Thị Long,sv21137564@student.edu.vn,0956801107,STUDENT
21137565,123456,Bùi Bảo Giang,sv21137565@student.edu.vn,0994268665,STUDENT
21137566,123456,Lý Tuấn Phúc,sv21137566@student.edu.vn,0994395824,STUDENT
21137567,123456,Đinh Hữu Em,sv21137567@student.edu.vn,0984299462,STUDENT
21137568,123456,Trịnh Hữu Vân,sv21137568@student.edu.vn,0916627364,STUDENT
21137569,123456,Huỳnh Kim Cường,sv21137569@student.edu.vn,0982957563,STUDENT
21137570,123456,Bùi Anh Huy,sv21137570@student.edu.vn,0945745424,STUDENT
21137571,123456,Đỗ Phương Nhật,sv21137571@student.edu.vn,0937048393,STUDENT
21137572,123456,Lý Thanh Thắng,sv21137572@student.edu.vn,0968635935,STUDENT
21137573,123456,Lê Quang Xuân,sv21137573@student.edu.vn,0976940347,STUDENT
21137574,123456,Đặng Duy Nhật,sv21137574@student.edu.vn,0994798066,STUDENT
21137575,123456,Trịnh Phương Kiệt,sv21137575@student.edu.vn,0926221156,STUDENT
21137576,123456,Trần Kim Vân,sv21137576@student.edu.vn,0929822162,STUDENT
21137577,123456,Lê Thu Long,sv21137577@student.edu.vn,0953737285,STUDENT
21137578,123456,Cao Thị Kiệt,sv21137578@student.edu.vn,0912005115,STUDENT
21137579,123456,Hồ Thu Đạt,sv21137579@student.edu.vn,0989439213,STUDENT
21137580,123456,Cao Văn Khánh,sv21137580@student.edu.vn,0981753108,STUDENT
21137581,123456,Hà Tuấn Hùng,sv21137581@student.edu.vn,0958210708,STUDENT
21137582,123456,Phạm Hữu Khánh,sv21137582@student.edu.vn,0942420535,STUDENT
21137583,123456,Tạ Kim Linh,sv21137583@student.edu.vn,0990366067,STUDENT
21137584,123456,Đoàn Hải Rạng,sv21137584@student.edu.vn,0988675119,STUDENT
21137585,123456,Hà Anh Tài,sv21137585@student.edu.vn,0965263185,STUDENT
21137586,123456,Lý Thu Yến,sv21137586@student.edu.vn,0918201000,STUDENT
21137587,123456,Cao Thị Hương,sv21137587@student.edu.vn,0995476096,STUDENT
21137588,123456,Đỗ Minh Trang,sv21137588@student.edu.vn,0911320090,STUDENT
21137589,123456,Phan Quốc Vinh,sv21137589@student.edu.vn,0959039636,STUDENT
21137590,123456,Lý Nhật Nga,sv21137590@student.edu.vn,0941564975,STUDENT
21137591,123456,Ngô Thanh Vân,sv21137591@student.edu.vn,0924922500,STUDENT
21137592,123456,Mai Xuân Sơn,sv21137592@student.edu.vn,0932235724,STUDENT
21137593,123456,Võ Minh Hà,sv21137593@student.edu.vn,0930762358,STUDENT
21137594,123456,Võ Bảo Lộc,sv21137594@student.edu.vn,0999856331,STUDENT
21137595,123456,Lý Tuấn Bình,sv21137595@student.edu.vn,0924391476,STUDENT
21137596,123456,Bùi Tuấn Trung,sv21137596@student.edu.vn,0955263099,STUDENT
21137597,123456,Hà Thanh Long,sv21137597@student.edu.vn,0960641765,STUDENT
21137598,123456,Đỗ Phương Hùng,sv21137598@student.edu.vn,0956073578,STUDENT
21137599,123456,Hoàng Thanh Huy,sv21137599@student.edu.vn,0986999825,STUDENT
21137600,123456,Hà Duy Hương,sv21137600@student.edu.vn,0986765979,STUDENT
21137601,123456,Hà Minh Bình,sv21137601@student.edu.vn,0994132869,STUDENT
21137602,123456,Trịnh Xuân Tùng,sv21137602@student.edu.vn,0919530458,STUDENT
21137603,123456,Võ Ngọc Thảo,sv21137603@student.edu.vn,0918108885,STUDENT
21137604,123456,Hà Minh Linh,sv21137604@student.edu.vn,0952611865,STUDENT
21137605,123456,Mai Thiện Trí,sv21137605@student.edu.vn,0913801129,STUDENT
21137606,123456,Trần Thị Nga,sv21137606@student.edu.vn,0937776295,STUDENT
21137607,123456,Võ Gia Phúc,sv21137607@student.edu.vn,0940589373,STUDENT
21137608,123456,Trần Phương Phong,sv21137608@student.edu.vn,0966734697,STUDENT
21137609,123456,Lý Quốc Tùng,sv21137609@student.edu.vn,0977838653,STUDENT
21137610,123456,Đỗ Nhật Hiếu,sv21137610@student.edu.vn,0950830988,STUDENT
21137611,123456,Đinh Anh Trung,sv21137611@student.edu.vn,0983513181,STUDENT
21137612,123456,Đỗ Tuấn Thảo,sv21137612@student.edu.vn,0951171580,STUDENT
21137613,123456,Bùi Thu Trinh,sv21137613@student.edu.vn,0960181046,STUDENT
21137614,123456,Đỗ Hồng Huy,sv21137614@student.edu.vn,0976360018,STUDENT
21137615,123456,Trần Hồng Vinh,sv21137615@student.edu.vn,0932037903,STUDENT
21137616,123456,Đoàn Duy Linh,sv21137616@student.edu.vn,0919126407,STUDENT
21137617,123456,Hoàng Xuân Nga,sv21137617@student.edu.vn,0999390019,STUDENT
21137618,123456,Vũ Thu Cường,sv21137618@student.edu.vn,0946197857,STUDENT
21137619,123456,Hồ Quốc Yến,sv21137619@student.edu.vn,0928586757,STUDENT
21137620,123456,Phan Thu Bảo,sv21137620@student.edu.vn,0969926295,STUDENT
21137621,123456,Tạ Quốc Vân,sv21137621@student.edu.vn,0953723271,STUDENT
21137622,123456,Nguyễn Thanh An,sv21137622@student.edu.vn,0913494896,STUDENT
21137623,123456,Phan Tuấn Em,sv21137623@student.edu.vn,0984199046,STUDENT
21137624,123456,Tạ Hữu Uyên,sv21137624@student.edu.vn,0947616470,STUDENT
21137625,123456,Phạm Tuấn Em,sv21137625@student.edu.vn,0942911918,STUDENT
21137626,123456,Hồ Gia Minh,sv21137626@student.edu.vn,0980617912,STUDENT
21137627,123456,Phạm Nhật Trung,sv21137627@student.edu.vn,0970636210,STUDENT
21137628,123456,Đỗ Xuân Yến,sv21137628@student.edu.vn,0973099334,STUDENT
21137629,123456,Phan Phương Toàn,sv21137629@student.edu.vn,0954169101,STUDENT
21137630,123456,Lâm Thanh Vinh,sv21137630@student.edu.vn,0991652175,STUDENT
21137631,123456,Lý Hải Sơn,sv21137631@student.edu.vn,0941467057,STUDENT
21137632,123456,Trần Thiện Phong,sv21137632@student.edu.vn,0932475552,STUDENT
21137633,123456,Tạ Quốc Thảo,sv21137633@student.edu.vn,0979220155,STUDENT
21137634,123456,Võ Gia Trung,sv21137634@student.edu.vn,0983185454,STUDENT
21137635,123456,Hà Thu Rạng,sv21137635@student.edu.vn,0930976792,STUDENT
21137636,123456,Ngô Đức Phong,sv21137636@student.edu.vn,0938216073,STUDENT
21137637,123456,Trần Nhật Tùng,sv21137637@student.edu.vn,0952370557,STUDENT
21137638,123456,Đoàn Kim Thắng,sv21137638@student.edu.vn,0965414521,STUDENT
21137639,123456,Lý Đức Trinh,sv21137639@student.edu.vn,0953543622,STUDENT
21137640,123456,Ngô Quang Kiệt,sv21137640@student.edu.vn,0910223566,STUDENT
21137641,123456,Hồ Minh Em,sv21137641@student.edu.vn,0984849715,STUDENT
21137642,123456,Nguyễn Thiện Phúc,sv21137642@student.edu.vn,0966804360,STUDENT
21137643,123456,Nguyễn Hồng Nam,sv21137643@student.edu.vn,0933898322,STUDENT
21137644,123456,Dương Duy Linh,sv21137644@student.edu.vn,0924410832,STUDENT
21137645,123456,Trịnh Hải Long,sv21137645@student.edu.vn,0946345631,STUDENT
21137646,123456,Trịnh Văn Long,sv21137646@student.edu.vn,0966257258,STUDENT
21137647,123456,Đoàn Thu Hà,sv21137647@student.edu.vn,0918383233,STUDENT
21137648,123456,Lâm Minh Trinh,sv21137648@student.edu.vn,0920003789,STUDENT
21137649,123456,Mai Kim Thắng,sv21137649@student.edu.vn,0949084755,STUDENT
21137650,123456,Phan Thị Long,sv21137650@student.edu.vn,0985085437,STUDENT
21137651,123456,Phan Trung Nam,sv21137651@student.edu.vn,0983130500,STUDENT
21137652,123456,Lý Duy Trí,sv21137652@student.edu.vn,0938752858,STUDENT
21137653,123456,Đặng Ngọc Lộc,sv21137653@student.edu.vn,0961069749,STUDENT
21137654,123456,Trịnh Ngọc Rạng,sv21137654@student.edu.vn,0936133365,STUDENT
21137655,123456,Hồ Minh Cường,sv21137655@student.edu.vn,0972051400,STUDENT
21137656,123456,Trần Quang Phát,sv21137656@student.edu.vn,0933461551,STUDENT
21137657,123456,Hoàng Hữu Bảo,sv21137657@student.edu.vn,0941142261,STUDENT
21137658,123456,Nguyễn Tuấn Bảo,sv21137658@student.edu.vn,0936414246,STUDENT
21137659,123456,Huỳnh Bảo An,sv21137659@student.edu.vn,0928593806,STUDENT
21137660,123456,Nguyễn Trung Tài,sv21137660@student.edu.vn,0948176234,STUDENT
21137661,123456,Trịnh Hải Duy,sv21137661@student.edu.vn,0947937709,STUDENT
21137662,123456,Huỳnh Minh Trung,sv21137662@student.edu.vn,0995288354,STUDENT
21137663,123456,Bùi Gia Toàn,sv21137663@student.edu.vn,0915751833,STUDENT
21137664,123456,Cao Kim Lộc,sv21137664@student.edu.vn,0949731109,STUDENT
21137665,123456,Võ Phương Thảo,sv21137665@student.edu.vn,0952308663,STUDENT
21137666,123456,Lê Gia Tâm,sv21137666@student.edu.vn,0957632350,STUDENT
21137667,123456,Dương Gia Cường,sv21137667@student.edu.vn,0971889690,STUDENT
21137668,123456,Phạm Ngọc Inh,sv21137668@student.edu.vn,0919316292,STUDENT
21137669,123456,Ngô Kim Tùng,sv21137669@student.edu.vn,0977909499,STUDENT
21137670,123456,Đặng Nhật Quân,sv21137670@student.edu.vn,0925765053,STUDENT
21137671,123456,Vũ Đức Tâm,sv21137671@student.edu.vn,0982630643,STUDENT
21137672,123456,Đoàn Kim Trung,sv21137672@student.edu.vn,0938709511,STUDENT
21137673,123456,Đỗ Đức Phát,sv21137673@student.edu.vn,0988309520,STUDENT
21137674,123456,Lê Thị Khánh,sv21137674@student.edu.vn,0929464251,STUDENT
21137675,123456,Phạm Hải Minh,sv21137675@student.edu.vn,0958255824,STUDENT
21137676,123456,Trần Hoàng Thảo,sv21137676@student.edu.vn,0917483305,STUDENT
21137677,123456,Ngô Gia Kiệt,sv21137677@student.edu.vn,0930865001,STUDENT
21137678,123456,Phan Bảo Duy,sv21137678@student.edu.vn,0995382127,STUDENT
21137679,123456,Vũ Hải Oanh,sv21137679@student.edu.vn,0921339086,STUDENT
21137680,123456,Lý Tuấn Trí,sv21137680@student.edu.vn,0977206131,STUDENT
21137681,123456,Ngô Văn Phúc,sv21137681@student.edu.vn,0938586472,STUDENT
21137682,123456,Bùi Kim Sơn,sv21137682@student.edu.vn,0957004929,STUDENT
21137683,123456,Lê Quốc Toàn,sv21137683@student.edu.vn,0978677161,STUDENT
21137684,123456,Phan Hoàng Hà,sv21137684@student.edu.vn,0924820404,STUDENT
21137685,123456,Lý Anh Bình,sv21137685@student.edu.vn,0941885744,STUDENT
21137686,123456,Hoàng Văn Thảo,sv21137686@student.edu.vn,0930039406,STUDENT
21137687,123456,Lê Văn Khoa,sv21137687@student.edu.vn,0917135441,STUDENT
21137688,123456,Mai Hải Bảo,sv21137688@student.edu.vn,0977389880,STUDENT
21137689,123456,Lý Hồng Thành,sv21137689@student.edu.vn,0992236951,STUDENT
21137690,123456,Trịnh Phương Trí,sv21137690@student.edu.vn,0987813513,STUDENT
21137691,123456,Trịnh Thiện Khoa,sv21137691@student.edu.vn,0962732834,STUDENT
21137692,123456,Đinh Kim Bảo,sv21137692@student.edu.vn,0912211867,STUDENT
21137693,123456,Võ Bảo Hùng,sv21137693@student.edu.vn,0925511274,STUDENT
21137694,123456,Phan Anh Cường,sv21137694@student.edu.vn,0935570344,STUDENT
21137695,123456,Ngô Hải Thảo,sv21137695@student.edu.vn,0932255587,STUDENT
21137696,123456,Vũ Phương Hương,sv21137696@student.edu.vn,0958361779,STUDENT
21137697,123456,Đỗ Tuấn Bình,sv21137697@student.edu.vn,0924270360,STUDENT
21137698,123456,Hồ Bảo Linh,sv21137698@student.edu.vn,0993164150,STUDENT
21137699,123456,Phạm Thanh Inh,sv21137699@student.edu.vn,0927774157,STUDENT
21137700,123456,Trịnh Văn Thành,sv21137700@student.edu.vn,0974502735,STUDENT
21137701,123456,Hồ Hoàng Khoa,sv21137701@student.edu.vn,0983659951,STUDENT
21137702,123456,Mai Nhật An,sv21137702@student.edu.vn,0960615193,STUDENT
21137703,123456,Phan Thị Rạng,sv21137703@student.edu.vn,0931246226,STUDENT
21137704,123456,Hồ Bảo Oanh,sv21137704@student.edu.vn,0998926687,STUDENT
21137705,123456,Võ Xuân Hà,sv21137705@student.edu.vn,0956809325,STUDENT
21137706,123456,Lý Đức Bình,sv21137706@student.edu.vn,0951604559,STUDENT
21137707,123456,Phan Bảo Tùng,sv21137707@student.edu.vn,0956412704,STUDENT
21137708,123456,Đỗ Quang Vân,sv21137708@student.edu.vn,0922859115,STUDENT
21137709,123456,Đoàn Nhật Linh,sv21137709@student.edu.vn,0959009941,STUDENT
21137710,123456,Cao Văn Huy,sv21137710@student.edu.vn,0915922585,STUDENT
21137711,123456,Lê Trung Sơn,sv21137711@student.edu.vn,0982372562,STUDENT
21137712,123456,Lý Trung Trinh,sv21137712@student.edu.vn,0982938822,STUDENT
21137713,123456,Trịnh Hoàng Phúc,sv21137713@student.edu.vn,0950019735,STUDENT
21137714,123456,Phạm Kim Đạt,sv21137714@student.edu.vn,0993380139,STUDENT
21137715,123456,Vũ Hồng Linh,sv21137715@student.edu.vn,0926684677,STUDENT
21137716,123456,Cao Duy Yến,sv21137716@student.edu.vn,0931708481,STUDENT
21137717,123456,Hà Kim Hương,sv21137717@student.edu.vn,0972649469,STUDENT
21137718,123456,Cao Thiện Thảo,sv21137718@student.edu.vn,0916558101,STUDENT
21137719,123456,Lê Nhật Phong,sv21137719@student.edu.vn,0922040035,STUDENT
21137720,123456,Hoàng Hồng Nhật,sv21137720@student.edu.vn,0976271163,STUDENT
21137721,123456,Phan Bảo Quân,sv21137721@student.edu.vn,0977870895,STUDENT
21137722,123456,Cao Phương Thành,sv21137722@student.edu.vn,0940858893,STUDENT
21137723,123456,Phạm Văn Hương,sv21137723@student.edu.vn,0934818973,STUDENT
21137724,123456,Mai Nhật Khánh,sv21137724@student.edu.vn,0925766053,STUDENT
21137725,123456,Tạ Thu Minh,sv21137725@student.edu.vn,0912132090,STUDENT
21137726,123456,Cao Gia Trí,sv21137726@student.edu.vn,0965198458,STUDENT
21137727,123456,Lê Văn Yến,sv21137727@student.edu.vn,0989645825,STUDENT
21137728,123456,Vũ Quốc Yến,sv21137728@student.edu.vn,0987280727,STUDENT
21137729,123456,Phạm Thiện Em,sv21137729@student.edu.vn,0945597422,STUDENT
21137730,123456,Lê Minh Kiệt,sv21137730@student.edu.vn,0966102705,STUDENT
21137731,123456,Ngô Đức Nga,sv21137731@student.edu.vn,0986858801,STUDENT
21137732,123456,Vũ Nhật Em,sv21137732@student.edu.vn,0991570221,STUDENT
21137733,123456,Trịnh Kim Vinh,sv21137733@student.edu.vn,0928526134,STUDENT
21137734,123456,Nguyễn Phương Nhật,sv21137734@student.edu.vn,0913660947,STUDENT
21137735,123456,Bùi Gia Bảo,sv21137735@student.edu.vn,0972407334,STUDENT
21137736,123456,Nguyễn Kim Yến,sv21137736@student.edu.vn,0979590524,STUDENT
21137737,123456,Bùi Minh Oanh,sv21137737@student.edu.vn,0978757802,STUDENT
21137738,123456,Võ Thị Giang,sv21137738@student.edu.vn,0924296287,STUDENT
21137739,123456,Bùi Minh Nhật,sv21137739@student.edu.vn,0958695515,STUDENT
21137740,123456,Tạ Kim Giang,sv21137740@student.edu.vn,0919707359,STUDENT
21137741,123456,Dương Ngọc Inh,sv21137741@student.edu.vn,0965642627,STUDENT
21137742,123456,Phạm Bảo Vân,sv21137742@student.edu.vn,0928577288,STUDENT
21137743,123456,Võ Văn Uyên,sv21137743@student.edu.vn,0947535525,STUDENT
21137744,123456,Trịnh Trung Rạng,sv21137744@student.edu.vn,0948701932,STUDENT
21137745,123456,Huỳnh Minh Lộc,sv21137745@student.edu.vn,0998162444,STUDENT
21137746,123456,Lý Hữu Minh,sv21137746@student.edu.vn,0987200778,STUDENT
21137747,123456,Đỗ Thị Vinh,sv21137747@student.edu.vn,0976780796,STUDENT
21137748,123456,Tạ Thu Bình,sv21137748@student.edu.vn,0929499964,STUDENT
21137749,123456,Tạ Kim Tùng,sv21137749@student.edu.vn,0988397006,STUDENT
21137750,123456,Tạ Quang Hương,sv21137750@student.edu.vn,0995273752,STUDENT
21137751,123456,Hồ Minh Quân,sv21137751@student.edu.vn,0927859990,STUDENT
21137752,123456,Đỗ Hoàng Thành,sv21137752@student.edu.vn,0983238630,STUDENT
21137753,123456,Dương Quốc Trinh,sv21137753@student.edu.vn,0942945653,STUDENT
21137754,123456,Huỳnh Hoàng Hùng,sv21137754@student.edu.vn,0969522255,STUDENT
21137755,123456,Hoàng Thanh Minh,sv21137755@student.edu.vn,0994650879,STUDENT
21137756,123456,Bùi Thu Nhật,sv21137756@student.edu.vn,0986966743,STUDENT
21137757,123456,Hà Hồng Bình,sv21137757@student.edu.vn,0914362388,STUDENT
21137758,123456,Võ Anh Trang,sv21137758@student.edu.vn,0963295165,STUDENT
21137759,123456,Trần Đức Linh,sv21137759@student.edu.vn,0990057739,STUDENT
21137760,123456,Huỳnh Gia Tâm,sv21137760@student.edu.vn,0968373548,STUDENT
21137761,123456,Ngô Anh Thảo,sv21137761@student.edu.vn,0916787413,STUDENT
21137762,123456,Lý Tuấn Kiệt,sv21137762@student.edu.vn,0937812725,STUDENT
21137763,123456,Cao Phương Trang,sv21137763@student.edu.vn,0987928673,STUDENT
21137764,123456,Vũ Thiện Nga,sv21137764@student.edu.vn,0949107374,STUDENT
21137765,123456,Vũ Thu Trung,sv21137765@student.edu.vn,0957804873,STUDENT
21137766,123456,Tạ Thiện Thành,sv21137766@student.edu.vn,0988362561,STUDENT
21137767,123456,Nguyễn Ngọc Long,sv21137767@student.edu.vn,0949650518,STUDENT
21137768,123456,Hoàng Kim Phong,sv21137768@student.edu.vn,0949743351,STUDENT
21137769,123456,Lâm Phương Cường,sv21137769@student.edu.vn,0992193413,STUDENT
21137770,123456,Vũ Hoàng Bảo,sv21137770@student.edu.vn,0921395248,STUDENT
21137771,123456,Phạm Anh Minh,sv21137771@student.edu.vn,0954511259,STUDENT
21137772,123456,Vũ Thu Duy,sv21137772@student.edu.vn,0970099743,STUDENT
21137773,123456,Hoàng Thiện Phong,sv21137773@student.edu.vn,0995747929,STUDENT
21137774,123456,Hoàng Trung Đạt,sv21137774@student.edu.vn,0930739743,STUDENT
21137775,123456,Đinh Quang Bình,sv21137775@student.edu.vn,0934916922,STUDENT
21137776,123456,Huỳnh Ngọc Trung,sv21137776@student.edu.vn,0933424083,STUDENT
21137777,123456,Ngô Thiện Vân,sv21137777@student.edu.vn,0956172414,STUDENT
21137778,123456,Phạm Tuấn Nga,sv21137778@student.edu.vn,0982153235,STUDENT
21137779,123456,Đỗ Hoàng Lộc,sv21137779@student.edu.vn,0916695852,STUDENT
21137780,123456,Nguyễn Gia Tài,sv21137780@student.edu.vn,0991965992,STUDENT
21137781,123456,Đỗ Hoàng Phúc,sv21137781@student.edu.vn,0973370525,STUDENT
21137782,123456,Vũ Thu Tùng,sv21137782@student.edu.vn,0963783767,STUDENT
21137783,123456,Phạm Thanh Đạt,sv21137783@student.edu.vn,0927578390,STUDENT
21137784,123456,Đinh Thu Hiếu,sv21137784@student.edu.vn,0938730968,STUDENT
21137785,123456,Lê Thu Duy,sv21137785@student.edu.vn,0990851975,STUDENT
21137786,123456,Đoàn Phương Bình,sv21137786@student.edu.vn,0972175602,STUDENT
21137787,123456,Trần Minh Trinh,sv21137787@student.edu.vn,0914520165,STUDENT
21137788,123456,Huỳnh Thị Hùng,sv21137788@student.edu.vn,0993188376,STUDENT
21137789,123456,Bùi Quang Oanh,sv21137789@student.edu.vn,0910875012,STUDENT
21137790,123456,Đặng Xuân Trung,sv21137790@student.edu.vn,0916307306,STUDENT
21137791,123456,Trần Duy Phong,sv21137791@student.edu.vn,0916130085,STUDENT
21137792,123456,Trịnh Thị Tùng,sv21137792@student.edu.vn,0973340694,STUDENT
21137793,123456,Mai Kim Giang,sv21137793@student.edu.vn,0951715685,STUDENT
21137794,123456,Đỗ Đức Giang,sv21137794@student.edu.vn,0923198730,STUDENT
21137795,123456,Đinh Quang Giang,sv21137795@student.edu.vn,0989522124,STUDENT
21137796,123456,Lê Quốc Tài,sv21137796@student.edu.vn,0980659893,STUDENT
21137797,123456,Võ Thanh Hương,sv21137797@student.edu.vn,0985758574,STUDENT
21137798,123456,Trần Đức Vân,sv21137798@student.edu.vn,0913270362,STUDENT
21137799,123456,Hà Hoàng Thắng,sv21137799@student.edu.vn,0961593542,STUDENT
21137800,123456,Võ Hoàng Huy,sv21137800@student.edu.vn,0975425171,STUDENT
21137801,123456,Hoàng Duy Lộc,sv21137801@student.edu.vn,0926009123,STUDENT
21137802,123456,Lý Kim Khánh,sv21137802@student.edu.vn,0980188302,STUDENT
21137803,123456,Đặng Hoàng Bình,sv21137803@student.edu.vn,0981797741,STUDENT
21137804,123456,Lý Nhật Tài,sv21137804@student.edu.vn,0981628195,STUDENT
21137805,123456,Hồ Thiện Trung,sv21137805@student.edu.vn,0937768898,STUDENT
21137806,123456,Hồ Thu Hà,sv21137806@student.edu.vn,0964539885,STUDENT
21137807,123456,Tạ Văn Em,sv21137807@student.edu.vn,0973188458,STUDENT
21137808,123456,Vũ Duy Vinh,sv21137808@student.edu.vn,0939830223,STUDENT
21137809,123456,Đỗ Xuân Phúc,sv21137809@student.edu.vn,0993395567,STUDENT
21137810,123456,Đoàn Hữu Phát,sv21137810@student.edu.vn,0987306448,STUDENT
21137811,123456,Đặng Thị Linh,sv21137811@student.edu.vn,0913162408,STUDENT
21137812,123456,Đỗ Tuấn Trí,sv21137812@student.edu.vn,0974661750,STUDENT
21137813,123456,Ngô Nhật Giang,sv21137813@student.edu.vn,0994780722,STUDENT
21137814,123456,Lê Hải Long,sv21137814@student.edu.vn,0974449166,STUDENT
21137815,123456,Đoàn Văn Hùng,sv21137815@student.edu.vn,0985615544,STUDENT
21137816,123456,Lê Thu Yến,sv21137816@student.edu.vn,0934285862,STUDENT
21137817,123456,Đinh Tuấn Hiếu,sv21137817@student.edu.vn,0913271636,STUDENT
21137818,123456,Vũ Gia Tài,sv21137818@student.edu.vn,0982538336,STUDENT
21137819,123456,Huỳnh Gia Bảo,sv21137819@student.edu.vn,0983897925,STUDENT
21137820,123456,Đinh Nhật Oanh,sv21137820@student.edu.vn,0994448943,STUDENT
21137821,123456,Đỗ Thiện Kiệt,sv21137821@student.edu.vn,0990313252,STUDENT
21137822,123456,Lý Kim Quân,sv21137822@student.edu.vn,0989715101,STUDENT
21137823,123456,Lâm Hoàng Tài,sv21137823@student.edu.vn,0987401294,STUDENT
21137824,123456,Vũ Hữu Trinh,sv21137824@student.edu.vn,0982257715,STUDENT
21137825,123456,Lâm Quang An,sv21137825@student.edu.vn,0955744511,STUDENT
21137826,123456,Ngô Thiện Lộc,sv21137826@student.edu.vn,0961813046,STUDENT
21137827,123456,Đặng Trung Nhật,sv21137827@student.edu.vn,0920822989,STUDENT
21137828,123456,Hồ Thị Em,sv21137828@student.edu.vn,0997881859,STUDENT
21137829,123456,Tạ Thiện Tâm,sv21137829@student.edu.vn,0947733797,STUDENT
21137830,123456,Phan Minh Yến,sv21137830@student.edu.vn,0966064483,STUDENT
21137831,123456,Bùi Hữu Long,sv21137831@student.edu.vn,0962145068,STUDENT
21137832,123456,Tạ Gia Phát,sv21137832@student.edu.vn,0973393373,STUDENT
21137833,123456,Phan Ngọc Giang,sv21137833@student.edu.vn,0932913774,STUDENT
21137834,123456,Vũ Hoàng Lộc,sv21137834@student.edu.vn,0981031175,STUDENT
21137835,123456,Hà Minh Khoa,sv21137835@student.edu.vn,0961755938,STUDENT
21137836,123456,Tạ Phương Hà,sv21137836@student.edu.vn,0992207621,STUDENT
21137837,123456,Ngô Bảo Tài,sv21137837@student.edu.vn,0976489105,STUDENT
21137838,123456,Võ Anh Linh,sv21137838@student.edu.vn,0987778601,STUDENT
21137839,123456,Lê Phương Phong,sv21137839@student.edu.vn,0979079428,STUDENT
21137840,123456,Mai Thiện Trí,sv21137840@student.edu.vn,0954781365,STUDENT
21137841,123456,Bùi Kim Hương,sv21137841@student.edu.vn,0961385122,STUDENT
21137842,123456,Trần Kim Huy,sv21137842@student.edu.vn,0958646920,STUDENT
21137843,123456,Phan Phương Phúc,sv21137843@student.edu.vn,0925161242,STUDENT
21137844,123456,Đoàn Trung Đạt,sv21137844@student.edu.vn,0930206311,STUDENT
21137845,123456,Cao Thị Trang,sv21137845@student.edu.vn,0942899403,STUDENT
21137846,123456,Đỗ Kim An,sv21137846@student.edu.vn,0953860350,STUDENT
21137847,123456,Bùi Nhật Phát,sv21137847@student.edu.vn,0934077591,STUDENT
21137848,123456,Hoàng Trung Vinh,sv21137848@student.edu.vn,0915180275,STUDENT
21137849,123456,Lâm Bảo Thắng,sv21137849@student.edu.vn,0990495901,STUDENT
21137850,123456,Mai Phương Inh,sv21137850@student.edu.vn,0918106527,STUDENT
21137851,123456,Võ Thị Phát,sv21137851@student.edu.vn,0925863689,STUDENT
21137852,123456,Lê Hồng Inh,sv21137852@student.edu.vn,0959243725,STUDENT
21137853,123456,Vũ Trung Xuân,sv21137853@student.edu.vn,0997041458,STUDENT
21137854,123456,Vũ Thu Long,sv21137854@student.edu.vn,0975486881,STUDENT
21137855,123456,Phạm Đức Đạt,sv21137855@student.edu.vn,0976880427,STUDENT
21137856,123456,Đỗ Nhật Hiếu,sv21137856@student.edu.vn,0933776604,STUDENT
21137857,123456,Trần Phương Thắng,sv21137857@student.edu.vn,0914200500,STUDENT
21137858,123456,Trịnh Quốc Xuân,sv21137858@student.edu.vn,0997012904,STUDENT
21137859,123456,Bùi Hoàng Thắng,sv21137859@student.edu.vn,0913711550,STUDENT
21137860,123456,Đoàn Thị Hùng,sv21137860@student.edu.vn,0934207053,STUDENT
21137861,123456,Cao Nhật Long,sv21137861@student.edu.vn,0978206436,STUDENT
21137862,123456,Lê Hồng Rạng,sv21137862@student.edu.vn,0990351176,STUDENT
21137863,123456,Dương Thanh Lan,sv21137863@student.edu.vn,0954587729,STUDENT
21137864,123456,Vũ Thanh Vân,sv21137864@student.edu.vn,0991925857,STUDENT
21137865,123456,Đinh Gia Lan,sv21137865@student.edu.vn,0916393479,STUDENT
21137866,123456,Đoàn Văn Trang,sv21137866@student.edu.vn,0969744212,STUDENT
21137867,123456,Đinh Hải Inh,sv21137867@student.edu.vn,0990891301,STUDENT
21137868,123456,Bùi Hải Thành,sv21137868@student.edu.vn,0952984452,STUDENT
21137869,123456,Hoàng Hữu Linh,sv21137869@student.edu.vn,0954417939,STUDENT
21137870,123456,Vũ Anh Thắng,sv21137870@student.edu.vn,0979935922,STUDENT
21137871,123456,Đặng Ngọc Xuân,sv21137871@student.edu.vn,0952001488,STUDENT
21137872,123456,Tạ Hoàng Rạng,sv21137872@student.edu.vn,0940080851,STUDENT
21137873,123456,Đinh Ngọc Huy,sv21137873@student.edu.vn,0973706304,STUDENT
21137874,123456,Huỳnh Duy Nam,sv21137874@student.edu.vn,0951742961,STUDENT
21137875,123456,Cao Thị Huy,sv21137875@student.edu.vn,0981164504,STUDENT
21137876,123456,Nguyễn Duy Minh,sv21137876@student.edu.vn,0937722240,STUDENT
21137877,123456,Lâm Thị Nga,sv21137877@student.edu.vn,0984469609,STUDENT
21137878,123456,Phạm Phương Nam,sv21137878@student.edu.vn,0934325627,STUDENT
21137879,123456,Vũ Quang Yến,sv21137879@student.edu.vn,0940596498,STUDENT
21137880,123456,Nguyễn Thiện Tâm,sv21137880@student.edu.vn,0988097100,STUDENT
21137881,123456,Trịnh Nhật Rạng,sv21137881@student.edu.vn,0999674382,STUDENT
21137882,123456,Lâm Thiện Inh,sv21137882@student.edu.vn,0985269614,STUDENT
21137883,123456,Đoàn Hải Trung,sv21137883@student.edu.vn,0968691334,STUDENT
21137884,123456,Hoàng Thanh Oanh,sv21137884@student.edu.vn,0956812970,STUDENT
21137885,123456,Đặng Phương Bảo,sv21137885@student.edu.vn,0998451313,STUDENT
21137886,123456,Huỳnh Hồng Khoa,sv21137886@student.edu.vn,0979895685,STUDENT
21137887,123456,Trần Thị Uyên,sv21137887@student.edu.vn,0980374314,STUDENT
21137888,123456,Hà Trung Đạt,sv21137888@student.edu.vn,0944915165,STUDENT
21137889,123456,Hồ Minh Long,sv21137889@student.edu.vn,0912522056,STUDENT
21137890,123456,Hồ Quốc Hà,sv21137890@student.edu.vn,0973343954,STUDENT
21137891,123456,Hồ Hồng Minh,sv21137891@student.edu.vn,0946904236,STUDENT
21137892,123456,Đặng Thanh Đạt,sv21137892@student.edu.vn,0920222337,STUDENT
21137893,123456,Lê Bảo Hùng,sv21137893@student.edu.vn,0949104831,STUDENT
21137894,123456,Phạm Anh Oanh,sv21137894@student.edu.vn,0921689719,STUDENT
21137895,123456,Đặng Hồng Hiếu,sv21137895@student.edu.vn,0966013403,STUDENT
21137896,123456,Võ Duy Lộc,sv21137896@student.edu.vn,0955727955,STUDENT
21137897,123456,Dương Thu Giang,sv21137897@student.edu.vn,0948371981,STUDENT
21137898,123456,Ngô Thu An,sv21137898@student.edu.vn,0918652412,STUDENT
21137899,123456,Vũ Anh Khánh,sv21137899@student.edu.vn,0970848785,STUDENT
21137900,123456,Đoàn Hồng Vinh,sv21137900@student.edu.vn,0945990195,STUDENT
21137901,123456,Tạ Duy Hà,sv21137901@student.edu.vn,0981391545,STUDENT
21137902,123456,Phan Thiện Hùng,sv21137902@student.edu.vn,0929336094,STUDENT
21137903,123456,Mai Đức Bảo,sv21137903@student.edu.vn,0959471065,STUDENT
21137904,123456,Trần Quang Linh,sv21137904@student.edu.vn,0943677679,STUDENT
21137905,123456,Đoàn Kim Phúc,sv21137905@student.edu.vn,0945784145,STUDENT
21137906,123456,Đỗ Nhật Toàn,sv21137906@student.edu.vn,0953307760,STUDENT
21137907,123456,Nguyễn Bảo Quân,sv21137907@student.edu.vn,0938084470,STUDENT
21137908,123456,Phan Hồng Đạt,sv21137908@student.edu.vn,0994481843,STUDENT
21137909,123456,Nguyễn Hải Phong,sv21137909@student.edu.vn,0950873040,STUDENT
21137910,123456,Lý Gia Thành,sv21137910@student.edu.vn,0913981644,STUDENT
21137911,123456,Tạ Nhật Hương,sv21137911@student.edu.vn,0950490205,STUDENT
21137912,123456,Đỗ Đức An,sv21137912@student.edu.vn,0948572483,STUDENT
21137913,123456,Lê Nhật Lộc,sv21137913@student.edu.vn,0972604967,STUDENT
21137914,123456,Huỳnh Thiện Inh,sv21137914@student.edu.vn,0973037561,STUDENT
21137915,123456,Hồ Minh Huy,sv21137915@student.edu.vn,0926240267,STUDENT
21137916,123456,Cao Quang Nam,sv21137916@student.edu.vn,0949427254,STUDENT
21137917,123456,Mai Quang Vân,sv21137917@student.edu.vn,0925566632,STUDENT
21137918,123456,Mai Minh Trung,sv21137918@student.edu.vn,0910162244,STUDENT
21137919,123456,Bùi Kim Hiếu,sv21137919@student.edu.vn,0953362663,STUDENT
21137920,123456,Lê Xuân Thắng,sv21137920@student.edu.vn,0989540791,STUDENT
21137921,123456,Đoàn Thu Trung,sv21137921@student.edu.vn,0922734847,STUDENT
21137922,123456,Hoàng Thu Nga,sv21137922@student.edu.vn,0947925334,STUDENT
21137923,123456,Lâm Hữu Khoa,sv21137923@student.edu.vn,0945852960,STUDENT
21137924,123456,Trần Hồng Khoa,sv21137924@student.edu.vn,0984588522,STUDENT
21137925,123456,Hà Ngọc Linh,sv21137925@student.edu.vn,0971271712,STUDENT
21137926,123456,Lê Thị Uyên,sv21137926@student.edu.vn,0955876672,STUDENT
21137927,123456,Đinh Xuân Khoa,sv21137927@student.edu.vn,0981582155,STUDENT
21137928,123456,Cao Hữu Linh,sv21137928@student.edu.vn,0962489535,STUDENT
21137929,123456,Hoàng Thị Phúc,sv21137929@student.edu.vn,0918117905,STUDENT
21137930,123456,Hồ Tuấn Thành,sv21137930@student.edu.vn,0974278211,STUDENT
21137931,123456,Hoàng Hữu Thảo,sv21137931@student.edu.vn,0983542088,STUDENT
21137932,123456,Cao Gia Nhật,sv21137932@student.edu.vn,0950633622,STUDENT
21137933,123456,Tạ Thị Tâm,sv21137933@student.edu.vn,0954177353,STUDENT
21137934,123456,Lâm Hoàng Nga,sv21137934@student.edu.vn,0915290781,STUDENT
21137935,123456,Trần Thiện Xuân,sv21137935@student.edu.vn,0948564088,STUDENT
21137936,123456,Bùi Duy Long,sv21137936@student.edu.vn,0997674291,STUDENT
21137937,123456,Hà Kim Uyên,sv21137937@student.edu.vn,0995519307,STUDENT
21137938,123456,Lý Phương Vinh,sv21137938@student.edu.vn,0922168888,STUDENT
21137939,123456,Võ Thiện Khoa,sv21137939@student.edu.vn,0953725014,STUDENT
21137940,123456,Bùi Tuấn Yến,sv21137940@student.edu.vn,0942160039,STUDENT
21137941,123456,Nguyễn Xuân Phúc,sv21137941@student.edu.vn,0972489976,STUDENT
21137942,123456,Hà Xuân Oanh,sv21137942@student.edu.vn,0934694145,STUDENT
21137943,123456,Lâm Kim Trang,sv21137943@student.edu.vn,0923100703,STUDENT
21137944,123456,Hồ Xuân Hà,sv21137944@student.edu.vn,0930479960,STUDENT
21137945,123456,Phan Thị Phát,sv21137945@student.edu.vn,0920646670,STUDENT
21137946,123456,Vũ Thiện Nam,sv21137946@student.edu.vn,0942259327,STUDENT
21137947,123456,Đinh Hải Cường,sv21137947@student.edu.vn,0911942921,STUDENT
21137948,123456,Đỗ Hồng Bình,sv21137948@student.edu.vn,0922644522,STUDENT
21137949,123456,Mai Đức An,sv21137949@student.edu.vn,0952928243,STUDENT
21137950,123456,Trịnh Bảo Nam,sv21137950@student.edu.vn,0989449167,STUDENT
21137951,123456,Trần Trung Tài,sv21137951@student.edu.vn,0952469120,STUDENT
21137952,123456,Huỳnh Thanh Phát,sv21137952@student.edu.vn,0940205039,STUDENT
21137953,123456,Dương Ngọc Inh,sv21137953@student.edu.vn,0951061652,STUDENT
21137954,123456,Phan Thu Trang,sv21137954@student.edu.vn,0949097180,STUDENT
21137955,123456,Hà Duy Thành,sv21137955@student.edu.vn,0917125682,STUDENT
21137956,123456,Hà Gia Khánh,sv21137956@student.edu.vn,0915929344,STUDENT
21137957,123456,Đặng Quốc Vân,sv21137957@student.edu.vn,0968807345,STUDENT
21137958,123456,Ngô Hải Trinh,sv21137958@student.edu.vn,0915019711,STUDENT
21137959,123456,Bùi Tuấn Duy,sv21137959@student.edu.vn,0978051500,STUDENT
21137960,123456,Phạm Minh Uyên,sv21137960@student.edu.vn,0972426305,STUDENT
21137961,123456,Nguyễn Minh Vân,sv21137961@student.edu.vn,0962794477,STUDENT
21137962,123456,Hà Văn Lộc,sv21137962@student.edu.vn,0999031599,STUDENT
21137963,123456,Cao Minh Nhật,sv21137963@student.edu.vn,0946243488,STUDENT
21137964,123456,Bùi Tuấn Duy,sv21137964@student.edu.vn,0999980296,STUDENT
21137965,123456,Trịnh Đức Trí,sv21137965@student.edu.vn,0933430703,STUDENT
21137966,123456,Phan Xuân Trinh,sv21137966@student.edu.vn,0958446597,STUDENT
21137967,123456,Đỗ Thị An,sv21137967@student.edu.vn,0916732679,STUDENT
21137968,123456,Đinh Thị Trang,sv21137968@student.edu.vn,0998826614,STUDENT
21137969,123456,Hồ Đức Em,sv21137969@student.edu.vn,0965895420,STUDENT
21137970,123456,Đoàn Đức Lan,sv21137970@student.edu.vn,0951625041,STUDENT
21137971,123456,Vũ Văn Xuân,sv21137971@student.edu.vn,0993874454,STUDENT
21137972,123456,Tạ Nhật Thắng,sv21137972@student.edu.vn,0962345210,STUDENT
21137973,123456,Phan Xuân Quân,sv21137973@student.edu.vn,0960166478,STUDENT
21137974,123456,Cao Minh Minh,sv21137974@student.edu.vn,0949124540,STUDENT
21137975,123456,Đoàn Ngọc Sơn,sv21137975@student.edu.vn,0950289211,STUDENT
21137976,123456,Mai Hồng Tâm,sv21137976@student.edu.vn,0999510047,STUDENT
21137977,123456,Đỗ Quốc Duy,sv21137977@student.edu.vn,0959575099,STUDENT
21137978,123456,Đỗ Anh Toàn,sv21137978@student.edu.vn,0992992470,STUDENT
21137979,123456,Nguyễn Thu Xuân,sv21137979@student.edu.vn,0930231833,STUDENT
21137980,123456,Dương Ngọc Bình,sv21137980@student.edu.vn,0939018382,STUDENT
21137981,123456,Phạm Tuấn Xuân,sv21137981@student.edu.vn,0956070428,STUDENT
21137982,123456,Võ Xuân Thành,sv21137982@student.edu.vn,0915345381,STUDENT
21137983,123456,Đoàn Ngọc Nga,sv21137983@student.edu.vn,0967420656,STUDENT
21137984,123456,Vũ Thiện Linh,sv21137984@student.edu.vn,0974338000,STUDENT
21137985,123456,Cao Phương Trinh,sv21137985@student.edu.vn,0965548929,STUDENT
21137986,123456,Trần Minh Sơn,sv21137986@student.edu.vn,0994085438,STUDENT
21137987,123456,Trịnh Tuấn Trí,sv21137987@student.edu.vn,0911504064,STUDENT
21137988,123456,Ngô Hồng Cường,sv21137988@student.edu.vn,0990108692,STUDENT
21137989,123456,Cao Thị Lan,sv21137989@student.edu.vn,0942876993,STUDENT
21137990,123456,Lâm Phương Long,sv21137990@student.edu.vn,0980685344,STUDENT
21137991,123456,Dương Xuân Toàn,sv21137991@student.edu.vn,0949164847,STUDENT
21137992,123456,Ngô Minh Bình,sv21137992@student.edu.vn,0990594076,STUDENT
21137993,123456,Đoàn Xuân Hà,sv21137993@student.edu.vn,0998782391,STUDENT
21137994,123456,Hà Hồng Thành,sv21137994@student.edu.vn,0925506757,STUDENT
21137995,123456,Bùi Thu Kiệt,sv21137995@student.edu.vn,0995735137,STUDENT
21137996,123456,Phan Đức Phong,sv21137996@student.edu.vn,0918944254,STUDENT
21137997,123456,Bùi Hồng Duy,sv21137997@student.edu.vn,0990142354,STUDENT
21137998,123456,Dương Thị Tùng,sv21137998@student.edu.vn,0955246711,STUDENT
21137999,123456,Lê Bảo Minh,sv21137999@student.edu.vn,0934107530,STUDENT
21138000,123456,Hồ Quốc Bình,sv21138000@student.edu.vn,0960560769,STUDENT
21138001,123456,Dương Hoàng Bảo,sv21138001@student.edu.vn,0942770121,STUDENT
21138002,123456,Lý Phương Duy,sv21138002@student.edu.vn,0941942832,STUDENT
21138003,123456,Đinh Quang Xuân,sv21138003@student.edu.vn,0950788863,STUDENT
21138004,123456,Huỳnh Ngọc Bình,sv21138004@student.edu.vn,0994715437,STUDENT
21138005,123456,Lâm Minh Quân,sv21138005@student.edu.vn,0942095231,STUDENT
21138006,123456,Phan Thị Thành,sv21138006@student.edu.vn,0976077796,STUDENT
21138007,123456,Ngô Thiện Quân,sv21138007@student.edu.vn,0965436963,STUDENT
21138008,123456,Lê Duy Nhật,sv21138008@student.edu.vn,0935630441,STUDENT
21138009,123456,Nguyễn Hữu Linh,sv21138009@student.edu.vn,0996724652,STUDENT
21138010,123456,Huỳnh Trung An,sv21138010@student.edu.vn,0917868012,STUDENT
21138011,123456,Lâm Quang Vân,sv21138011@student.edu.vn,0998205535,STUDENT
21138012,123456,Đoàn Trung Vân,sv21138012@student.edu.vn,0992660566,STUDENT
21138013,123456,Võ Tuấn Tùng,sv21138013@student.edu.vn,0949793696,STUDENT
21138014,123456,Lâm Quốc Minh,sv21138014@student.edu.vn,0925427391,STUDENT
21138015,123456,Lâm Bảo Thành,sv21138015@student.edu.vn,0992302075,STUDENT
21138016,123456,Phạm Phương Lộc,sv21138016@student.edu.vn,0946225906,STUDENT
21138017,123456,Hoàng Quốc Uyên,sv21138017@student.edu.vn,0998228695,STUDENT
21138018,123456,Huỳnh Nhật Vinh,sv21138018@student.edu.vn,0989833410,STUDENT
21138019,123456,Bùi Gia Minh,sv21138019@student.edu.vn,0919171043,STUDENT
21138020,123456,Võ Bảo Hiếu,sv21138020@student.edu.vn,0974306350,STUDENT
21138021,123456,Dương Tuấn An,sv21138021@student.edu.vn,0962453440,STUDENT
21138022,123456,Hà Kim Nga,sv21138022@student.edu.vn,0978996314,STUDENT
21138023,123456,Hồ Thị Hùng,sv21138023@student.edu.vn,0956946802,STUDENT
21138024,123456,Đoàn Quang Khoa,sv21138024@student.edu.vn,0939331813,STUDENT
21138025,123456,Đỗ Phương Kiệt,sv21138025@student.edu.vn,0962788850,STUDENT
21138026,123456,Lâm Quốc Vinh,sv21138026@student.edu.vn,0929645195,STUDENT
21138027,123456,Nguyễn Thu Bình,sv21138027@student.edu.vn,0942523041,STUDENT
21138028,123456,Vũ Anh Hà,sv21138028@student.edu.vn,0955166191,STUDENT
21138029,123456,Phan Duy Vân,sv21138029@student.edu.vn,0990397494,STUDENT
21138030,123456,Đoàn Trung Khánh,sv21138030@student.edu.vn,0953782667,STUDENT
21138031,123456,Tạ Gia Bảo,sv21138031@student.edu.vn,0974862899,STUDENT
21138032,123456,Lý Văn Lan,sv21138032@student.edu.vn,0943768625,STUDENT
21138033,123456,Đỗ Xuân Kiệt,sv21138033@student.edu.vn,0937900935,STUDENT
21138034,123456,Hà Nhật Đạt,sv21138034@student.edu.vn,0973600334,STUDENT
21138035,123456,Võ Kim Toàn,sv21138035@student.edu.vn,0960419705,STUDENT
21138036,123456,Đoàn Hữu Đạt,sv21138036@student.edu.vn,0986072734,STUDENT
21138037,123456,Nguyễn Hồng Khoa,sv21138037@student.edu.vn,0982604660,STUDENT
21138038,123456,Đoàn Thị Oanh,sv21138038@student.edu.vn,0923411809,STUDENT
21138039,123456,Trịnh Bảo Trang,sv21138039@student.edu.vn,0927852414,STUDENT
21138040,123456,Đặng Thanh Trang,sv21138040@student.edu.vn,0915476390,STUDENT
21138041,123456,Bùi Tuấn Nga,sv21138041@student.edu.vn,0967302135,STUDENT
21138042,123456,Đoàn Văn An,sv21138042@student.edu.vn,0916906533,STUDENT
21138043,123456,Phan Hải Phong,sv21138043@student.edu.vn,0957788604,STUDENT
21138044,123456,Hoàng Thanh Uyên,sv21138044@student.edu.vn,0975542242,STUDENT
21138045,123456,Phan Quốc Rạng,sv21138045@student.edu.vn,0963535051,STUDENT
21138046,123456,Hồ Văn Bảo,sv21138046@student.edu.vn,0975334243,STUDENT
21138047,123456,Phan Kim Hà,sv21138047@student.edu.vn,0977571970,STUDENT
21138048,123456,Lâm Gia Hiếu,sv21138048@student.edu.vn,0944131458,STUDENT
21138049,123456,Lâm Văn Giang,sv21138049@student.edu.vn,0994125852,STUDENT
21138050,123456,Huỳnh Thanh Huy,sv21138050@student.edu.vn,0930856757,STUDENT
21138051,123456,Đoàn Phương Long,sv21138051@student.edu.vn,0995816270,STUDENT
21138052,123456,Hồ Quốc Vinh,sv21138052@student.edu.vn,0915387124,STUDENT
21138053,123456,Huỳnh Gia Oanh,sv21138053@student.edu.vn,0932642231,STUDENT
21138054,123456,Đặng Phương Lan,sv21138054@student.edu.vn,0975996034,STUDENT
21138055,123456,Nguyễn Hoàng Vinh,sv21138055@student.edu.vn,0934662176,STUDENT
21138056,123456,Đinh Gia Linh,sv21138056@student.edu.vn,0927141504,STUDENT
21138057,123456,Võ Duy Vân,sv21138057@student.edu.vn,0919461581,STUDENT
21138058,123456,Ngô Hoàng Phát,sv21138058@student.edu.vn,0976252565,STUDENT
21138059,123456,Phan Gia Nam,sv21138059@student.edu.vn,0922893104,STUDENT
21138060,123456,Huỳnh Hải Phong,sv21138060@student.edu.vn,0923302406,STUDENT
21138061,123456,Võ Văn Nga,sv21138061@student.edu.vn,0993895611,STUDENT
21138062,123456,Lý Nhật Hương,sv21138062@student.edu.vn,0991467903,STUDENT
21138063,123456,Đinh Thanh Nga,sv21138063@student.edu.vn,0986510032,STUDENT
21138064,123456,Trịnh Hồng Sơn,sv21138064@student.edu.vn,0913118190,STUDENT
21138065,123456,Mai Hữu Lan,sv21138065@student.edu.vn,0918495795,STUDENT
21138066,123456,Phan Phương Cường,sv21138066@student.edu.vn,0929733599,STUDENT
21138067,123456,Cao Thanh Tâm,sv21138067@student.edu.vn,0993881068,STUDENT
21138068,123456,Huỳnh Thanh Huy,sv21138068@student.edu.vn,0958716356,STUDENT
21138069,123456,Hoàng Phương Kiệt,sv21138069@student.edu.vn,0952004832,STUDENT
21138070,123456,Phan Quang Quân,sv21138070@student.edu.vn,0974207166,STUDENT
21138071,123456,Hồ Anh Em,sv21138071@student.edu.vn,0999096079,STUDENT
21138072,123456,Ngô Tuấn Long,sv21138072@student.edu.vn,0993668659,STUDENT
21138073,123456,Bùi Văn Inh,sv21138073@student.edu.vn,0954734969,STUDENT
21138074,123456,Huỳnh Ngọc Oanh,sv21138074@student.edu.vn,0993770141,STUDENT
21138075,123456,Lý Nhật Vân,sv21138075@student.edu.vn,0956540643,STUDENT
21138076,123456,Võ Nhật Rạng,sv21138076@student.edu.vn,0985018844,STUDENT
21138077,123456,Bùi Anh Phong,sv21138077@student.edu.vn,0923906828,STUDENT
21138078,123456,Đỗ Ngọc Vinh,sv21138078@student.edu.vn,0924762031,STUDENT
21138079,123456,Phạm Thiện Lan,sv21138079@student.edu.vn,0980368266,STUDENT
21138080,123456,Trịnh Bảo Phúc,sv21138080@student.edu.vn,0994599608,STUDENT
21138081,123456,Đoàn Nhật Linh,sv21138081@student.edu.vn,0946851552,STUDENT
21138082,123456,Đặng Thị Huy,sv21138082@student.edu.vn,0963818821,STUDENT
21138083,123456,Lê Trung Thảo,sv21138083@student.edu.vn,0922901698,STUDENT
21138084,123456,Phạm Anh Cường,sv21138084@student.edu.vn,0994233753,STUDENT
21138085,123456,Phan Trung Hương,sv21138085@student.edu.vn,0973815371,STUDENT
21138086,123456,Huỳnh Quốc Phúc,sv21138086@student.edu.vn,0954982835,STUDENT
21138087,123456,Huỳnh Minh Nam,sv21138087@student.edu.vn,0974601177,STUDENT
21138088,123456,Hoàng Anh Vinh,sv21138088@student.edu.vn,0989385761,STUDENT
21138089,123456,Nguyễn Quốc Linh,sv21138089@student.edu.vn,0910594536,STUDENT
21138090,123456,Bùi Hồng Nga,sv21138090@student.edu.vn,0978806448,STUDENT
21138091,123456,Dương Ngọc Hùng,sv21138091@student.edu.vn,0948572424,STUDENT
21138092,123456,Lâm Kim Trinh,sv21138092@student.edu.vn,0929978118,STUDENT
21138093,123456,Phạm Tuấn Toàn,sv21138093@student.edu.vn,0921411587,STUDENT
21138094,123456,Trịnh Hồng Thảo,sv21138094@student.edu.vn,0925141877,STUDENT
21138095,123456,Cao Tuấn Trí,sv21138095@student.edu.vn,0976860722,STUDENT
21138096,123456,Võ Quốc Kiệt,sv21138096@student.edu.vn,0934452616,STUDENT
21138097,123456,Hồ Xuân Khánh,sv21138097@student.edu.vn,0977130586,STUDENT
21138098,123456,Bùi Quốc Hùng,sv21138098@student.edu.vn,0997124099,STUDENT
21138099,123456,Lê Hải Hùng,sv21138099@student.edu.vn,0926946454,STUDENT
21138100,123456,Lý Hoàng Minh,sv21138100@student.edu.vn,0958743884,STUDENT
21138101,123456,Lê Phương Kiệt,sv21138101@student.edu.vn,0948899143,STUDENT
21138102,123456,Vũ Gia Trang,sv21138102@student.edu.vn,0971135908,STUDENT
21138103,123456,Vũ Gia Hương,sv21138103@student.edu.vn,0921964599,STUDENT
21138104,123456,Huỳnh Minh Tài,sv21138104@student.edu.vn,0952600048,STUDENT
21138105,123456,Trịnh Bảo Phúc,sv21138105@student.edu.vn,0958613427,STUDENT
21138106,123456,Cao Hữu Bình,sv21138106@student.edu.vn,0941773703,STUDENT
21138107,123456,Lê Thị Phát,sv21138107@student.edu.vn,0996877657,STUDENT
21138108,123456,Huỳnh Thiện Nhật,sv21138108@student.edu.vn,0990065602,STUDENT
21138109,123456,Đinh Hoàng An,sv21138109@student.edu.vn,0997577423,STUDENT
21138110,123456,Lâm Anh Hiếu,sv21138110@student.edu.vn,0968999305,STUDENT
21138111,123456,Trần Hoàng Phát,sv21138111@student.edu.vn,0929145474,STUDENT
21138112,123456,Trịnh Bảo Kiệt,sv21138112@student.edu.vn,0992307770,STUDENT
21138113,123456,Mai Anh Hiếu,sv21138113@student.edu.vn,0979245027,STUDENT
21138114,123456,Đỗ Thiện Toàn,sv21138114@student.edu.vn,0948176235,STUDENT
21138115,123456,Đinh Anh Xuân,sv21138115@student.edu.vn,0931355748,STUDENT
21138116,123456,Đỗ Phương Thành,sv21138116@student.edu.vn,0915026223,STUDENT
21138117,123456,Lâm Hữu Cường,sv21138117@student.edu.vn,0930663715,STUDENT
21138118,123456,Huỳnh Hồng Vân,sv21138118@student.edu.vn,0945743731,STUDENT
21138119,123456,Phạm Đức Bảo,sv21138119@student.edu.vn,0918056348,STUDENT
21138120,123456,Đinh Tuấn Trí,sv21138120@student.edu.vn,0944532841,STUDENT
21138121,123456,Đoàn Quang Xuân,sv21138121@student.edu.vn,0937435991,STUDENT
21138122,123456,Lê Thiện Khoa,sv21138122@student.edu.vn,0932327164,STUDENT
21138123,123456,Tạ Quốc Oanh,sv21138123@student.edu.vn,0917247300,STUDENT
21138124,123456,Hà Quốc Vân,sv21138124@student.edu.vn,0925314160,STUDENT
21138125,123456,Mai Hải Trinh,sv21138125@student.edu.vn,0948075873,STUDENT
21138126,123456,Mai Kim Minh,sv21138126@student.edu.vn,0929850398,STUDENT
21138127,123456,Hà Hồng Trí,sv21138127@student.edu.vn,0972176633,STUDENT
21138128,123456,Hoàng Tuấn Đạt,sv21138128@student.edu.vn,0997152767,STUDENT
21138129,123456,Lý Quang Vân,sv21138129@student.edu.vn,0988298459,STUDENT
21138130,123456,Hà Xuân Thắng,sv21138130@student.edu.vn,0944700192,STUDENT
21138131,123456,Nguyễn Kim Tùng,sv21138131@student.edu.vn,0999728387,STUDENT
21138132,123456,Hà Hồng Bình,sv21138132@student.edu.vn,0912056225,STUDENT
21138133,123456,Đinh Quốc Oanh,sv21138133@student.edu.vn,0917789103,STUDENT
21138134,123456,Lâm Phương Xuân,sv21138134@student.edu.vn,0988422809,STUDENT
21138135,123456,Dương Trung Hương,sv21138135@student.edu.vn,0980481868,STUDENT
21138136,123456,Bùi Hữu Đạt,sv21138136@student.edu.vn,0989077780,STUDENT
21138137,123456,Hà Văn Hà,sv21138137@student.edu.vn,0930491247,STUDENT
21138138,123456,Trần Trung Toàn,sv21138138@student.edu.vn,0990231340,STUDENT
21138139,123456,Phan Minh Huy,sv21138139@student.edu.vn,0999465720,STUDENT
21138140,123456,Phạm Kim Tùng,sv21138140@student.edu.vn,0985485560,STUDENT
21138141,123456,Trần Thị Toàn,sv21138141@student.edu.vn,0921398051,STUDENT
21138142,123456,Mai Văn Khánh,sv21138142@student.edu.vn,0990009681,STUDENT
21138143,123456,Phạm Trung Rạng,sv21138143@student.edu.vn,0984412784,STUDENT
21138144,123456,Trịnh Duy Nam,sv21138144@student.edu.vn,0969140140,STUDENT
21138145,123456,Lê Duy Tùng,sv21138145@student.edu.vn,0952734614,STUDENT
21138146,123456,Dương Hải Duy,sv21138146@student.edu.vn,0931059336,STUDENT
21138147,123456,Trịnh Văn Vân,sv21138147@student.edu.vn,0943248927,STUDENT
21138148,123456,Đỗ Quốc Vinh,sv21138148@student.edu.vn,0983863489,STUDENT
21138149,123456,Võ Thị Tài,sv21138149@student.edu.vn,0942090403,STUDENT
21138150,123456,Hà Ngọc Thành,sv21138150@student.edu.vn,0934293003,STUDENT
21138151,123456,Trịnh Thu Lan,sv21138151@student.edu.vn,0980565011,STUDENT
21138152,123456,Đỗ Thị Trang,sv21138152@student.edu.vn,0924042520,STUDENT
21138153,123456,Lâm Văn Giang,sv21138153@student.edu.vn,0997001589,STUDENT
21138154,123456,Cao Minh Duy,sv21138154@student.edu.vn,0927733478,STUDENT
21138155,123456,Bùi Hải Huy,sv21138155@student.edu.vn,0927924845,STUDENT
21138156,123456,Phạm Nhật Huy,sv21138156@student.edu.vn,0992571427,STUDENT
21138157,123456,Phan Quốc Hà,sv21138157@student.edu.vn,0999637775,STUDENT
21138158,123456,Huỳnh Xuân Rạng,sv21138158@student.edu.vn,0972210410,STUDENT
21138159,123456,Đặng Thị Cường,sv21138159@student.edu.vn,0985020711,STUDENT
21138160,123456,Lý Hoàng Trí,sv21138160@student.edu.vn,0924743150,STUDENT
21138161,123456,Hà Đức Trung,sv21138161@student.edu.vn,0929148122,STUDENT
21138162,123456,Đỗ Xuân Thành,sv21138162@student.edu.vn,0930769943,STUDENT
21138163,123456,Nguyễn Kim Hiếu,sv21138163@student.edu.vn,0913892750,STUDENT
21138164,123456,Hà Minh Vinh,sv21138164@student.edu.vn,0991848862,STUDENT
21138165,123456,Nguyễn Duy Khánh,sv21138165@student.edu.vn,0941717792,STUDENT
21138166,123456,Hoàng Minh Trí,sv21138166@student.edu.vn,0921234710,STUDENT
21138167,123456,Trần Thanh Rạng,sv21138167@student.edu.vn,0924259945,STUDENT
21138168,123456,Hà Kim Em,sv21138168@student.edu.vn,0963307475,STUDENT
21138169,123456,Dương Trung Rạng,sv21138169@student.edu.vn,0966497236,STUDENT
21138170,123456,Vũ Hồng Uyên,sv21138170@student.edu.vn,0913278184,STUDENT
21138171,123456,Cao Nhật Lộc,sv21138171@student.edu.vn,0916976318,STUDENT
21138172,123456,Đỗ Thiện Giang,sv21138172@student.edu.vn,0993019177,STUDENT
21138173,123456,Trịnh Quốc Tâm,sv21138173@student.edu.vn,0953485977,STUDENT
21138174,123456,Đỗ Quang Uyên,sv21138174@student.edu.vn,0998169322,STUDENT
21138175,123456,Đinh Thu Toàn,sv21138175@student.edu.vn,0973863962,STUDENT
21138176,123456,Phan Đức Duy,sv21138176@student.edu.vn,0920694060,STUDENT
21138177,123456,Võ Xuân Hà,sv21138177@student.edu.vn,0931119348,STUDENT
21138178,123456,Đặng Xuân Trang,sv21138178@student.edu.vn,0923462240,STUDENT
21138179,123456,Đỗ Thanh Hà,sv21138179@student.edu.vn,0933121350,STUDENT
21138180,123456,Lý Hồng Uyên,sv21138180@student.edu.vn,0979403485,STUDENT
21138181,123456,Trịnh Trung Hiếu,sv21138181@student.edu.vn,0938393309,STUDENT
21138182,123456,Dương Thu Phát,sv21138182@student.edu.vn,0972107293,STUDENT
21138183,123456,Đinh Đức Thành,sv21138183@student.edu.vn,0949178868,STUDENT
21138184,123456,Đỗ Trung Nhật,sv21138184@student.edu.vn,0980511777,STUDENT
21138185,123456,Vũ Thị Đạt,sv21138185@student.edu.vn,0982986545,STUDENT
21138186,123456,Cao Thị Minh,sv21138186@student.edu.vn,0947139326,STUDENT
21138187,123456,Huỳnh Duy Vân,sv21138187@student.edu.vn,0970818986,STUDENT
21138188,123456,Đinh Tuấn Tài,sv21138188@student.edu.vn,0993980394,STUDENT
21138189,123456,Lê Phương An,sv21138189@student.edu.vn,0998839125,STUDENT
21138190,123456,Phan Kim Minh,sv21138190@student.edu.vn,0942468720,STUDENT
21138191,123456,Bùi Thiện Xuân,sv21138191@student.edu.vn,0920184566,STUDENT
21138192,123456,Đỗ Duy Hùng,sv21138192@student.edu.vn,0982202903,STUDENT
21138193,123456,Huỳnh Tuấn Sơn,sv21138193@student.edu.vn,0961974611,STUDENT
21138194,123456,Lý Anh Minh,sv21138194@student.edu.vn,0922213099,STUDENT
21138195,123456,Đoàn Bảo Trang,sv21138195@student.edu.vn,0941868701,STUDENT
21138196,123456,Lâm Bảo Trí,sv21138196@student.edu.vn,0940339954,STUDENT
21138197,123456,Vũ Hữu Kiệt,sv21138197@student.edu.vn,0980850758,STUDENT
21138198,123456,Cao Thị Tùng,sv21138198@student.edu.vn,0978754790,STUDENT
21138199,123456,Lâm Văn Hương,sv21138199@student.edu.vn,0969618116,STUDENT
21138200,123456,Trịnh Kim Khánh,sv21138200@student.edu.vn,0918995288,STUDENT
21138201,123456,Đinh Thanh Trung,sv21138201@student.edu.vn,0994733501,STUDENT
21138202,123456,Lê Hoàng Minh,sv21138202@student.edu.vn,0923989193,STUDENT
21138203,123456,Trần Thu Linh,sv21138203@student.edu.vn,0975470626,STUDENT
21138204,123456,Lâm Ngọc Khoa,sv21138204@student.edu.vn,0985841767,STUDENT
21138205,123456,Lý Hải Sơn,sv21138205@student.edu.vn,0930536132,STUDENT
21138206,123456,Cao Phương Trinh,sv21138206@student.edu.vn,0950425657,STUDENT
21138207,123456,Đặng Minh Lan,sv21138207@student.edu.vn,0946973825,STUDENT
21138208,123456,Tạ Bảo Hiếu,sv21138208@student.edu.vn,0978874938,STUDENT
21138209,123456,Đặng Quang Vinh,sv21138209@student.edu.vn,0969822769,STUDENT
21138210,123456,Cao Anh Trinh,sv21138210@student.edu.vn,0933751415,STUDENT
21138211,123456,Lê Hải Em,sv21138211@student.edu.vn,0921301890,STUDENT
21138212,123456,Bùi Thu Lan,sv21138212@student.edu.vn,0933683879,STUDENT
21138213,123456,Trần Hoàng Duy,sv21138213@student.edu.vn,0974544795,STUDENT
21138214,123456,Mai Phương Toàn,sv21138214@student.edu.vn,0945612699,STUDENT
21138215,123456,Hoàng Ngọc Linh,sv21138215@student.edu.vn,0981176698,STUDENT
21138216,123456,Đỗ Văn Đạt,sv21138216@student.edu.vn,0941833052,STUDENT
21138217,123456,Lý Gia Bảo,sv21138217@student.edu.vn,0956757800,STUDENT
21138218,123456,Phan Duy Xuân,sv21138218@student.edu.vn,0961499005,STUDENT
21138219,123456,Cao Thiện Tùng,sv21138219@student.edu.vn,0961424945,STUDENT
21138220,123456,Cao Tuấn Bình,sv21138220@student.edu.vn,0980388741,STUDENT
21138221,123456,Nguyễn Tuấn Lan,sv21138221@student.edu.vn,0954731700,STUDENT
21138222,123456,Mai Văn Rạng,sv21138222@student.edu.vn,0926673732,STUDENT
21138223,123456,Tạ Duy Tùng,sv21138223@student.edu.vn,0979049986,STUDENT
21138224,123456,Trịnh Hồng Kiệt,sv21138224@student.edu.vn,0958525292,STUDENT
21138225,123456,Phan Văn Phát,sv21138225@student.edu.vn,0960338920,STUDENT
21138226,123456,Ngô Anh Kiệt,sv21138226@student.edu.vn,0999994570,STUDENT
21138227,123456,Lý Đức Trang,sv21138227@student.edu.vn,0979939110,STUDENT
21138228,123456,Trịnh Gia Oanh,sv21138228@student.edu.vn,0989934315,STUDENT
21138229,123456,Dương Gia Thảo,sv21138229@student.edu.vn,0995733417,STUDENT
21138230,123456,Võ Kim Vinh,sv21138230@student.edu.vn,0922224504,STUDENT
21138231,123456,Đinh Phương Giang,sv21138231@student.edu.vn,0965855280,STUDENT
21138232,123456,Trịnh Duy Hương,sv21138232@student.edu.vn,0988689167,STUDENT
21138233,123456,Cao Duy Lộc,sv21138233@student.edu.vn,0978870986,STUDENT
21138234,123456,Tạ Hoàng Hiếu,sv21138234@student.edu.vn,0953391294,STUDENT
21138235,123456,Võ Kim Trinh,sv21138235@student.edu.vn,0944696642,STUDENT
21138236,123456,Vũ Nhật Thắng,sv21138236@student.edu.vn,0952118386,STUDENT
21138237,123456,Lý Thiện Trí,sv21138237@student.edu.vn,0985575172,STUDENT
21138238,123456,Hà Gia Em,sv21138238@student.edu.vn,0980288470,STUDENT
21138239,123456,Lý Gia Nhật,sv21138239@student.edu.vn,0965205628,STUDENT
21138240,123456,Trịnh Văn Tùng,sv21138240@student.edu.vn,0925450385,STUDENT
21138241,123456,Đỗ Đức Yến,sv21138241@student.edu.vn,0938004440,STUDENT
21138242,123456,Nguyễn Bảo Uyên,sv21138242@student.edu.vn,0997905749,STUDENT
21138243,123456,Tạ Hồng Bảo,sv21138243@student.edu.vn,0916511850,STUDENT
21138244,123456,Hà Hoàng Trung,sv21138244@student.edu.vn,0914810697,STUDENT
21138245,123456,Trần Tuấn Linh,sv21138245@student.edu.vn,0957007836,STUDENT
21138246,123456,Vũ Tuấn Trung,sv21138246@student.edu.vn,0916744459,STUDENT
21138247,123456,Trần Phương An,sv21138247@student.edu.vn,0932609504,STUDENT
21138248,123456,Bùi Xuân Phúc,sv21138248@student.edu.vn,0983202119,STUDENT
21138249,123456,Hoàng Hồng Xuân,sv21138249@student.edu.vn,0978494849,STUDENT
21138250,123456,Phạm Thanh Nhật,sv21138250@student.edu.vn,0918336566,STUDENT
21138251,123456,Đoàn Gia Linh,sv21138251@student.edu.vn,0915788280,STUDENT
21138252,123456,Ngô Hồng Nhật,sv21138252@student.edu.vn,0970685116,STUDENT
21138253,123456,Lâm Thanh Huy,sv21138253@student.edu.vn,0951995341,STUDENT
21138254,123456,Phan Ngọc Giang,sv21138254@student.edu.vn,0920652311,STUDENT
21138255,123456,Trần Phương Khánh,sv21138255@student.edu.vn,0930060920,STUDENT
21138256,123456,Nguyễn Đức Phong,sv21138256@student.edu.vn,0934044038,STUDENT
21138257,123456,Lê Thị Uyên,sv21138257@student.edu.vn,0926990985,STUDENT
21138258,123456,Bùi Hồng Lan,sv21138258@student.edu.vn,0960707851,STUDENT
21138259,123456,Bùi Tuấn Nga,sv21138259@student.edu.vn,0948445521,STUDENT
21138260,123456,Vũ Quốc Quân,sv21138260@student.edu.vn,0991695148,STUDENT
21138261,123456,Hồ Kim Minh,sv21138261@student.edu.vn,0945929092,STUDENT
21138262,123456,Cao Văn Vinh,sv21138262@student.edu.vn,0923115821,STUDENT
21138263,123456,Huỳnh Thị Xuân,sv21138263@student.edu.vn,0936410295,STUDENT
21138264,123456,Cao Nhật Rạng,sv21138264@student.edu.vn,0954581366,STUDENT
21138265,123456,Phan Hoàng Duy,sv21138265@student.edu.vn,0910984212,STUDENT
21138266,123456,Phan Bảo Thảo,sv21138266@student.edu.vn,0927429633,STUDENT
21138267,123456,Mai Hồng Đạt,sv21138267@student.edu.vn,0985335826,STUDENT
21138268,123456,Lê Bảo Trinh,sv21138268@student.edu.vn,0991819125,STUDENT
21138269,123456,Trần Thị Cường,sv21138269@student.edu.vn,0959098964,STUDENT
21138270,123456,Hoàng Trung Long,sv21138270@student.edu.vn,0918739706,STUDENT
21138271,123456,Đặng Gia Inh,sv21138271@student.edu.vn,0926777565,STUDENT
21138272,123456,Đỗ Văn Trung,sv21138272@student.edu.vn,0971764729,STUDENT
21138273,123456,Tạ Duy Giang,sv21138273@student.edu.vn,0927597982,STUDENT
21138274,123456,Lâm Hữu Trang,sv21138274@student.edu.vn,0953047981,STUDENT
21138275,123456,Dương Quang Nhật,sv21138275@student.edu.vn,0989004709,STUDENT
21138276,123456,Đinh Ngọc Rạng,sv21138276@student.edu.vn,0951444249,STUDENT
21138277,123456,Vũ Bảo Bình,sv21138277@student.edu.vn,0979999359,STUDENT
21138278,123456,Vũ Quốc Phát,sv21138278@student.edu.vn,0925704727,STUDENT
21138279,123456,Vũ Kim Đạt,sv21138279@student.edu.vn,0990386830,STUDENT
21138280,123456,Dương Ngọc Oanh,sv21138280@student.edu.vn,0927589520,STUDENT
21138281,123456,Hà Phương Tài,sv21138281@student.edu.vn,0944359752,STUDENT
21138282,123456,Lâm Gia Tâm,sv21138282@student.edu.vn,0998312355,STUDENT
21138283,123456,Nguyễn Ngọc An,sv21138283@student.edu.vn,0943954387,STUDENT
21138284,123456,Dương Quang Lan,sv21138284@student.edu.vn,0963846623,STUDENT
21138285,123456,Lê Quang Khoa,sv21138285@student.edu.vn,0956148309,STUDENT
21138286,123456,Võ Hồng Hiếu,sv21138286@student.edu.vn,0910532636,STUDENT
21138287,123456,Hồ Hoàng Vinh,sv21138287@student.edu.vn,0942988511,STUDENT
21138288,123456,Đỗ Thị Vân,sv21138288@student.edu.vn,0929518299,STUDENT
21138289,123456,Đinh Thanh Lan,sv21138289@student.edu.vn,0948724385,STUDENT
21138290,123456,Lê Phương Thắng,sv21138290@student.edu.vn,0916303140,STUDENT
21138291,123456,Nguyễn Thiện An,sv21138291@student.edu.vn,0972883984,STUDENT
21138292,123456,Hà Hữu Yến,sv21138292@student.edu.vn,0916173719,STUDENT
21138293,123456,Phạm Tuấn Khánh,sv21138293@student.edu.vn,0923628720,STUDENT
21138294,123456,Hồ Hải Hà,sv21138294@student.edu.vn,0920115715,STUDENT
21138295,123456,Huỳnh Minh Tùng,sv21138295@student.edu.vn,0941117436,STUDENT
21138296,123456,Hà Anh Minh,sv21138296@student.edu.vn,0979736620,STUDENT
21138297,123456,Hà Anh Cường,sv21138297@student.edu.vn,0938348060,STUDENT
21138298,123456,Vũ Trung Trí,sv21138298@student.edu.vn,0956410974,STUDENT
21138299,123456,Mai Hồng Yến,sv21138299@student.edu.vn,0990255676,STUDENT
21138300,123456,Nguyễn Hữu Rạng,sv21138300@student.edu.vn,0926660413,STUDENT
21138301,123456,Nguyễn Quốc Vân,sv21138301@student.edu.vn,0959720586,STUDENT
21138302,123456,Đoàn Hải Quân,sv21138302@student.edu.vn,0965881231,STUDENT
21138303,123456,Hoàng Xuân Thắng,sv21138303@student.edu.vn,0917450118,STUDENT
21138304,123456,Phan Minh Thảo,sv21138304@student.edu.vn,0947357481,STUDENT
21138305,123456,Phan Gia Khánh,sv21138305@student.edu.vn,0929311837,STUDENT
21138306,123456,Hồ Hữu Tùng,sv21138306@student.edu.vn,0980098727,STUDENT
21138307,123456,Dương Xuân Minh,sv21138307@student.edu.vn,0935172723,STUDENT
21138308,123456,Hồ Thu Toàn,sv21138308@student.edu.vn,0990576951,STUDENT
21138309,123456,Đỗ Thu Xuân,sv21138309@student.edu.vn,0949351581,STUDENT
21138310,123456,Hà Phương Nga,sv21138310@student.edu.vn,0954010643,STUDENT
21138311,123456,Phan Thanh Em,sv21138311@student.edu.vn,0945186555,STUDENT
21138312,123456,Dương Phương Huy,sv21138312@student.edu.vn,0932494056,STUDENT
21138313,123456,Đặng Kim An,sv21138313@student.edu.vn,0960315310,STUDENT
21138314,123456,Tạ Anh Linh,sv21138314@student.edu.vn,0988402488,STUDENT
21138315,123456,Mai Thanh Lộc,sv21138315@student.edu.vn,0941402492,STUDENT
21138316,123456,Huỳnh Thu Minh,sv21138316@student.edu.vn,0916802641,STUDENT
21138317,123456,Vũ Văn Thảo,sv21138317@student.edu.vn,0930506739,STUDENT
21138318,123456,Phan Bảo Toàn,sv21138318@student.edu.vn,0944968565,STUDENT
21138319,123456,Huỳnh Kim Nhật,sv21138319@student.edu.vn,0987558418,STUDENT
21138320,123456,Phạm Hải An,sv21138320@student.edu.vn,0928175654,STUDENT
21138321,123456,Vũ Hải Phát,sv21138321@student.edu.vn,0930631282,STUDENT
21138322,123456,Ngô Hữu Hà,sv21138322@student.edu.vn,0974478232,STUDENT
21138323,123456,Hoàng Tuấn Minh,sv21138323@student.edu.vn,0946774378,STUDENT
21138324,123456,Mai Phương Lộc,sv21138324@student.edu.vn,0952414265,STUDENT
21138325,123456,Phạm Thiện Inh,sv21138325@student.edu.vn,0997986982,STUDENT
21138326,123456,Phan Anh Thành,sv21138326@student.edu.vn,0935195675,STUDENT
21138327,123456,Hoàng Kim Phúc,sv21138327@student.edu.vn,0937844930,STUDENT
21138328,123456,Đỗ Anh Trí,sv21138328@student.edu.vn,0917848741,STUDENT
21138329,123456,Tạ Anh Trung,sv21138329@student.edu.vn,0949601099,STUDENT
21138330,123456,Phan Gia Quân,sv21138330@student.edu.vn,0975068852,STUDENT
21138331,123456,Đỗ Thanh Duy,sv21138331@student.edu.vn,0933519491,STUDENT
21138332,123456,Võ Trung Trang,sv21138332@student.edu.vn,0953355664,STUDENT
21138333,123456,Hoàng Gia Huy,sv21138333@student.edu.vn,0977416135,STUDENT
21138334,123456,Lê Hồng Khoa,sv21138334@student.edu.vn,0925648271,STUDENT
21138335,123456,Hoàng Hoàng Đạt,sv21138335@student.edu.vn,0961800321,STUDENT
21138336,123456,Nguyễn Thiện Phong,sv21138336@student.edu.vn,0968814430,STUDENT
21138337,123456,Hồ Bảo Kiệt,sv21138337@student.edu.vn,0920834616,STUDENT
21138338,123456,Mai Anh Khánh,sv21138338@student.edu.vn,0946580429,STUDENT
21138339,123456,Nguyễn Bảo Đạt,sv21138339@student.edu.vn,0960919881,STUDENT
21138340,123456,Đỗ Kim Phúc,sv21138340@student.edu.vn,0969530623,STUDENT
21138341,123456,Cao Đức Phúc,sv21138341@student.edu.vn,0952627803,STUDENT
21138342,123456,Hà Quốc Long,sv21138342@student.edu.vn,0925943355,STUDENT
21138343,123456,Lê Xuân Trí,sv21138343@student.edu.vn,0941644410,STUDENT
21138344,123456,Phạm Thanh Trung,sv21138344@student.edu.vn,0963959247,STUDENT
21138345,123456,Phan Anh Long,sv21138345@student.edu.vn,0954408572,STUDENT
21138346,123456,Ngô Trung Hiếu,sv21138346@student.edu.vn,0930065268,STUDENT
21138347,123456,Lê Hồng Bình,sv21138347@student.edu.vn,0988028313,STUDENT
21138348,123456,Võ Văn Rạng,sv21138348@student.edu.vn,0918808629,STUDENT
21138349,123456,Lâm Phương Khoa,sv21138349@student.edu.vn,0952693837,STUDENT
21138350,123456,Đỗ Hồng Trung,sv21138350@student.edu.vn,0985801878,STUDENT
21138351,123456,Đoàn Kim Vinh,sv21138351@student.edu.vn,0973512430,STUDENT
21138352,123456,Nguyễn Hữu Em,sv21138352@student.edu.vn,0933173697,STUDENT
21138353,123456,Nguyễn Duy Trí,sv21138353@student.edu.vn,0923237050,STUDENT
21138354,123456,Lâm Phương An,sv21138354@student.edu.vn,0934043436,STUDENT
21138355,123456,Đoàn Ngọc Trinh,sv21138355@student.edu.vn,0972161191,STUDENT
21138356,123456,Lê Phương Trung,sv21138356@student.edu.vn,0923805474,STUDENT
21138357,123456,Phan Hữu Trung,sv21138357@student.edu.vn,0991794085,STUDENT
21138358,123456,Đinh Tuấn Giang,sv21138358@student.edu.vn,0987014978,STUDENT
21138359,123456,Hà Quốc Thắng,sv21138359@student.edu.vn,0997264249,STUDENT
21138360,123456,Phan Xuân Kiệt,sv21138360@student.edu.vn,0974282546,STUDENT
21138361,123456,Đinh Trung Long,sv21138361@student.edu.vn,0942306524,STUDENT
21138362,123456,Cao Kim Trung,sv21138362@student.edu.vn,0923845731,STUDENT
21138363,123456,Huỳnh Hữu Oanh,sv21138363@student.edu.vn,0994472263,STUDENT
21138364,123456,Lâm Trung Minh,sv21138364@student.edu.vn,0979083803,STUDENT
21138365,123456,Cao Thanh Bình,sv21138365@student.edu.vn,0916162266,STUDENT
21138366,123456,Đinh Anh Giang,sv21138366@student.edu.vn,0963686729,STUDENT
21138367,123456,Hà Hoàng Huy,sv21138367@student.edu.vn,0925116729,STUDENT
21138368,123456,Lý Hoàng Phong,sv21138368@student.edu.vn,0949462636,STUDENT
21138369,123456,Tạ Quang Hương,sv21138369@student.edu.vn,0943440303,STUDENT
21138370,123456,Hồ Tuấn Xuân,sv21138370@student.edu.vn,0942500981,STUDENT
21138371,123456,Đoàn Quốc Vân,sv21138371@student.edu.vn,0950395851,STUDENT
21138372,123456,Đoàn Thiện Trung,sv21138372@student.edu.vn,0934976792,STUDENT
21138373,123456,Bùi Tuấn Trí,sv21138373@student.edu.vn,0976240637,STUDENT
21138374,123456,Cao Tuấn Xuân,sv21138374@student.edu.vn,0999392041,STUDENT
21138375,123456,Phạm Thanh Thảo,sv21138375@student.edu.vn,0918262916,STUDENT
21138376,123456,Ngô Bảo Thắng,sv21138376@student.edu.vn,0914398587,STUDENT
21138377,123456,Đặng Thiện Nga,sv21138377@student.edu.vn,0920203630,STUDENT
21138378,123456,Dương Anh Tâm,sv21138378@student.edu.vn,0923366653,STUDENT
21138379,123456,Tạ Thiện Đạt,sv21138379@student.edu.vn,0933031072,STUDENT
21138380,123456,Bùi Thiện Vân,sv21138380@student.edu.vn,0959630425,STUDENT
21138381,123456,Võ Xuân Quân,sv21138381@student.edu.vn,0965795342,STUDENT
21138382,123456,Hà Tuấn Sơn,sv21138382@student.edu.vn,0947722070,STUDENT
21138383,123456,Phan Hữu Inh,sv21138383@student.edu.vn,0920980810,STUDENT
21138384,123456,Hà Thiện Tùng,sv21138384@student.edu.vn,0930243868,STUDENT
21138385,123456,Đặng Kim Nga,sv21138385@student.edu.vn,0981040640,STUDENT
21138386,123456,Hoàng Thu Hiếu,sv21138386@student.edu.vn,0938034254,STUDENT
21138387,123456,Võ Hải Thảo,sv21138387@student.edu.vn,0946916663,STUDENT
21138388,123456,Võ Bảo Hiếu,sv21138388@student.edu.vn,0999504015,STUDENT
21138389,123456,Võ Quốc Bảo,sv21138389@student.edu.vn,0924192056,STUDENT
21138390,123456,Trịnh Đức Toàn,sv21138390@student.edu.vn,0962659923,STUDENT
21138391,123456,Tạ Hữu Tâm,sv21138391@student.edu.vn,0972784212,STUDENT
21138392,123456,Vũ Thiện Trinh,sv21138392@student.edu.vn,0914439035,STUDENT
21138393,123456,Dương Quốc Tâm,sv21138393@student.edu.vn,0970250131,STUDENT
21138394,123456,Hoàng Gia Vân,sv21138394@student.edu.vn,0982034042,STUDENT
21138395,123456,Tạ Đức Trung,sv21138395@student.edu.vn,0946830538,STUDENT
21138396,123456,Hồ Đức Trinh,sv21138396@student.edu.vn,0919264324,STUDENT
21138397,123456,Huỳnh Gia Tâm,sv21138397@student.edu.vn,0926614697,STUDENT
21138398,123456,Huỳnh Minh Thành,sv21138398@student.edu.vn,0954880875,STUDENT
21138399,123456,Đặng Hải Vân,sv21138399@student.edu.vn,0914037151,STUDENT
21138400,123456,Nguyễn Gia Xuân,sv21138400@student.edu.vn,0963340422,STUDENT
21138401,123456,Phan Thiện Uyên,sv21138401@student.edu.vn,0971646756,STUDENT
21138402,123456,Võ Minh Yến,sv21138402@student.edu.vn,0983241325,STUDENT
21138403,123456,Huỳnh Nhật Hiếu,sv21138403@student.edu.vn,0959902426,STUDENT
21138404,123456,Huỳnh Thu Lộc,sv21138404@student.edu.vn,0996335804,STUDENT
21138405,123456,Hồ Bảo Thảo,sv21138405@student.edu.vn,0954194997,STUDENT
21138406,123456,Lâm Quốc Giang,sv21138406@student.edu.vn,0991721295,STUDENT
21138407,123456,Bùi Hoàng Thành,sv21138407@student.edu.vn,0996848569,STUDENT
21138408,123456,Ngô Quốc Toàn,sv21138408@student.edu.vn,0996833210,STUDENT
21138409,123456,Đinh Hoàng Cường,sv21138409@student.edu.vn,0957531352,STUDENT
21138410,123456,Hồ Hoàng Phúc,sv21138410@student.edu.vn,0930204010,STUDENT
21138411,123456,Lâm Phương Linh,sv21138411@student.edu.vn,0999257262,STUDENT
21138412,123456,Lê Hữu Thảo,sv21138412@student.edu.vn,0971670627,STUDENT
21138413,123456,Phan Quang Trung,sv21138413@student.edu.vn,0911366043,STUDENT
21138414,123456,Lý Quốc Bình,sv21138414@student.edu.vn,0912224626,STUDENT
21138415,123456,Trịnh Phương Rạng,sv21138415@student.edu.vn,0960764900,STUDENT
21138416,123456,Lê Duy Tâm,sv21138416@student.edu.vn,0943895730,STUDENT
21138417,123456,Cao Nhật Thắng,sv21138417@student.edu.vn,0920484287,STUDENT
21138418,123456,Huỳnh Văn Oanh,sv21138418@student.edu.vn,0983404909,STUDENT
21138419,123456,Mai Bảo Thành,sv21138419@student.edu.vn,0977714346,STUDENT
21138420,123456,Đoàn Thị Thành,sv21138420@student.edu.vn,0965321694,STUDENT
21138421,123456,Lâm Quốc Hùng,sv21138421@student.edu.vn,0937301661,STUDENT
21138422,123456,Trần Trung Trung,sv21138422@student.edu.vn,0954421117,STUDENT
21138423,123456,Lê Hồng Yến,sv21138423@student.edu.vn,0974592206,STUDENT
21138424,123456,Trần Hữu Oanh,sv21138424@student.edu.vn,0989443571,STUDENT
21138425,123456,Cao Quang Nhật,sv21138425@student.edu.vn,0951643505,STUDENT
21138426,123456,Hoàng Kim Tùng,sv21138426@student.edu.vn,0939905057,STUDENT
21138427,123456,Đinh Văn Quân,sv21138427@student.edu.vn,0980543511,STUDENT
21138428,123456,Phan Xuân Trang,sv21138428@student.edu.vn,0997599539,STUDENT
21138429,123456,Đặng Đức Trinh,sv21138429@student.edu.vn,0993264863,STUDENT
21138430,123456,Phan Ngọc Long,sv21138430@student.edu.vn,0916372121,STUDENT
21138431,123456,Đinh Hồng Lan,sv21138431@student.edu.vn,0949080336,STUDENT
21138432,123456,Hồ Gia Hùng,sv21138432@student.edu.vn,0910833519,STUDENT
21138433,123456,Đinh Văn Tài,sv21138433@student.edu.vn,0976925141,STUDENT
21138434,123456,Cao Thu Thắng,sv21138434@student.edu.vn,0953387620,STUDENT
21138435,123456,Hồ Gia Lộc,sv21138435@student.edu.vn,0929575664,STUDENT
21138436,123456,Hà Văn Trinh,sv21138436@student.edu.vn,0993019685,STUDENT
21138437,123456,Phan Thu Yến,sv21138437@student.edu.vn,0982903111,STUDENT
21138438,123456,Lê Thiện Phong,sv21138438@student.edu.vn,0914027641,STUDENT
21138439,123456,Tạ Thu Giang,sv21138439@student.edu.vn,0980389873,STUDENT
21138440,123456,Bùi Anh Toàn,sv21138440@student.edu.vn,0944378163,STUDENT
21138441,123456,Võ Hoàng Duy,sv21138441@student.edu.vn,0943737153,STUDENT
21138442,123456,Trịnh Xuân Tài,sv21138442@student.edu.vn,0986166471,STUDENT
21138443,123456,Võ Hồng Bảo,sv21138443@student.edu.vn,0927437358,STUDENT
21138444,123456,Nguyễn Ngọc Nga,sv21138444@student.edu.vn,0921191751,STUDENT
21138445,123456,Nguyễn Đức Thành,sv21138445@student.edu.vn,0983506252,STUDENT
21138446,123456,Võ Văn Tài,sv21138446@student.edu.vn,0924215686,STUDENT
21138447,123456,Ngô Hải Em,sv21138447@student.edu.vn,0955121652,STUDENT
21138448,123456,Võ Hải Oanh,sv21138448@student.edu.vn,0971748294,STUDENT
21138449,123456,Nguyễn Anh Trí,sv21138449@student.edu.vn,0933884188,STUDENT
21138450,123456,Mai Hữu Đạt,sv21138450@student.edu.vn,0976288806,STUDENT
21138451,123456,Lý Hồng Sơn,sv21138451@student.edu.vn,0941065320,STUDENT
21138452,123456,Trịnh Phương Vinh,sv21138452@student.edu.vn,0992653854,STUDENT
21138453,123456,Lâm Hoàng Lan,sv21138453@student.edu.vn,0939528630,STUDENT
21138454,123456,Ngô Thị Hà,sv21138454@student.edu.vn,0967124389,STUDENT
21138455,123456,Hà Thanh Thảo,sv21138455@student.edu.vn,0998940369,STUDENT
21138456,123456,Phan Quốc Bình,sv21138456@student.edu.vn,0947680219,STUDENT
21138457,123456,Trịnh Thu Trang,sv21138457@student.edu.vn,0929597092,STUDENT
21138458,123456,Hoàng Quốc An,sv21138458@student.edu.vn,0952946663,STUDENT
21138459,123456,Vũ Minh Thắng,sv21138459@student.edu.vn,0938248839,STUDENT
21138460,123456,Huỳnh Thiện Thắng,sv21138460@student.edu.vn,0936064456,STUDENT
21138461,123456,Hồ Quốc Em,sv21138461@student.edu.vn,0959703626,STUDENT
21138462,123456,Nguyễn Minh Huy,sv21138462@student.edu.vn,0966649172,STUDENT
21138463,123456,Vũ Bảo Tùng,sv21138463@student.edu.vn,0918440163,STUDENT
21138464,123456,Dương Bảo An,sv21138464@student.edu.vn,0952563294,STUDENT
21138465,123456,Lý Quang Minh,sv21138465@student.edu.vn,0965396893,STUDENT
21138466,123456,Huỳnh Xuân Huy,sv21138466@student.edu.vn,0913349058,STUDENT
21138467,123456,Mai Thu Phong,sv21138467@student.edu.vn,0929083973,STUDENT
21138468,123456,Đoàn Hồng Hiếu,sv21138468@student.edu.vn,0971389109,STUDENT
21138469,123456,Hồ Tuấn Nhật,sv21138469@student.edu.vn,0996391283,STUDENT
21138470,123456,Hoàng Minh Nam,sv21138470@student.edu.vn,0924046942,STUDENT
21138471,123456,Đinh Xuân An,sv21138471@student.edu.vn,0939436142,STUDENT
21138472,123456,Phạm Gia Thảo,sv21138472@student.edu.vn,0931007705,STUDENT
21138473,123456,Vũ Nhật Tâm,sv21138473@student.edu.vn,0958432157,STUDENT
21138474,123456,Trần Thiện Oanh,sv21138474@student.edu.vn,0957209537,STUDENT
21138475,123456,Tạ Hoàng Huy,sv21138475@student.edu.vn,0966295676,STUDENT
21138476,123456,Lê Ngọc Trinh,sv21138476@student.edu.vn,0940936364,STUDENT
21138477,123456,Cao Hải Cường,sv21138477@student.edu.vn,0961264894,STUDENT
21138478,123456,Ngô Anh Uyên,sv21138478@student.edu.vn,0987380139,STUDENT
21138479,123456,Trần Quang Phong,sv21138479@student.edu.vn,0916915764,STUDENT
21138480,123456,Đỗ Duy Hương,sv21138480@student.edu.vn,0956861182,STUDENT
21138481,123456,Lê Thị Khoa,sv21138481@student.edu.vn,0950542914,STUDENT
21138482,123456,Lâm Gia Minh,sv21138482@student.edu.vn,0998424267,STUDENT
21138483,123456,Đinh Phương An,sv21138483@student.edu.vn,0956341853,STUDENT
21138484,123456,Trần Ngọc Hà,sv21138484@student.edu.vn,0979217674,STUDENT
21138485,123456,Đỗ Hồng Phát,sv21138485@student.edu.vn,0916693002,STUDENT
21138486,123456,Mai Gia Phát,sv21138486@student.edu.vn,0966176678,STUDENT
21138487,123456,Phạm Kim Thảo,sv21138487@student.edu.vn,0980397860,STUDENT
21138488,123456,Dương Ngọc Phúc,sv21138488@student.edu.vn,0981706510,STUDENT
21138489,123456,Trịnh Nhật Khoa,sv21138489@student.edu.vn,0934299517,STUDENT
21138490,123456,Lâm Văn Long,sv21138490@student.edu.vn,0941061885,STUDENT
21138491,123456,Đặng Ngọc Yến,sv21138491@student.edu.vn,0935879456,STUDENT
21138492,123456,Vũ Duy Quân,sv21138492@student.edu.vn,0985049101,STUDENT
21138493,123456,Tạ Thanh Khoa,sv21138493@student.edu.vn,0953400413,STUDENT
21138494,123456,Trần Văn Bảo,sv21138494@student.edu.vn,0946218901,STUDENT
21138495,123456,Hà Duy Khoa,sv21138495@student.edu.vn,0928267804,STUDENT
21138496,123456,Dương Xuân Yến,sv21138496@student.edu.vn,0919317169,STUDENT
21138497,123456,Bùi Kim Duy,sv21138497@student.edu.vn,0954482885,STUDENT
21138498,123456,Cao Hồng Thành,sv21138498@student.edu.vn,0986567288,STUDENT
21138499,123456,Hồ Ngọc Tâm,sv21138499@student.edu.vn,0918232583,STUDENT
21138500,123456,Hoàng Phương Duy,sv21138500@student.edu.vn,0940026299,STUDENT
21138501,123456,Tạ Quang Hiếu,sv21138501@student.edu.vn,0969382219,STUDENT
21138502,123456,Lý Trung Phúc,sv21138502@student.edu.vn,0996301133,STUDENT
21138503,123456,Hồ Văn Lan,sv21138503@student.edu.vn,0997926647,STUDENT
21138504,123456,Võ Quang Toàn,sv21138504@student.edu.vn,0954059711,STUDENT
21138505,123456,Lê Thị Vân,sv21138505@student.edu.vn,0958613557,STUDENT
21138506,123456,Võ Ngọc Long,sv21138506@student.edu.vn,0935704777,STUDENT
21138507,123456,Ngô Thanh Khánh,sv21138507@student.edu.vn,0964638925,STUDENT
21138508,123456,Lê Xuân Trinh,sv21138508@student.edu.vn,0983480084,STUDENT
21138509,123456,Huỳnh Thanh Tùng,sv21138509@student.edu.vn,0999085188,STUDENT
21138510,123456,Ngô Trung Cường,sv21138510@student.edu.vn,0926155546,STUDENT
21138511,123456,Đặng Thị Vinh,sv21138511@student.edu.vn,0936566216,STUDENT
21138512,123456,Cao Minh Tài,sv21138512@student.edu.vn,0958759614,STUDENT
21138513,123456,Huỳnh Hồng Thành,sv21138513@student.edu.vn,0963116176,STUDENT
21138514,123456,Trần Ngọc Khánh,sv21138514@student.edu.vn,0927580596,STUDENT
21138515,123456,Hà Hải Khánh,sv21138515@student.edu.vn,0939386284,STUDENT
21138516,123456,Huỳnh Nhật Uyên,sv21138516@student.edu.vn,0974322032,STUDENT
21138517,123456,Trịnh Phương Hương,sv21138517@student.edu.vn,0996454437,STUDENT
21138518,123456,Trần Thị Inh,sv21138518@student.edu.vn,0927535618,STUDENT
21138519,123456,Ngô Tuấn Hiếu,sv21138519@student.edu.vn,0922302986,STUDENT
21138520,123456,Đoàn Hoàng Oanh,sv21138520@student.edu.vn,0961277115,STUDENT
21138521,123456,Dương Xuân Khánh,sv21138521@student.edu.vn,0989630183,STUDENT
21138522,123456,Võ Đức Tài,sv21138522@student.edu.vn,0918480062,STUDENT
21138523,123456,Đoàn Hoàng Tài,sv21138523@student.edu.vn,0975379302,STUDENT
21138524,123456,Đặng Tuấn Phong,sv21138524@student.edu.vn,0973865164,STUDENT
21138525,123456,Phan Xuân Inh,sv21138525@student.edu.vn,0969157647,STUDENT
21138526,123456,Hoàng Quốc Xuân,sv21138526@student.edu.vn,0950952438,STUDENT
21138527,123456,Đinh Quang Trung,sv21138527@student.edu.vn,0997711171,STUDENT
21138528,123456,Võ Gia Nga,sv21138528@student.edu.vn,0994292496,STUDENT
21138529,123456,Lý Trung Tùng,sv21138529@student.edu.vn,0990322372,STUDENT
21138530,123456,Phan Ngọc Hương,sv21138530@student.edu.vn,0990305769,STUDENT
21138531,123456,Đặng Quang Kiệt,sv21138531@student.edu.vn,0942712161,STUDENT
21138532,123456,Huỳnh Minh Bảo,sv21138532@student.edu.vn,0933204466,STUDENT
21138533,123456,Phạm Hải Inh,sv21138533@student.edu.vn,0955673887,STUDENT
21138534,123456,Mai Hữu Trang,sv21138534@student.edu.vn,0951438652,STUDENT
21138535,123456,Bùi Tuấn Sơn,sv21138535@student.edu.vn,0921109072,STUDENT
21138536,123456,Mai Thị Huy,sv21138536@student.edu.vn,0911423609,STUDENT
21138537,123456,Tạ Quang Giang,sv21138537@student.edu.vn,0931154853,STUDENT
21138538,123456,Bùi Kim Nam,sv21138538@student.edu.vn,0918827691,STUDENT
21138539,123456,Dương Thị Em,sv21138539@student.edu.vn,0948392537,STUDENT
21138540,123456,Đặng Bảo Lan,sv21138540@student.edu.vn,0936507027,STUDENT
21138541,123456,Vũ Duy Nhật,sv21138541@student.edu.vn,0969591620,STUDENT
21138542,123456,Huỳnh Quốc Nam,sv21138542@student.edu.vn,0964874636,STUDENT
21138543,123456,Ngô Thị Thảo,sv21138543@student.edu.vn,0920607696,STUDENT
21138544,123456,Lâm Thanh Phúc,sv21138544@student.edu.vn,0924262891,STUDENT
21138545,123456,Đặng Quang Rạng,sv21138545@student.edu.vn,0966076196,STUDENT
21138546,123456,Phạm Nhật An,sv21138546@student.edu.vn,0999765153,STUDENT
21138547,123456,Đặng Thu Thảo,sv21138547@student.edu.vn,0915916865,STUDENT
21138548,123456,Võ Gia Hương,sv21138548@student.edu.vn,0942121338,STUDENT
21138549,123456,Ngô Hoàng Toàn,sv21138549@student.edu.vn,0943146271,STUDENT
21138550,123456,Tạ Thu Long,sv21138550@student.edu.vn,0928358661,STUDENT
21138551,123456,Hoàng Hữu Lan,sv21138551@student.edu.vn,0980157599,STUDENT
21138552,123456,Mai Văn Uyên,sv21138552@student.edu.vn,0911793641,STUDENT
21138553,123456,Đỗ Minh Minh,sv21138553@student.edu.vn,0915662191,STUDENT
21138554,123456,Đoàn Ngọc Khánh,sv21138554@student.edu.vn,0923575015,STUDENT
21138555,123456,Võ Bảo Kiệt,sv21138555@student.edu.vn,0928383630,STUDENT
21138556,123456,Vũ Thiện Oanh,sv21138556@student.edu.vn,0916156325,STUDENT
21138557,123456,Cao Thiện Yến,sv21138557@student.edu.vn,0963999658,STUDENT
21138558,123456,Đặng Trung Rạng,sv21138558@student.edu.vn,0989083256,STUDENT
21138559,123456,Trần Tuấn Nhật,sv21138559@student.edu.vn,0968768468,STUDENT
21138560,123456,Phan Thanh Hà,sv21138560@student.edu.vn,0954972940,STUDENT
21138561,123456,Hoàng Thiện Huy,sv21138561@student.edu.vn,0996307608,STUDENT
21138562,123456,Tạ Thu Đạt,sv21138562@student.edu.vn,0927405046,STUDENT
21138563,123456,Hoàng Hoàng Nam,sv21138563@student.edu.vn,0996388259,STUDENT
21138564,123456,Đoàn Phương Uyên,sv21138564@student.edu.vn,0932546819,STUDENT
21138565,123456,Nguyễn Tuấn Toàn,sv21138565@student.edu.vn,0972023611,STUDENT
21138566,123456,Đặng Gia Rạng,sv21138566@student.edu.vn,0984767083,STUDENT
21138567,123456,Phạm Anh Trinh,sv21138567@student.edu.vn,0945951097,STUDENT
21138568,123456,Mai Gia Bảo,sv21138568@student.edu.vn,0959575881,STUDENT
21138569,123456,Dương Thanh Em,sv21138569@student.edu.vn,0973901627,STUDENT
21138570,123456,Vũ Kim Phát,sv21138570@student.edu.vn,0960285234,STUDENT
21138571,123456,Cao Hữu Thắng,sv21138571@student.edu.vn,0935750292,STUDENT
21138572,123456,Dương Bảo Hà,sv21138572@student.edu.vn,0982897827,STUDENT
21138573,123456,Nguyễn Thanh Lan,sv21138573@student.edu.vn,0947199618,STUDENT
21138574,123456,Trần Hải Nhật,sv21138574@student.edu.vn,0966606837,STUDENT
21138575,123456,Trịnh Ngọc Hương,sv21138575@student.edu.vn,0932581198,STUDENT
21138576,123456,Ngô Anh Trang,sv21138576@student.edu.vn,0922734981,STUDENT
21138577,123456,Lê Hữu Xuân,sv21138577@student.edu.vn,0980455417,STUDENT
21138578,123456,Trần Thị Hà,sv21138578@student.edu.vn,0959351675,STUDENT
21138579,123456,Đoàn Nhật Phát,sv21138579@student.edu.vn,0957643956,STUDENT
21138580,123456,Phạm Thu Bảo,sv21138580@student.edu.vn,0993196766,STUDENT
21138581,123456,Đinh Thiện Hương,sv21138581@student.edu.vn,0939911971,STUDENT
21138582,123456,Bùi Thanh Lộc,sv21138582@student.edu.vn,0972318303,STUDENT
21138583,123456,Mai Thu Phát,sv21138583@student.edu.vn,0958037752,STUDENT
21138584,123456,Võ Tuấn Giang,sv21138584@student.edu.vn,0989272772,STUDENT
21138585,123456,Trần Anh Nhật,sv21138585@student.edu.vn,0972720639,STUDENT
21138586,123456,Tạ Văn Linh,sv21138586@student.edu.vn,0991272580,STUDENT
21138587,123456,Phan Thiện Thảo,sv21138587@student.edu.vn,0999232669,STUDENT
21138588,123456,Trịnh Bảo Duy,sv21138588@student.edu.vn,0973352493,STUDENT
21138589,123456,Võ Tuấn Hùng,sv21138589@student.edu.vn,0920458636,STUDENT
21138590,123456,Đinh Gia Bình,sv21138590@student.edu.vn,0987710493,STUDENT
21138591,123456,Trịnh Đức Tài,sv21138591@student.edu.vn,0953654895,STUDENT
21138592,123456,Đặng Hồng Bảo,sv21138592@student.edu.vn,0930170805,STUDENT
21138593,123456,Vũ Kim Trí,sv21138593@student.edu.vn,0953424589,STUDENT
21138594,123456,Vũ Ngọc An,sv21138594@student.edu.vn,0955530603,STUDENT
21138595,123456,Vũ Thị Đạt,sv21138595@student.edu.vn,0981349375,STUDENT
21138596,123456,Huỳnh Kim Em,sv21138596@student.edu.vn,0991725098,STUDENT
21138597,123456,Hoàng Minh Bảo,sv21138597@student.edu.vn,0988003060,STUDENT
21138598,123456,Nguyễn Tuấn Tài,sv21138598@student.edu.vn,0970911573,STUDENT
21138599,123456,Vũ Hữu Thảo,sv21138599@student.edu.vn,0921199657,STUDENT
21138600,123456,Hồ Đức Thành,sv21138600@student.edu.vn,0923206314,STUDENT
21138601,123456,Lê Xuân Hương,sv21138601@student.edu.vn,0937643473,STUDENT
21138602,123456,Tạ Thu Thảo,sv21138602@student.edu.vn,0948210989,STUDENT
21138603,123456,Đinh Anh Bảo,sv21138603@student.edu.vn,0915880394,STUDENT
21138604,123456,Đinh Minh Thảo,sv21138604@student.edu.vn,0954324731,STUDENT
21138605,123456,Lâm Minh Trí,sv21138605@student.edu.vn,0997516520,STUDENT
21138606,123456,Võ Duy Lan,sv21138606@student.edu.vn,0972108163,STUDENT
21138607,123456,Cao Văn Khoa,sv21138607@student.edu.vn,0951969392,STUDENT
21138608,123456,Phạm Minh Tùng,sv21138608@student.edu.vn,0962230010,STUDENT
21138609,123456,Hồ Thu Nga,sv21138609@student.edu.vn,0942655671,STUDENT
21138610,123456,Mai Kim Bảo,sv21138610@student.edu.vn,0965330389,STUDENT
21138611,123456,Nguyễn Minh Yến,sv21138611@student.edu.vn,0959713879,STUDENT
21138612,123456,Mai Kim Tâm,sv21138612@student.edu.vn,0944690466,STUDENT
21138613,123456,Ngô Hải Thắng,sv21138613@student.edu.vn,0989226113,STUDENT
21138614,123456,Mai Hải Thắng,sv21138614@student.edu.vn,0962641517,STUDENT
21138615,123456,Huỳnh Quang Rạng,sv21138615@student.edu.vn,0923494517,STUDENT
21138616,123456,Huỳnh Nhật Nam,sv21138616@student.edu.vn,0970292495,STUDENT
21138617,123456,Hà Thiện Hương,sv21138617@student.edu.vn,0988951046,STUDENT
21138618,123456,Tạ Quốc Minh,sv21138618@student.edu.vn,0981217738,STUDENT
21138619,123456,Đoàn Xuân Tài,sv21138619@student.edu.vn,0970348412,STUDENT
21138620,123456,Đặng Văn Linh,sv21138620@student.edu.vn,0968719194,STUDENT
21138621,123456,Lý Kim Lộc,sv21138621@student.edu.vn,0928857637,STUDENT
21138622,123456,Hoàng Văn Duy,sv21138622@student.edu.vn,0960399770,STUDENT
21138623,123456,Đỗ Phương Sơn,sv21138623@student.edu.vn,0983525853,STUDENT
21138624,123456,Đặng Văn Bảo,sv21138624@student.edu.vn,0946212473,STUDENT
21138625,123456,Đoàn Bảo Tùng,sv21138625@student.edu.vn,0995517182,STUDENT
21138626,123456,Hồ Bảo Vân,sv21138626@student.edu.vn,0991160252,STUDENT
21138627,123456,Cao Trung Cường,sv21138627@student.edu.vn,0978024030,STUDENT
21138628,123456,Trần Thu Nam,sv21138628@student.edu.vn,0993773115,STUDENT
21138629,123456,Trần Anh Huy,sv21138629@student.edu.vn,0913431181,STUDENT
21138630,123456,Đặng Ngọc Linh,sv21138630@student.edu.vn,0983082032,STUDENT
21138631,123456,Lâm Quang Lộc,sv21138631@student.edu.vn,0950883658,STUDENT
21138632,123456,Mai Trung Uyên,sv21138632@student.edu.vn,0931398591,STUDENT
21138633,123456,Trần Tuấn Trinh,sv21138633@student.edu.vn,0910093496,STUDENT
21138634,123456,Ngô Gia Phúc,sv21138634@student.edu.vn,0970107664,STUDENT
21138635,123456,Hà Tuấn Hương,sv21138635@student.edu.vn,0924716209,STUDENT
21138636,123456,Tạ Nhật Linh,sv21138636@student.edu.vn,0971388880,STUDENT
21138637,123456,Lý Hoàng Sơn,sv21138637@student.edu.vn,0942389025,STUDENT
21138638,123456,Hoàng Phương Nga,sv21138638@student.edu.vn,0992703212,STUDENT
21138639,123456,Đặng Trung Cường,sv21138639@student.edu.vn,0926010766,STUDENT
21138640,123456,Đặng Anh Thành,sv21138640@student.edu.vn,0919870505,STUDENT
21138641,123456,Đoàn Minh Phát,sv21138641@student.edu.vn,0941912156,STUDENT
21138642,123456,Phan Xuân Phong,sv21138642@student.edu.vn,0982720602,STUDENT
21138643,123456,Phạm Thu Vân,sv21138643@student.edu.vn,0930989882,STUDENT
21138644,123456,Lý Thiện An,sv21138644@student.edu.vn,0935751519,STUDENT
21138645,123456,Đoàn Hồng Khánh,sv21138645@student.edu.vn,0910890068,STUDENT
21138646,123456,Hồ Quốc Kiệt,sv21138646@student.edu.vn,0934595164,STUDENT
21138647,123456,Lê Anh Nam,sv21138647@student.edu.vn,0983377280,STUDENT
21138648,123456,Phạm Nhật Trinh,sv21138648@student.edu.vn,0975757200,STUDENT
21138649,123456,Mai Phương Đạt,sv21138649@student.edu.vn,0948793366,STUDENT
21138650,123456,Hà Xuân Thảo,sv21138650@student.edu.vn,0994968669,STUDENT
21138651,123456,Nguyễn Đức Huy,sv21138651@student.edu.vn,0946614552,STUDENT
21138652,123456,Lý Hoàng Khoa,sv21138652@student.edu.vn,0938837463,STUDENT
21138653,123456,Hoàng Quốc Minh,sv21138653@student.edu.vn,0995054797,STUDENT
21138654,123456,Trịnh Anh Trang,sv21138654@student.edu.vn,0922041131,STUDENT
21138655,123456,Đặng Đức Giang,sv21138655@student.edu.vn,0954721632,STUDENT
21138656,123456,Phạm Thị Lộc,sv21138656@student.edu.vn,0989728455,STUDENT
21138657,123456,Phan Thị Hương,sv21138657@student.edu.vn,0922010903,STUDENT
21138658,123456,Lý Quốc Thảo,sv21138658@student.edu.vn,0946776455,STUDENT
21138659,123456,Bùi Ngọc Phát,sv21138659@student.edu.vn,0937266485,STUDENT
21138660,123456,Phạm Nhật Toàn,sv21138660@student.edu.vn,0915208887,STUDENT
21138661,123456,Hoàng Minh Linh,sv21138661@student.edu.vn,0982933679,STUDENT
21138662,123456,Lý Hoàng Sơn,sv21138662@student.edu.vn,0950716872,STUDENT
21138663,123456,Đỗ Quang Long,sv21138663@student.edu.vn,0948035465,STUDENT
21138664,123456,Hoàng Nhật Xuân,sv21138664@student.edu.vn,0919866720,STUDENT
21138665,123456,Phạm Thu Sơn,sv21138665@student.edu.vn,0986190700,STUDENT
21138666,123456,Võ Tuấn Tùng,sv21138666@student.edu.vn,0934753285,STUDENT
21138667,123456,Dương Quốc Phát,sv21138667@student.edu.vn,0914754265,STUDENT
21138668,123456,Lý Thanh Phúc,sv21138668@student.edu.vn,0999575878,STUDENT
21138669,123456,Hoàng Hồng Thảo,sv21138669@student.edu.vn,0938859984,STUDENT
21138670,123456,Phan Hải Tài,sv21138670@student.edu.vn,0944672273,STUDENT
21138671,123456,Tạ Hữu Thảo,sv21138671@student.edu.vn,0980409285,STUDENT
21138672,123456,Nguyễn Văn Nam,sv21138672@student.edu.vn,0996108634,STUDENT
21138673,123456,Lý Trung Hùng,sv21138673@student.edu.vn,0952999089,STUDENT
21138674,123456,Phan Hoàng Linh,sv21138674@student.edu.vn,0972441697,STUDENT
21138675,123456,Đặng Thanh Sơn,sv21138675@student.edu.vn,0926385471,STUDENT
21138676,123456,Lâm Nhật Oanh,sv21138676@student.edu.vn,0992000260,STUDENT
21138677,123456,Hồ Gia Vân,sv21138677@student.edu.vn,0954766217,STUDENT
21138678,123456,Đinh Đức Hùng,sv21138678@student.edu.vn,0951974662,STUDENT
21138679,123456,Phạm Phương Yến,sv21138679@student.edu.vn,0962467177,STUDENT
21138680,123456,Hồ Thanh Oanh,sv21138680@student.edu.vn,0970039526,STUDENT
21138681,123456,Ngô Minh Sơn,sv21138681@student.edu.vn,0965801634,STUDENT
21138682,123456,Trịnh Xuân An,sv21138682@student.edu.vn,0970833982,STUDENT
21138683,123456,Đỗ Phương Quân,sv21138683@student.edu.vn,0946849079,STUDENT
21138684,123456,Đoàn Xuân Minh,sv21138684@student.edu.vn,0975816980,STUDENT
21138685,123456,Nguyễn Thu Hà,sv21138685@student.edu.vn,0973009150,STUDENT
21138686,123456,Võ Minh Thảo,sv21138686@student.edu.vn,0915605632,STUDENT
21138687,123456,Lê Thu Đạt,sv21138687@student.edu.vn,0943471466,STUDENT
21138688,123456,Dương Duy Tâm,sv21138688@student.edu.vn,0988482003,STUDENT
21138689,123456,Vũ Anh Oanh,sv21138689@student.edu.vn,0939946100,STUDENT
21138690,123456,Phạm Ngọc Đạt,sv21138690@student.edu.vn,0999343195,STUDENT
21138691,123456,Đoàn Xuân Vân,sv21138691@student.edu.vn,0967773697,STUDENT
21138692,123456,Phan Duy Thắng,sv21138692@student.edu.vn,0997512690,STUDENT
21138693,123456,Nguyễn Văn Bảo,sv21138693@student.edu.vn,0924523773,STUDENT
21138694,123456,Đặng Quốc Nhật,sv21138694@student.edu.vn,0951341556,STUDENT
21138695,123456,Lý Phương An,sv21138695@student.edu.vn,0986033864,STUDENT
21138696,123456,Đoàn Anh Khoa,sv21138696@student.edu.vn,0973442973,STUDENT
21138697,123456,Đoàn Tuấn Minh,sv21138697@student.edu.vn,0920718750,STUDENT
21138698,123456,Trịnh Thu Phúc,sv21138698@student.edu.vn,0999185484,STUDENT
21138699,123456,Hà Thu Hùng,sv21138699@student.edu.vn,0968000485,STUDENT
21138700,123456,Nguyễn Nhật Vân,sv21138700@student.edu.vn,0992582911,STUDENT
21138701,123456,Phạm Phương Huy,sv21138701@student.edu.vn,0914312525,STUDENT
21138702,123456,Trịnh Bảo Bảo,sv21138702@student.edu.vn,0993299454,STUDENT
21138703,123456,Đặng Xuân Lan,sv21138703@student.edu.vn,0931240040,STUDENT
21138704,123456,Đoàn Quốc Bình,sv21138704@student.edu.vn,0941332731,STUDENT
21138705,123456,Đinh Hoàng Xuân,sv21138705@student.edu.vn,0999084968,STUDENT
21138706,123456,Đoàn Thanh Quân,sv21138706@student.edu.vn,0920747127,STUDENT
21138707,123456,Lý Thu Thắng,sv21138707@student.edu.vn,0956868816,STUDENT
21138708,123456,Lâm Trung Minh,sv21138708@student.edu.vn,0991834506,STUDENT
21138709,123456,Mai Hoàng Yến,sv21138709@student.edu.vn,0918822783,STUDENT
21138710,123456,Trần Duy Giang,sv21138710@student.edu.vn,0989301041,STUDENT
21138711,123456,Dương Phương Nga,sv21138711@student.edu.vn,0937467305,STUDENT
21138712,123456,Dương Văn Rạng,sv21138712@student.edu.vn,0939376143,STUDENT
21138713,123456,Huỳnh Đức Tâm,sv21138713@student.edu.vn,0980251955,STUDENT
21138714,123456,Phan Thị Phong,sv21138714@student.edu.vn,0999185452,STUDENT
21138715,123456,Đoàn Nhật Nam,sv21138715@student.edu.vn,0966214280,STUDENT
21138716,123456,Đoàn Kim Hùng,sv21138716@student.edu.vn,0982624260,STUDENT
21138717,123456,Hồ Thu Linh,sv21138717@student.edu.vn,0981405871,STUDENT
21138718,123456,Trịnh Gia An,sv21138718@student.edu.vn,0979864450,STUDENT
21138719,123456,Cao Anh Trang,sv21138719@student.edu.vn,0933764669,STUDENT
21138720,123456,Hồ Văn Sơn,sv21138720@student.edu.vn,0973092830,STUDENT
21138721,123456,Vũ Văn Phong,sv21138721@student.edu.vn,0933579951,STUDENT
21138722,123456,Võ Ngọc Tài,sv21138722@student.edu.vn,0984440744,STUDENT
21138723,123456,Trịnh Phương Tùng,sv21138723@student.edu.vn,0984534717,STUDENT
21138724,123456,Đặng Đức Tài,sv21138724@student.edu.vn,0941726392,STUDENT
21138725,123456,Ngô Phương Huy,sv21138725@student.edu.vn,0993384661,STUDENT
21138726,123456,Lý Phương Minh,sv21138726@student.edu.vn,0922008973,STUDENT
21138727,123456,Đinh Văn Trang,sv21138727@student.edu.vn,0936380768,STUDENT
21138728,123456,Đỗ Trung An,sv21138728@student.edu.vn,0946586288,STUDENT
21138729,123456,Tạ Gia Trang,sv21138729@student.edu.vn,0945948463,STUDENT
21138730,123456,Lâm Thị Minh,sv21138730@student.edu.vn,0911543370,STUDENT
21138731,123456,Đỗ Kim Rạng,sv21138731@student.edu.vn,0951423217,STUDENT
21138732,123456,Trịnh Bảo Kiệt,sv21138732@student.edu.vn,0985606899,STUDENT
21138733,123456,Lê Nhật Tùng,sv21138733@student.edu.vn,0929265851,STUDENT
21138734,123456,Tạ Tuấn Thắng,sv21138734@student.edu.vn,0972584081,STUDENT
21138735,123456,Phan Phương Linh,sv21138735@student.edu.vn,0943834559,STUDENT
21138736,123456,Đặng Trung Hà,sv21138736@student.edu.vn,0931018863,STUDENT
21138737,123456,Phan Trung Long,sv21138737@student.edu.vn,0926347738,STUDENT
21138738,123456,Nguyễn Hồng Hương,sv21138738@student.edu.vn,0933470288,STUDENT
21138739,123456,Đoàn Phương Trí,sv21138739@student.edu.vn,0959438707,STUDENT
21138740,123456,Huỳnh Hoàng An,sv21138740@student.edu.vn,0934443701,STUDENT
21138741,123456,Phan Bảo Trang,sv21138741@student.edu.vn,0919125147,STUDENT
21138742,123456,Hồ Thiện Huy,sv21138742@student.edu.vn,0937086698,STUDENT
21138743,123456,Hoàng Minh Đạt,sv21138743@student.edu.vn,0975080521,STUDENT
21138744,123456,Lê Tuấn Toàn,sv21138744@student.edu.vn,0932114296,STUDENT
21138745,123456,Võ Ngọc Phát,sv21138745@student.edu.vn,0966939581,STUDENT
21138746,123456,Ngô Phương Khoa,sv21138746@student.edu.vn,0946085246,STUDENT
21138747,123456,Hà Thiện Toàn,sv21138747@student.edu.vn,0942729070,STUDENT
21138748,123456,Mai Hoàng Linh,sv21138748@student.edu.vn,0954591662,STUDENT
21138749,123456,Hoàng Thu An,sv21138749@student.edu.vn,0938693544,STUDENT
21138750,123456,Hoàng Thị Em,sv21138750@student.edu.vn,0943588213,STUDENT
21138751,123456,Phan Phương Trinh,sv21138751@student.edu.vn,0959557949,STUDENT
21138752,123456,Huỳnh Thu Lan,sv21138752@student.edu.vn,0923212601,STUDENT
21138753,123456,Hồ Hữu Lan,sv21138753@student.edu.vn,0950695087,STUDENT
21138754,123456,Tạ Quang Nga,sv21138754@student.edu.vn,0913345794,STUDENT
21138755,123456,Đặng Tuấn Xuân,sv21138755@student.edu.vn,0959618172,STUDENT
21138756,123456,Ngô Hải Minh,sv21138756@student.edu.vn,0931974213,STUDENT
21138757,123456,Phan Ngọc Nam,sv21138757@student.edu.vn,0960959924,STUDENT
21138758,123456,Trần Duy Hương,sv21138758@student.edu.vn,0912975800,STUDENT
21138759,123456,Cao Quang Hiếu,sv21138759@student.edu.vn,0996704527,STUDENT
21138760,123456,Trịnh Phương Thắng,sv21138760@student.edu.vn,0981892214,STUDENT
21138761,123456,Ngô Anh Nga,sv21138761@student.edu.vn,0990181275,STUDENT
21138762,123456,Vũ Hoàng Rạng,sv21138762@student.edu.vn,0964168931,STUDENT
21138763,123456,Bùi Hải Tâm,sv21138763@student.edu.vn,0957777920,STUDENT
21138764,123456,Lâm Đức Phúc,sv21138764@student.edu.vn,0925234997,STUDENT
21138765,123456,Lê Thị Yến,sv21138765@student.edu.vn,0953265896,STUDENT
21138766,123456,Đặng Thanh Khoa,sv21138766@student.edu.vn,0954236989,STUDENT
21138767,123456,Lê Trung Hiếu,sv21138767@student.edu.vn,0988355527,STUDENT
21138768,123456,Hồ Ngọc Rạng,sv21138768@student.edu.vn,0991987498,STUDENT
21138769,123456,Đinh Hữu Hiếu,sv21138769@student.edu.vn,0946328540,STUDENT
21138770,123456,Mai Thu Cường,sv21138770@student.edu.vn,0954871099,STUDENT
21138771,123456,Đỗ Hoàng Trang,sv21138771@student.edu.vn,0927713806,STUDENT
21138772,123456,Ngô Hoàng Xuân,sv21138772@student.edu.vn,0933094337,STUDENT
21138773,123456,Võ Trung Minh,sv21138773@student.edu.vn,0917378524,STUDENT
21138774,123456,Lê Quang Tâm,sv21138774@student.edu.vn,0976007244,STUDENT
21138775,123456,Lý Thị Rạng,sv21138775@student.edu.vn,0919420242,STUDENT
21138776,123456,Lý Minh Tùng,sv21138776@student.edu.vn,0991703594,STUDENT
21138777,123456,Hà Thanh Uyên,sv21138777@student.edu.vn,0976373243,STUDENT
21138778,123456,Võ Hải Bảo,sv21138778@student.edu.vn,0939927252,STUDENT
21138779,123456,Vũ Phương Quân,sv21138779@student.edu.vn,0984422817,STUDENT
21138780,123456,Phạm Quốc Tâm,sv21138780@student.edu.vn,0986637204,STUDENT
21138781,123456,Đỗ Thu Huy,sv21138781@student.edu.vn,0959427479,STUDENT
21138782,123456,Dương Anh Uyên,sv21138782@student.edu.vn,0926772741,STUDENT
21138783,123456,Mai Xuân Khánh,sv21138783@student.edu.vn,0945447114,STUDENT
21138784,123456,Vũ Hữu Yến,sv21138784@student.edu.vn,0914197811,STUDENT
21138785,123456,Vũ Duy Trung,sv21138785@student.edu.vn,0967675907,STUDENT
21138786,123456,Đinh Quốc Vân,sv21138786@student.edu.vn,0915844351,STUDENT
21138787,123456,Hoàng Ngọc Trang,sv21138787@student.edu.vn,0966693744,STUDENT
21138788,123456,Nguyễn Gia Trinh,sv21138788@student.edu.vn,0994670595,STUDENT
21138789,123456,Hồ Thanh Phát,sv21138789@student.edu.vn,0935802082,STUDENT
21138790,123456,Lâm Phương Em,sv21138790@student.edu.vn,0910004293,STUDENT
21138791,123456,Lý Văn Nga,sv21138791@student.edu.vn,0941113371,STUDENT
21138792,123456,Tạ Tuấn Khánh,sv21138792@student.edu.vn,0967561503,STUDENT
21138793,123456,Dương Quốc Linh,sv21138793@student.edu.vn,0991606674,STUDENT
21138794,123456,Hà Xuân Hương,sv21138794@student.edu.vn,0937630269,STUDENT
21138795,123456,Vũ Minh Phong,sv21138795@student.edu.vn,0974621298,STUDENT
21138796,123456,Vũ Quang Minh,sv21138796@student.edu.vn,0911807838,STUDENT
21138797,123456,Bùi Hải Trang,sv21138797@student.edu.vn,0931517745,STUDENT
21138798,123456,Võ Phương Tâm,sv21138798@student.edu.vn,0995282300,STUDENT
21138799,123456,Bùi Xuân Phong,sv21138799@student.edu.vn,0928473874,STUDENT
21138800,123456,Lâm Ngọc Minh,sv21138800@student.edu.vn,0977347505,STUDENT
21138801,123456,Lý Bảo Nam,sv21138801@student.edu.vn,0936040987,STUDENT
21138802,123456,Lê Duy Nhật,sv21138802@student.edu.vn,0929898920,STUDENT
21138803,123456,Hà Hữu Nam,sv21138803@student.edu.vn,0924309447,STUDENT
21138804,123456,Đinh Tuấn Thành,sv21138804@student.edu.vn,0994204368,STUDENT
21138805,123456,Đỗ Ngọc Yến,sv21138805@student.edu.vn,0939530869,STUDENT
21138806,123456,Đinh Trung Minh,sv21138806@student.edu.vn,0992690489,STUDENT
21138807,123456,Dương Hữu Uyên,sv21138807@student.edu.vn,0977313294,STUDENT
21138808,123456,Lâm Phương Huy,sv21138808@student.edu.vn,0993305512,STUDENT
21138809,123456,Đinh Thiện Nhật,sv21138809@student.edu.vn,0936567405,STUDENT
21138810,123456,Bùi Hoàng Long,sv21138810@student.edu.vn,0990679133,STUDENT
21138811,123456,Đỗ Quang Oanh,sv21138811@student.edu.vn,0920314281,STUDENT
21138812,123456,Lê Minh Trinh,sv21138812@student.edu.vn,0938436003,STUDENT
21138813,123456,Đặng Phương Rạng,sv21138813@student.edu.vn,0960558943,STUDENT
21138814,123456,Lê Đức Vân,sv21138814@student.edu.vn,0940899627,STUDENT
21138815,123456,Nguyễn Minh Hiếu,sv21138815@student.edu.vn,0970993928,STUDENT
21138816,123456,Cao Hữu Thành,sv21138816@student.edu.vn,0924950270,STUDENT
21138817,123456,Đỗ Bảo Đạt,sv21138817@student.edu.vn,0917980550,STUDENT
21138818,123456,Mai Thị Rạng,sv21138818@student.edu.vn,0927041429,STUDENT
21138819,123456,Mai Trung Lan,sv21138819@student.edu.vn,0996795361,STUDENT
21138820,123456,Phan Bảo Phong,sv21138820@student.edu.vn,0917565876,STUDENT
21138821,123456,Lý Kim Vân,sv21138821@student.edu.vn,0960087348,STUDENT
21138822,123456,Dương Hải Linh,sv21138822@student.edu.vn,0965966818,STUDENT
21138823,123456,Cao Hải Hùng,sv21138823@student.edu.vn,0972588286,STUDENT
21138824,123456,Hoàng Tuấn Đạt,sv21138824@student.edu.vn,0999664740,STUDENT
21138825,123456,Hồ Thị Sơn,sv21138825@student.edu.vn,0962880690,STUDENT
21138826,123456,Lâm Duy Thắng,sv21138826@student.edu.vn,0929329218,STUDENT
21138827,123456,Phan Quốc Khánh,sv21138827@student.edu.vn,0961002404,STUDENT
21138828,123456,Nguyễn Hải Thành,sv21138828@student.edu.vn,0978262422,STUDENT
21138829,123456,Đoàn Nhật Long,sv21138829@student.edu.vn,0936834743,STUDENT
21138830,123456,Vũ Thanh Vân,sv21138830@student.edu.vn,0931005963,STUDENT
21138831,123456,Hồ Ngọc Trinh,sv21138831@student.edu.vn,0960287446,STUDENT
21138832,123456,Đỗ Gia Hương,sv21138832@student.edu.vn,0975232878,STUDENT
21138833,123456,Phạm Anh Rạng,sv21138833@student.edu.vn,0934259959,STUDENT
21138834,123456,Phan Quang Thảo,sv21138834@student.edu.vn,0967088703,STUDENT
21138835,123456,Cao Văn Vinh,sv21138835@student.edu.vn,0926872513,STUDENT
21138836,123456,Hoàng Hoàng Minh,sv21138836@student.edu.vn,0965111449,STUDENT
21138837,123456,Vũ Thiện Linh,sv21138837@student.edu.vn,0985351659,STUDENT
21138838,123456,Vũ Thanh Cường,sv21138838@student.edu.vn,0946505698,STUDENT
21138839,123456,Hà Minh Tài,sv21138839@student.edu.vn,0962743465,STUDENT
21138840,123456,Ngô Hoàng Uyên,sv21138840@student.edu.vn,0929785507,STUDENT
21138841,123456,Đỗ Tuấn Hà,sv21138841@student.edu.vn,0956200442,STUDENT
21138842,123456,Đặng Gia Lan,sv21138842@student.edu.vn,0982568057,STUDENT
21138843,123456,Ngô Quốc Huy,sv21138843@student.edu.vn,0945681486,STUDENT
21138844,123456,Vũ Quốc Bảo,sv21138844@student.edu.vn,0934083496,STUDENT
21138845,123456,Lý Trung Nga,sv21138845@student.edu.vn,0992844097,STUDENT
21138846,123456,Lý Thiện Tài,sv21138846@student.edu.vn,0977153957,STUDENT
21138847,123456,Huỳnh Tuấn Khoa,sv21138847@student.edu.vn,0927974681,STUDENT
21138848,123456,Đặng Hồng Rạng,sv21138848@student.edu.vn,0979471171,STUDENT
21138849,123456,Hà Hải Trinh,sv21138849@student.edu.vn,0977477219,STUDENT
21138850,123456,Cao Hữu Huy,sv21138850@student.edu.vn,0984624627,STUDENT
21138851,123456,Ngô Thiện Inh,sv21138851@student.edu.vn,0913042563,STUDENT
21138852,123456,Trịnh Hải Phong,sv21138852@student.edu.vn,0916014454,STUDENT
21138853,123456,Dương Bảo Bình,sv21138853@student.edu.vn,0934648834,STUDENT
21138854,123456,Hồ Nhật Thắng,sv21138854@student.edu.vn,0951122787,STUDENT
21138855,123456,Mai Duy Khoa,sv21138855@student.edu.vn,0964692964,STUDENT
21138856,123456,Mai Thanh Tài,sv21138856@student.edu.vn,0920046841,STUDENT
21138857,123456,Đoàn Thanh Minh,sv21138857@student.edu.vn,0972729781,STUDENT
21138858,123456,Cao Hồng Nhật,sv21138858@student.edu.vn,0930952777,STUDENT
21138859,123456,Hoàng Quang Nam,sv21138859@student.edu.vn,0922713140,STUDENT
21138860,123456,Vũ Nhật Thắng,sv21138860@student.edu.vn,0997902755,STUDENT
21138861,123456,Hà Phương Phong,sv21138861@student.edu.vn,0932785427,STUDENT
21138862,123456,Đoàn Nhật Inh,sv21138862@student.edu.vn,0941662884,STUDENT
21138863,123456,Trịnh Anh Huy,sv21138863@student.edu.vn,0955863584,STUDENT
21138864,123456,Ngô Văn Hà,sv21138864@student.edu.vn,0977805626,STUDENT
21138865,123456,Mai Nhật Phong,sv21138865@student.edu.vn,0968474741,STUDENT
21138866,123456,Vũ Quang Trí,sv21138866@student.edu.vn,0910405238,STUDENT
21138867,123456,Trịnh Trung Tùng,sv21138867@student.edu.vn,0923824205,STUDENT
21138868,123456,Lâm Hoàng Trung,sv21138868@student.edu.vn,0916409804,STUDENT
21138869,123456,Hà Thu Nam,sv21138869@student.edu.vn,0982321120,STUDENT
21138870,123456,Hoàng Văn Trang,sv21138870@student.edu.vn,0967930852,STUDENT
21138871,123456,Phạm Hồng Oanh,sv21138871@student.edu.vn,0982238282,STUDENT
21138872,123456,Dương Ngọc Bảo,sv21138872@student.edu.vn,0986742840,STUDENT
21138873,123456,Võ Văn Thành,sv21138873@student.edu.vn,0912560244,STUDENT
21138874,123456,Đỗ Kim Trung,sv21138874@student.edu.vn,0992944724,STUDENT
21138875,123456,Võ Kim Duy,sv21138875@student.edu.vn,0910089902,STUDENT
21138876,123456,Nguyễn Trung Nam,sv21138876@student.edu.vn,0979902762,STUDENT
21138877,123456,Dương Minh Em,sv21138877@student.edu.vn,0994298355,STUDENT
21138878,123456,Nguyễn Duy Nhật,sv21138878@student.edu.vn,0950821718,STUDENT
21138879,123456,Cao Tuấn Bảo,sv21138879@student.edu.vn,0962489018,STUDENT
21138880,123456,Huỳnh Bảo Hùng,sv21138880@student.edu.vn,0994380090,STUDENT
21138881,123456,Lâm Minh Minh,sv21138881@student.edu.vn,0979155764,STUDENT
21138882,123456,Hà Tuấn Tùng,sv21138882@student.edu.vn,0968129784,STUDENT
21138883,123456,Bùi Bảo Tâm,sv21138883@student.edu.vn,0913144068,STUDENT
21138884,123456,Trịnh Kim Quân,sv21138884@student.edu.vn,0994363930,STUDENT
21138885,123456,Vũ Ngọc Tùng,sv21138885@student.edu.vn,0953122853,STUDENT
21138886,123456,Đinh Hoàng Huy,sv21138886@student.edu.vn,0912757482,STUDENT
21138887,123456,Tạ Trung Huy,sv21138887@student.edu.vn,0932948513,STUDENT
21138888,123456,Đoàn Thu Inh,sv21138888@student.edu.vn,0911818077,STUDENT
21138889,123456,Cao Quang Khoa,sv21138889@student.edu.vn,0987330986,STUDENT
21138890,123456,Mai Gia Nhật,sv21138890@student.edu.vn,0985977871,STUDENT
21138891,123456,Hà Hải Phúc,sv21138891@student.edu.vn,0945497831,STUDENT
21138892,123456,Lâm Hồng Uyên,sv21138892@student.edu.vn,0993292376,STUDENT
21138893,123456,Võ Hồng Uyên,sv21138893@student.edu.vn,0973557513,STUDENT
21138894,123456,Phan Nhật Lan,sv21138894@student.edu.vn,0987160568,STUDENT
21138895,123456,Tạ Nhật Inh,sv21138895@student.edu.vn,0997068325,STUDENT
21138896,123456,Đoàn Hữu Khoa,sv21138896@student.edu.vn,0957875163,STUDENT
21138897,123456,Vũ Minh Phong,sv21138897@student.edu.vn,0937059824,STUDENT
21138898,123456,Hoàng Quốc Trang,sv21138898@student.edu.vn,0910547937,STUDENT
21138899,123456,Tạ Anh Hương,sv21138899@student.edu.vn,0911299754,STUDENT
21138900,123456,Trịnh Hồng Quân,sv21138900@student.edu.vn,0943066709,STUDENT
21138901,123456,Vũ Minh Hà,sv21138901@student.edu.vn,0945463501,STUDENT
21138902,123456,Dương Thanh Thành,sv21138902@student.edu.vn,0914311074,STUDENT
21138903,123456,Dương Quang Tài,sv21138903@student.edu.vn,0916833200,STUDENT
21138904,123456,Võ Thiện Tùng,sv21138904@student.edu.vn,0987048850,STUDENT
21138905,123456,Vũ Thu Tâm,sv21138905@student.edu.vn,0927075460,STUDENT
21138906,123456,Trần Gia Trí,sv21138906@student.edu.vn,0913972928,STUDENT
21138907,123456,Lâm Thu Tâm,sv21138907@student.edu.vn,0980043207,STUDENT
21138908,123456,Nguyễn Xuân Nga,sv21138908@student.edu.vn,0953270313,STUDENT
21138909,123456,Lý Quang Oanh,sv21138909@student.edu.vn,0972744916,STUDENT
21138910,123456,Tạ Anh Minh,sv21138910@student.edu.vn,0915998814,STUDENT
21138911,123456,Lý Thanh Minh,sv21138911@student.edu.vn,0923668394,STUDENT
21138912,123456,Võ Đức Sơn,sv21138912@student.edu.vn,0913398620,STUDENT
21138913,123456,Trần Xuân Lộc,sv21138913@student.edu.vn,0919499587,STUDENT
21138914,123456,Ngô Đức Vân,sv21138914@student.edu.vn,0962885865,STUDENT
21138915,123456,Trịnh Tuấn Phát,sv21138915@student.edu.vn,0936935846,STUDENT
21138916,123456,Huỳnh Thu Long,sv21138916@student.edu.vn,0924133612,STUDENT
21138917,123456,Phan Duy Giang,sv21138917@student.edu.vn,0940718556,STUDENT
21138918,123456,Đỗ Anh Vinh,sv21138918@student.edu.vn,0966418758,STUDENT
21138919,123456,Đoàn Bảo Hương,sv21138919@student.edu.vn,0947289821,STUDENT
21138920,123456,Lý Hồng Trang,sv21138920@student.edu.vn,0989170974,STUDENT
21138921,123456,Tạ Bảo Thắng,sv21138921@student.edu.vn,0971819790,STUDENT
21138922,123456,Đoàn Bảo Inh,sv21138922@student.edu.vn,0979996609,STUDENT
21138923,123456,Tạ Phương Minh,sv21138923@student.edu.vn,0943954518,STUDENT
21138924,123456,Hoàng Văn Cường,sv21138924@student.edu.vn,0931652885,STUDENT
21138925,123456,Trần Thanh Rạng,sv21138925@student.edu.vn,0917894349,STUDENT
21138926,123456,Lý Gia Bình,sv21138926@student.edu.vn,0932669204,STUDENT
21138927,123456,Phan Thanh Trí,sv21138927@student.edu.vn,0983180061,STUDENT
21138928,123456,Đoàn Thị Hà,sv21138928@student.edu.vn,0915373233,STUDENT
21138929,123456,Trần Thanh Thành,sv21138929@student.edu.vn,0988720413,STUDENT
21138930,123456,Phạm Quốc Nga,sv21138930@student.edu.vn,0945810543,STUDENT
21138931,123456,Nguyễn Tuấn Yến,sv21138931@student.edu.vn,0927974590,STUDENT
21138932,123456,Đinh Đức Vinh,sv21138932@student.edu.vn,0928118832,STUDENT
21138933,123456,Lê Quang Trang,sv21138933@student.edu.vn,0957178997,STUDENT
21138934,123456,Ngô Quang Khoa,sv21138934@student.edu.vn,0977121378,STUDENT
21138935,123456,Lý Hữu Xuân,sv21138935@student.edu.vn,0953768938,STUDENT
21138936,123456,Võ Phương Nhật,sv21138936@student.edu.vn,0965499556,STUDENT
21138937,123456,Tạ Quốc Vinh,sv21138937@student.edu.vn,0994123267,STUDENT
21138938,123456,Huỳnh Phương Đạt,sv21138938@student.edu.vn,0982859541,STUDENT
21138939,123456,Trịnh Hải Tài,sv21138939@student.edu.vn,0951620817,STUDENT
21138940,123456,Hà Xuân Sơn,sv21138940@student.edu.vn,0913635109,STUDENT
21138941,123456,Trần Đức Nhật,sv21138941@student.edu.vn,0916446780,STUDENT
21138942,123456,Cao Minh Trang,sv21138942@student.edu.vn,0926439515,STUDENT
21138943,123456,Trịnh Hải Minh,sv21138943@student.edu.vn,0933533445,STUDENT
21138944,123456,Đoàn Minh Bảo,sv21138944@student.edu.vn,0963342031,STUDENT
21138945,123456,Võ Quang Bảo,sv21138945@student.edu.vn,0940564920,STUDENT
21138946,123456,Tạ Hoàng Trinh,sv21138946@student.edu.vn,0938883896,STUDENT
21138947,123456,Trịnh Quang Minh,sv21138947@student.edu.vn,0953089126,STUDENT
21138948,123456,Lê Nhật Hà,sv21138948@student.edu.vn,0932195341,STUDENT
21138949,123456,Huỳnh Duy Quân,sv21138949@student.edu.vn,0918545980,STUDENT
21138950,123456,Trần Kim Bình,sv21138950@student.edu.vn,0978640974,STUDENT
21138951,123456,Lý Trung Xuân,sv21138951@student.edu.vn,0992077108,STUDENT
21138952,123456,Đặng Thanh Trung,sv21138952@student.edu.vn,0920406383,STUDENT
21138953,123456,Đoàn Gia Phong,sv21138953@student.edu.vn,0979121505,STUDENT
21138954,123456,Cao Tuấn Tùng,sv21138954@student.edu.vn,0955272243,STUDENT
21138955,123456,Hoàng Duy Hương,sv21138955@student.edu.vn,0938240973,STUDENT
21138956,123456,Hà Anh Nhật,sv21138956@student.edu.vn,0966711878,STUDENT
21138957,123456,Đỗ Trung Tâm,sv21138957@student.edu.vn,0952378410,STUDENT
21138958,123456,Huỳnh Trung Khoa,sv21138958@student.edu.vn,0983805559,STUDENT
21138959,123456,Hoàng Quang Long,sv21138959@student.edu.vn,0971254306,STUDENT
21138960,123456,Hồ Minh Bình,sv21138960@student.edu.vn,0991621849,STUDENT
21138961,123456,Hồ Hữu Uyên,sv21138961@student.edu.vn,0929366790,STUDENT
21138962,123456,Nguyễn Kim Nam,sv21138962@student.edu.vn,0936928540,STUDENT
21138963,123456,Đặng Hồng Vân,sv21138963@student.edu.vn,0969366176,STUDENT
21138964,123456,Nguyễn Xuân Giang,sv21138964@student.edu.vn,0996566232,STUDENT
21138965,123456,Phạm Đức Lộc,sv21138965@student.edu.vn,0952764236,STUDENT
21138966,123456,Vũ Kim Khoa,sv21138966@student.edu.vn,0957722801,STUDENT
21138967,123456,Cao Hồng Thảo,sv21138967@student.edu.vn,0979572170,STUDENT
21138968,123456,Cao Hoàng Hùng,sv21138968@student.edu.vn,0980124958,STUDENT
21138969,123456,Huỳnh Quang Bình,sv21138969@student.edu.vn,0960988804,STUDENT
21138970,123456,Cao Hoàng Nga,sv21138970@student.edu.vn,0949530366,STUDENT
21138971,123456,Vũ Thu Long,sv21138971@student.edu.vn,0990813059,STUDENT
21138972,123456,Lý Ngọc Tùng,sv21138972@student.edu.vn,0945162424,STUDENT
21138973,123456,Trần Quốc Thắng,sv21138973@student.edu.vn,0915970639,STUDENT
21138974,123456,Đoàn Anh Duy,sv21138974@student.edu.vn,0948991813,STUDENT
21138975,123456,Phan Bảo Sơn,sv21138975@student.edu.vn,0945774675,STUDENT
21138976,123456,Lâm Hữu Rạng,sv21138976@student.edu.vn,0928119366,STUDENT
21138977,123456,Mai Minh Huy,sv21138977@student.edu.vn,0928145634,STUDENT
21138978,123456,Đoàn Anh Tâm,sv21138978@student.edu.vn,0983708601,STUDENT
21138979,123456,Võ Anh Kiệt,sv21138979@student.edu.vn,0924314433,STUDENT
21138980,123456,Mai Bảo Hiếu,sv21138980@student.edu.vn,0913041269,STUDENT
21138981,123456,Đặng Hữu Oanh,sv21138981@student.edu.vn,0971986772,STUDENT
21138982,123456,Đinh Đức Trí,sv21138982@student.edu.vn,0911504766,STUDENT
21138983,123456,Đỗ Thị Phong,sv21138983@student.edu.vn,0974060318,STUDENT
21138984,123456,Ngô Thu Toàn,sv21138984@student.edu.vn,0973392119,STUDENT
21138985,123456,Trần Kim Phát,sv21138985@student.edu.vn,0988681784,STUDENT
21138986,123456,Vũ Phương Minh,sv21138986@student.edu.vn,0989905694,STUDENT
21138987,123456,Tạ Đức Phát,sv21138987@student.edu.vn,0998161607,STUDENT
21138988,123456,Lê Kim Minh,sv21138988@student.edu.vn,0966785988,STUDENT
21138989,123456,Bùi Hữu Quân,sv21138989@student.edu.vn,0994087937,STUDENT
21138990,123456,Bùi Hải Yến,sv21138990@student.edu.vn,0979680527,STUDENT
21138991,123456,Hồ Thị Thành,sv21138991@student.edu.vn,0949611260,STUDENT
21138992,123456,Mai Hữu Giang,sv21138992@student.edu.vn,0972063088,STUDENT
21138993,123456,Dương Minh Kiệt,sv21138993@student.edu.vn,0985572575,STUDENT
21138994,123456,Dương Thiện Cường,sv21138994@student.edu.vn,0997126318,STUDENT
21138995,123456,Trần Minh Vinh,sv21138995@student.edu.vn,0945116193,STUDENT
21138996,123456,Đinh Duy Cường,sv21138996@student.edu.vn,0911844375,STUDENT
21138997,123456,Bùi Minh Nam,sv21138997@student.edu.vn,0963714855,STUDENT
21138998,123456,Phạm Gia Linh,sv21138998@student.edu.vn,0971648386,STUDENT
21138999,123456,Võ Hải Tâm,sv21138999@student.edu.vn,0923359142,STUDENT
21139000,123456,Trần Thanh Xuân,sv21139000@student.edu.vn,0926554517,STUDENT
21139001,123456,Cao Thu Khánh,sv21139001@student.edu.vn,0927908020,STUDENT
21139002,123456,Huỳnh Hải Rạng,sv21139002@student.edu.vn,0935150788,STUDENT
21139003,123456,Trần Tuấn Yến,sv21139003@student.edu.vn,0964116854,STUDENT
21139004,123456,Trần Quang Nhật,sv21139004@student.edu.vn,0949207239,STUDENT
21139005,123456,Trịnh Thanh An,sv21139005@student.edu.vn,0934580558,STUDENT
21139006,123456,Đinh Đức Hiếu,sv21139006@student.edu.vn,0936717391,STUDENT
21139007,123456,Mai Tuấn Bảo,sv21139007@student.edu.vn,0955023548,STUDENT
21139008,123456,Hà Hải Duy,sv21139008@student.edu.vn,0991378988,STUDENT
21139009,123456,Trịnh Anh Toàn,sv21139009@student.edu.vn,0936031782,STUDENT
21139010,123456,Trịnh Xuân Thảo,sv21139010@student.edu.vn,0994595817,STUDENT
21139011,123456,Võ Anh Long,sv21139011@student.edu.vn,0998300631,STUDENT
21139012,123456,Trịnh Văn Long,sv21139012@student.edu.vn,0948860279,STUDENT
21139013,123456,Lâm Anh Phát,sv21139013@student.edu.vn,0950917749,STUDENT
21139014,123456,Huỳnh Quốc Lan,sv21139014@student.edu.vn,0912951729,STUDENT
21139015,123456,Ngô Hữu Xuân,sv21139015@student.edu.vn,0960512722,STUDENT
21139016,123456,Trần Hữu Trung,sv21139016@student.edu.vn,0967909124,STUDENT
21139017,123456,Tạ Hoàng Đạt,sv21139017@student.edu.vn,0993712805,STUDENT
21139018,123456,Trịnh Tuấn Uyên,sv21139018@student.edu.vn,0915026148,STUDENT
21139019,123456,Phạm Quốc Nam,sv21139019@student.edu.vn,0977521374,STUDENT
21139020,123456,Huỳnh Thu Khoa,sv21139020@student.edu.vn,0932908867,STUDENT
21139021,123456,Nguyễn Tuấn Nam,sv21139021@student.edu.vn,0984171923,STUDENT
21139022,123456,Nguyễn Tuấn Hiếu,sv21139022@student.edu.vn,0930565702,STUDENT
21139023,123456,Lý Thu Hà,sv21139023@student.edu.vn,0933579388,STUDENT
21139024,123456,Mai Thu Lộc,sv21139024@student.edu.vn,0923806375,STUDENT
21139025,123456,Đặng Minh Bình,sv21139025@student.edu.vn,0982316674,STUDENT
21139026,123456,Huỳnh Thiện Hà,sv21139026@student.edu.vn,0971965208,STUDENT
21139027,123456,Lê Hoàng Bảo,sv21139027@student.edu.vn,0968815310,STUDENT
21139028,123456,Lý Kim Bảo,sv21139028@student.edu.vn,0913588520,STUDENT
21139029,123456,Đặng Anh Inh,sv21139029@student.edu.vn,0943266475,STUDENT
21139030,123456,Hà Thiện Quân,sv21139030@student.edu.vn,0919142702,STUDENT
21139031,123456,Dương Hữu Khánh,sv21139031@student.edu.vn,0911360841,STUDENT
21139032,123456,Lê Tuấn Khoa,sv21139032@student.edu.vn,0919577964,STUDENT
21139033,123456,Võ Tuấn Toàn,sv21139033@student.edu.vn,0993164738,STUDENT
21139034,123456,Lý Thu Oanh,sv21139034@student.edu.vn,0917355265,STUDENT
21139035,123456,Lê Hồng Nhật,sv21139035@student.edu.vn,0919231958,STUDENT
21139036,123456,Đỗ Gia Thảo,sv21139036@student.edu.vn,0946223028,STUDENT
21139037,123456,Đặng Minh Khoa,sv21139037@student.edu.vn,0976641746,STUDENT
21139038,123456,Đặng Quốc Tâm,sv21139038@student.edu.vn,0958556187,STUDENT
21139039,123456,Phạm Tuấn Duy,sv21139039@student.edu.vn,0930619454,STUDENT
21139040,123456,Mai Hồng Nam,sv21139040@student.edu.vn,0916013793,STUDENT
21139041,123456,Phan Hữu Minh,sv21139041@student.edu.vn,0923558347,STUDENT
21139042,123456,Cao Kim Khánh,sv21139042@student.edu.vn,0944823883,STUDENT
21139043,123456,Hoàng Thanh Toàn,sv21139043@student.edu.vn,0976504184,STUDENT
21139044,123456,Trịnh Trung Quân,sv21139044@student.edu.vn,0923745268,STUDENT
21139045,123456,Tạ Xuân Uyên,sv21139045@student.edu.vn,0942122621,STUDENT
21139046,123456,Đoàn Hữu Đạt,sv21139046@student.edu.vn,0968612208,STUDENT
21139047,123456,Lê Bảo Kiệt,sv21139047@student.edu.vn,0981009571,STUDENT
21139048,123456,Lý Gia Tùng,sv21139048@student.edu.vn,0945294286,STUDENT
21139049,123456,Hà Quang Bảo,sv21139049@student.edu.vn,0973802966,STUDENT
21139050,123456,Bùi Hữu Lộc,sv21139050@student.edu.vn,0925328996,STUDENT
21139051,123456,Mai Quang Hùng,sv21139051@student.edu.vn,0995906985,STUDENT
21139052,123456,Hồ Đức Trung,sv21139052@student.edu.vn,0941792120,STUDENT
21139053,123456,Lê Hải Vinh,sv21139053@student.edu.vn,0965611324,STUDENT
21139054,123456,Trịnh Tuấn Minh,sv21139054@student.edu.vn,0930393918,STUDENT
21139055,123456,Đặng Thị Yến,sv21139055@student.edu.vn,0934263052,STUDENT
21139056,123456,Đoàn Quốc Phát,sv21139056@student.edu.vn,0996844805,STUDENT
21139057,123456,Bùi Tuấn Uyên,sv21139057@student.edu.vn,0933054549,STUDENT
21139058,123456,Võ Trung Xuân,sv21139058@student.edu.vn,0924279703,STUDENT
21139059,123456,Huỳnh Nhật Bình,sv21139059@student.edu.vn,0958187117,STUDENT
21139060,123456,Đỗ Hồng Nhật,sv21139060@student.edu.vn,0918311934,STUDENT
21139061,123456,Vũ Trung Toàn,sv21139061@student.edu.vn,0961439881,STUDENT
21139062,123456,Bùi Xuân Toàn,sv21139062@student.edu.vn,0921745226,STUDENT
21139063,123456,Trịnh Minh Bảo,sv21139063@student.edu.vn,0959022435,STUDENT
21139064,123456,Lâm Hồng Linh,sv21139064@student.edu.vn,0918552612,STUDENT
21139065,123456,Vũ Thiện Huy,sv21139065@student.edu.vn,0988311040,STUDENT
21139066,123456,Hoàng Tuấn Khánh,sv21139066@student.edu.vn,0963655472,STUDENT
21139067,123456,Bùi Trung Linh,sv21139067@student.edu.vn,0939117631,STUDENT
21139068,123456,Ngô Quang Trung,sv21139068@student.edu.vn,0929771859,STUDENT
21139069,123456,Tạ Thị Minh,sv21139069@student.edu.vn,0920638893,STUDENT
21139070,123456,Bùi Đức Thành,sv21139070@student.edu.vn,0926220016,STUDENT
21139071,123456,Phan Đức Thảo,sv21139071@student.edu.vn,0956426110,STUDENT
21139072,123456,Hồ Phương Đạt,sv21139072@student.edu.vn,0969800080,STUDENT
21139073,123456,Hồ Trung An,sv21139073@student.edu.vn,0928079832,STUDENT
21139074,123456,Cao Thiện Hương,sv21139074@student.edu.vn,0976995530,STUDENT
21139075,123456,Hồ Hoàng Phát,sv21139075@student.edu.vn,0996517558,STUDENT
21139076,123456,Đặng Anh Trí,sv21139076@student.edu.vn,0911127510,STUDENT
21139077,123456,Bùi Phương Rạng,sv21139077@student.edu.vn,0922940694,STUDENT
21139078,123456,Đinh Thị Trinh,sv21139078@student.edu.vn,0966495985,STUDENT
21139079,123456,Hoàng Nhật Cường,sv21139079@student.edu.vn,0914162455,STUDENT
21139080,123456,Tạ Duy Hà,sv21139080@student.edu.vn,0998027230,STUDENT
21139081,123456,Dương Bảo Linh,sv21139081@student.edu.vn,0921191246,STUDENT
21139082,123456,Trịnh Hữu Trung,sv21139082@student.edu.vn,0939387136,STUDENT
21139083,123456,Trần Xuân Khánh,sv21139083@student.edu.vn,0979020263,STUDENT
21139084,123456,Trịnh Thu Tùng,sv21139084@student.edu.vn,0955931224,STUDENT
21139085,123456,Đỗ Phương Em,sv21139085@student.edu.vn,0937353895,STUDENT
21139086,123456,Dương Bảo Hà,sv21139086@student.edu.vn,0941957912,STUDENT
21139087,123456,Đoàn Duy Long,sv21139087@student.edu.vn,0950144997,STUDENT
21139088,123456,Hoàng Duy Yến,sv21139088@student.edu.vn,0941854921,STUDENT
21139089,123456,Phạm Gia Uyên,sv21139089@student.edu.vn,0968570164,STUDENT
21139090,123456,Đoàn Ngọc Inh,sv21139090@student.edu.vn,0969712339,STUDENT
21139091,123456,Ngô Tuấn Nga,sv21139091@student.edu.vn,0942188053,STUDENT
21139092,123456,Cao Gia Minh,sv21139092@student.edu.vn,0982956180,STUDENT
21139093,123456,Nguyễn Hữu Uyên,sv21139093@student.edu.vn,0956806949,STUDENT
21139094,123456,Dương Xuân Cường,sv21139094@student.edu.vn,0978833783,STUDENT
21139095,123456,Võ Thanh Trinh,sv21139095@student.edu.vn,0958089864,STUDENT
21139096,123456,Đỗ Thanh Uyên,sv21139096@student.edu.vn,0910133611,STUDENT
21139097,123456,Đinh Anh Em,sv21139097@student.edu.vn,0973693760,STUDENT
21139098,123456,Bùi Thu Lan,sv21139098@student.edu.vn,0964254779,STUDENT
21139099,123456,Trần Bảo Hương,sv21139099@student.edu.vn,0937804421,STUDENT
